Prev Close,Open,Low,Close,VWAP,Volume,Turnover,Deliverable Volume,%Deliverble,High
233.05,237.5,237.5,251.7,249.37,4456424,3.5068100364318675,1810434.0,0.4350394407345576,251.7
251.7,258.4,251.3,271.85,263.52,9487878,3.530837862615703,1810434.0,0.4350394407345576,271.85
271.85,256.65,256.65,282.5,274.79,26833684,3.562014663036403,1810434.0,0.4350394407345576,287.9
282.5,289.0,289.0,294.35,295.45,15682286,3.548739148936812,1810434.0,0.4350394407345576,300.7
294.35,295.0,293.0,314.55,308.91,19870977,3.556797108629792,1810434.0,0.4350394407345576,317.9
314.55,317.4,305.3,308.5,312.35,13417057,3.5458486866686334,1810434.0,0.4350394407345576,318.7
308.5,307.95,283.85,288.5,296.4,12544322,3.5423910189516548,1810434.0,0.4350394407345576,310.95
288.5,289.0,282.15,301.7,294.57,12109507,3.5411894122081646,1810434.0,0.4350394407345576,305.0
301.7,306.0,304.1,311.85,311.79,17076042,3.552728924955041,1810434.0,0.4350394407345576,316.4
311.85,309.5,309.5,316.3,316.17,13460592,3.54629268534382,1810434.0,0.4350394407345576,321.65
316.3,318.25,307.05,308.75,315.77,10729180,3.5396955243930743,1810434.0,0.4350394407345576,322.9
308.75,309.0,305.55,314.2,312.14,10083321,3.5375551873918294,1810434.0,0.4350394407345576,318.95
314.2,322.85,316.2,319.6,321.17,11481392,3.542151001713807,1810434.0,0.4350394407345576,324.9
319.6,320.0,310.55,312.85,318.95,15428711,3.5504702590789785,1810434.0,0.4350394407345576,324.9
312.85,312.7,312.0,326.35,322.05,17137072,3.553758132829053,1810434.0,0.4350394407345576,328.4
326.35,325.5,322.0,326.15,327.87,13163301,3.546696253302623,1810434.0,0.4350394407345576,331.85
326.15,325.05,318.25,319.95,321.77,9752949,3.537470528708648,1810434.0,0.4350394407345576,325.3
319.95,329.0,322.7,334.95,331.67,15014556,3.550811896604857,1810434.0,0.4350394407345576,336.8
334.95,335.9,331.6,338.35,337.97,11734252,3.5442554338035523,1810434.0,0.4350394407345576,341.9
338.35,334.45,326.55,328.15,331.46,10191331,3.539609937480513,1810434.0,0.4350394407345576,336.0
328.15,330.8,328.0,334.05,334.35,10707804,3.541295280099245,1810434.0,0.4350394407345576,337.45
334.05,342.9,338.55,340.15,343.07,9950848,3.539916521086477,1810434.0,0.4350394407345576,346.9
340.15,342.0,336.4,341.65,340.17,6771527,3.5284347807852665,1810434.0,0.4350394407345576,343.5
341.65,344.0,341.7,344.15,344.87,7106910,3.5302546774665866,1810434.0,0.4350394407345576,347.35
344.15,341.1,338.05,343.6,345.9,8193641,3.534501847846665,1810434.0,0.4350394407345576,349.45
343.6,345.5,341.05,342.4,344.0,6430661,3.5272470331626944,1810434.0,0.4350394407345576,346.9
342.4,349.0,344.8,350.4,350.02,11436821,3.544525638951725,1810434.0,0.4350394407345576,354.65
350.4,348.8,344.9,355.75,352.92,10792579,3.5430881445499347,1810434.0,0.4350394407345576,363.8
355.75,364.0,360.05,363.3,366.5,8155627,3.536052500831815,1810434.0,0.4350394407345576,374.0
363.3,359.0,350.0,352.1,355.41,5127399,3.5215340764319625,1810434.0,0.4350394407345576,360.9
352.1,352.0,342.05,344.35,348.97,8124337,3.5345118596332368,1810434.0,0.4350394407345576,354.4
344.35,350.0,343.1,348.15,348.91,7876392,3.5336025307601373,1810434.0,0.4350394407345576,353.8
348.15,347.7,347.5,354.55,353.61,7670820,3.533220614093505,1810434.0,0.4350394407345576,356.8
354.55,356.9,348.0,349.45,353.11,5030667,3.520779512711841,1810434.0,0.4350394407345576,357.95
349.45,348.4,341.65,345.65,347.65,2944404,3.504341551555382,1810434.0,0.4350394407345576,352.0
345.65,346.0,332.5,334.35,338.6,7192242,3.530066859051167,1810434.0,0.4350394407345576,347.0
334.35,344.7,327.3,329.8,336.8,4831725,3.518183839035113,1810434.0,0.4350394407345576,344.7
329.8,332.9,329.3,336.75,336.11,5663873,3.522824671098231,1810434.0,0.4350394407345576,340.7
336.75,341.4,326.1,328.6,334.39,3912097,3.5116888117127063,1810434.0,0.4350394407345576,342.9
328.6,324.85,310.0,333.1,326.95,5026004,3.5184730080199977,1810434.0,0.4350394407345576,337.25
333.1,337.9,306.45,310.85,330.53,9970107,3.5388912586496017,1810434.0,0.4350394407345576,342.85
310.85,315.0,299.0,316.8,313.87,10765888,3.539619015726331,1810434.0,0.4350394407345576,329.85
316.8,318.85,291.5,291.75,304.69,12536245,3.5431698667039595,1810434.0,0.4350394407345576,322.0
291.75,286.1,268.45,268.45,272.37,4636776,3.5106384782126616,1810434.0,0.4350394407345576,286.1
268.45,268.45,247.0,253.95,266.91,10430713,3.5339810785525247,1810434.0,0.4350394407345576,283.85
253.95,257.0,240.0,242.3,247.15,9560450,3.5291820815195374,1810434.0,0.4350394407345576,259.0
242.3,246.9,230.0,232.95,240.78,7256376,3.520289132703818,1810434.0,0.4350394407345576,250.5
232.95,235.9,224.15,231.3,232.51,5545792,3.511258992855916,1810434.0,0.4350394407345576,242.4
231.3,234.0,214.6,216.85,223.16,6597169,3.515209149353376,1810434.0,0.4350394407345576,234.8
216.85,219.9,200.3,203.2,217.37,10765401,3.5288970749052866,1810434.0,0.4350394407345576,229.5
203.2,205.5,197.15,219.2,212.29,10106318,3.526346839713671,1810434.0,0.4350394407345576,219.5
219.2,224.0,216.0,236.75,232.23,5711222,3.5121002375280024,1810434.0,0.4350394407345576,236.75
236.75,239.5,230.1,234.85,238.54,10564295,3.5310689526705787,1810434.0,0.4350394407345576,247.8
234.85,238.8,227.6,237.9,234.11,6838036,3.517696926063916,1810434.0,0.4350394407345576,242.8
237.9,245.0,241.2,243.4,244.58,4931613,3.5092634030330583,1810434.0,0.4350394407345576,248.5
243.4,245.25,238.55,240.95,241.32,4286132,3.504654119674168,1810434.0,0.4350394407345576,245.8
240.95,239.2,237.65,240.6,240.45,2637850,3.4898468994492142,1810434.0,0.4350394407345576,242.95
240.6,243.0,243.0,259.85,255.4,4141666,3.5053281315967832,1810434.0,0.4350394407345576,259.85
259.85,263.1,263.1,280.65,272.15,7026761,3.5229582747193464,1810434.0,0.4350394407345576,280.65
280.65,284.8,269.0,271.3,278.5,10277833,3.534790755454856,1810434.0,0.4350394407345576,289.9
271.3,269.0,258.3,293.0,278.4,17168324,3.549633164895482,1810434.0,0.4350394407345576,293.0
293.0,297.0,280.1,316.45,303.93,19704184,3.556092914673436,1810434.0,0.4350394407345576,316.45
316.45,327.65,318.1,328.6,325.8,21353020,3.5603613774005054,1810434.0,0.4350394407345576,333.7
328.6,326.0,302.35,302.35,310.24,13530488,3.54589577748762,1810434.0,0.4350394407345576,326.0
302.35,303.4,278.25,302.25,296.71,25186375,3.5623945154787644,1810434.0,0.4350394407345576,312.0
302.25,303.0,302.55,326.15,312.99,16239068,3.551398234560988,1810434.0,0.4350394407345576,326.45
326.15,329.8,329.8,352.25,347.35,11686144,3.5449277687555285,1810434.0,0.4350394407345576,352.25
352.25,369.9,359.5,364.55,369.31,22110719,3.5649064281378604,1810434.0,0.4350394407345576,380.0
364.55,358.0,346.5,353.75,353.38,9759550,3.540211716958161,1810434.0,0.4350394407345576,359.0
353.75,357.0,334.4,337.95,346.8,17263869,3.556084626781694,1810434.0,0.4350394407345576,360.0
337.95,331.1,310.95,310.95,311.28,225213,3.485733407347956,1810434.0,0.4350394407345576,331.1
310.95,286.1,286.1,298.4,293.04,15931668,3.548957382922464,1810434.0,0.4350394407345576,300.8
298.4,297.1,294.0,300.05,302.75,8775778,3.5326157904425592,1810434.0,0.4350394407345576,308.9
300.05,307.7,303.1,314.85,314.54,16293725,3.551636224539257,1810434.0,0.4350394407345576,324.05
314.85,313.0,309.25,337.75,323.07,19387991,3.5573731994135502,1810434.0,0.4350394407345576,340.05
337.75,346.0,323.0,336.95,348.95,17618258,3.556841626855178,1810434.0,0.4350394407345576,360.6
336.95,322.3,311.65,332.05,320.47,15809540,3.5513064463601083,1810434.0,0.4350394407345576,339.5
332.05,340.0,340.0,357.95,352.57,16998445,3.556114026164879,1810434.0,0.4350394407345576,358.65
357.95,360.8,338.3,345.65,352.56,29547592,3.571774010823456,1810434.0,0.4350394407345576,366.0
345.65,347.5,340.3,345.05,346.2,13426369,3.5488315137769195,1810434.0,0.4350394407345576,351.9
345.05,348.0,325.25,329.15,337.06,16424665,3.5538462164198346,1810434.0,0.4350394407345576,354.65
329.15,327.0,309.2,328.0,324.41,13760253,3.5476676150170547,1810434.0,0.4350394407345576,333.85
328.0,331.0,331.0,337.2,338.54,11327281,3.543283918977447,1810434.0,0.4350394407345576,342.95
337.2,338.5,328.1,335.35,335.31,11144621,3.5425364866483244,1810434.0,0.4350394407345576,341.55
335.35,331.0,322.3,324.0,328.5,5891336,3.523310024024322,1810434.0,0.4350394407345576,337.0
324.0,321.5,318.4,328.35,324.01,6136642,3.524107291372548,1810434.0,0.4350394407345576,331.85
328.35,330.0,323.3,325.25,329.48,6652614,3.526976881301778,1810434.0,0.4350394407345576,334.9
325.25,324.05,314.0,316.75,318.6,6428965,3.5249825252987312,1810434.0,0.4350394407345576,324.05
316.75,319.6,313.3,315.9,318.08,4135346,3.511853130071591,1810434.0,0.4350394407345576,322.5
315.9,312.05,306.5,319.5,315.42,5797353,3.521635586487636,1810434.0,0.4350394407345576,324.7
319.5,320.0,315.0,317.4,317.47,3133472,3.503481996816791,1810434.0,0.4350394407345576,321.9
317.4,320.9,316.25,318.85,324.18,7802567,3.531177785522781,1810434.0,0.4350394407345576,328.4
318.85,318.0,307.1,310.1,313.25,5382755,3.519236688252112,1810434.0,0.4350394407345576,319.75
310.1,308.0,307.25,315.6,313.99,7967132,3.5308540680928626,1810434.0,0.4350394407345576,319.05
315.6,313.0,309.0,312.45,313.49,3117749,3.502950910584873,1810434.0,0.4350394407345576,316.9
312.45,312.3,308.5,314.75,312.48,4169391,3.511567800080405,1810434.0,0.4350394407345576,316.0
314.75,313.65,310.0,312.75,314.43,4041968,3.5108270502157826,1810434.0,0.4350394407345576,317.9
312.75,312.3,311.1,312.8,314.91,2617268,3.497805742883941,1810434.0,0.4350394407345576,317.8
312.8,314.8,311.0,316.45,314.74,3504803,3.5065876906783497,1810434.0,0.4350394407345576,318.0
316.45,318.5,318.0,339.45,335.76,11805354,3.5442405476495216,1810434.0,0.4350394407345576,347.45
339.45,340.75,337.1,343.8,342.89,5690548,3.5235525989716194,1810434.0,0.4350394407345576,345.85
343.8,351.0,342.1,343.9,349.35,8452065,3.535696598306538,1810434.0,0.4350394407345576,356.8
343.9,342.1,336.15,339.2,341.39,5381385,3.521773922777814,1810434.0,0.4350394407345576,345.9
339.2,343.0,334.1,337.45,341.63,5846405,3.5242401472376383,1810434.0,0.4350394407345576,346.0
337.45,337.7,336.4,339.2,345.43,10843536,3.5426045817232863,1810434.0,0.4350394407345576,351.85
339.2,338.0,336.1,338.8,339.82,3919322,3.512225320040656,1810434.0,0.4350394407345576,342.85
338.8,339.9,336.25,337.95,340.29,3752088,3.510964475651398,1810434.0,0.4350394407345576,344.4
337.95,339.9,338.25,340.85,342.03,4600458,3.517185504155784,1810434.0,0.4350394407345576,345.0
340.85,341.9,339.05,341.2,346.03,12293372,3.546279101104897,1810434.0,0.4350394407345576,352.7
341.2,342.4,338.55,339.4,342.26,4122051,3.51394135130959,1810434.0,0.4350394407345576,345.7
339.4,339.0,337.05,338.5,341.51,6836937,3.528832899109221,1810434.0,0.4350394407345576,346.45
338.5,346.5,336.1,337.35,341.17,4483842,3.516348627534012,1810434.0,0.4350394407345576,346.5
337.35,341.0,327.5,331.45,331.65,6077043,3.524506991544311,1810434.0,0.4350394407345576,341.0
331.45,329.55,329.0,332.25,333.39,4558790,3.516155741695631,1810434.0,0.4350394407345576,335.85
332.25,333.75,330.2,331.35,333.15,3102806,3.5046365183947064,1810434.0,0.4350394407345576,336.0
331.35,333.5,328.55,330.3,330.6,4148234,3.5130972316068707,1810434.0,0.4350394407345576,334.0
330.3,334.0,328.25,329.15,331.52,2071279,3.4922650667254604,1810434.0,0.4350394407345576,334.0
329.15,330.35,323.25,345.0,337.43,19142742,3.558249964151889,1810434.0,0.4350394407345576,349.8
345.0,346.1,335.0,337.75,347.1,15997583,3.5539319899357587,1810434.0,0.4350394407345576,354.65
337.75,335.0,328.25,331.15,331.07,3465048,3.507761888026122,1810434.0,0.4350394407345576,335.6
331.15,331.35,330.1,334.5,335.92,7636206,3.5315881009640617,1810434.0,0.4350394407345576,339.9
334.5,335.0,332.5,333.75,334.78,1744726,3.4873296689189206,1810434.0,0.4350394407345576,336.95
333.75,335.35,334.9,342.25,340.45,7618018,3.531910151103696,1810434.0,0.4350394407345576,345.7
342.25,344.0,336.0,340.8,341.04,6345573,3.526601695402196,1810434.0,0.4350394407345576,344.7
340.8,338.0,338.0,348.15,348.06,9853239,3.540048991084091,1810434.0,0.4350394407345576,351.95
348.15,348.6,344.05,345.4,346.3,5380769,3.522191817539746,1810434.0,0.4350394407345576,349.6
345.4,349.0,346.6,354.15,355.11,13560315,3.549847197971454,1810434.0,0.4350394407345576,360.35
354.15,351.0,350.0,362.35,358.6,14329060,3.55171075360177,1810434.0,0.4350394407345576,364.9
362.35,364.4,360.0,361.2,362.88,7969212,3.5350901016477336,1810434.0,0.4350394407345576,365.9
361.2,363.0,358.65,368.5,365.52,9419083,3.5401620448848985,1810434.0,0.4350394407345576,371.0
368.5,369.9,366.55,375.95,373.27,12140871,3.548102091859197,1810434.0,0.4350394407345576,377.7
375.95,374.1,368.0,370.05,371.84,5052490,3.522434772128744,1810434.0,0.4350394407345576,375.75
370.05,370.8,363.0,365.75,369.18,5945560,3.5270181390469206,1810434.0,0.4350394407345576,373.8
365.75,366.25,359.6,361.2,365.75,6403575,3.528923506686275,1810434.0,0.4350394407345576,370.45
361.2,362.9,357.5,363.3,361.59,6151343,3.5274072440441016,1810434.0,0.4350394407345576,364.9
363.3,361.5,356.3,358.15,359.79,3720569,3.512376318147695,1810434.0,0.4350394407345576,363.0
358.15,358.5,352.5,354.1,356.96,4178056,3.515593909617593,1810434.0,0.4350394407345576,362.5
354.1,352.9,347.0,357.6,355.41,8901351,3.5377054414135904,1810434.0,0.4350394407345576,360.8
357.6,357.0,342.25,343.9,346.89,10264940,3.5411380239621324,1810434.0,0.4350394407345576,357.0
343.9,341.05,324.15,326.5,331.9,6016447,3.524233780652891,1810434.0,0.4350394407345576,341.05
326.5,322.55,320.2,333.9,328.9,6604953,3.5267138301728567,1810434.0,0.4350394407345576,336.45
333.9,339.0,324.0,325.6,330.55,3880880,3.511105344871468,1810434.0,0.4350394407345576,339.0
325.6,326.0,322.1,344.05,337.48,8614501,3.535244022234389,1810434.0,0.4350394407345576,350.8
344.05,348.0,339.2,340.45,342.96,5985200,3.525045965340344,1810434.0,0.4350394407345576,350.0
340.45,338.0,335.5,336.8,337.95,2006533,3.491882952620166,1810434.0,0.4350394407345576,340.9
336.8,336.0,335.6,338.5,338.82,3732876,3.510682234162225,1810434.0,0.4350394407345576,341.9
338.5,337.4,336.0,339.0,338.06,1456348,3.485733407347956,1810434.0,0.4350394407345576,339.7
339.0,339.8,336.3,337.65,340.66,3333675,3.5074591696839548,1810434.0,0.4350394407345576,343.75
337.65,338.5,329.15,330.1,333.03,3271743,3.506217625959613,1810434.0,0.4350394407345576,338.75
330.1,329.0,324.15,330.25,328.89,2471284,3.4973824575151484,1810434.0,0.4350394407345576,332.0
330.25,331.65,329.5,330.85,331.2,2252594,3.4947861758527723,1810434.0,0.4350394407345576,333.35
330.85,333.0,331.15,333.7,335.12,2395016,3.4970021335663817,1810434.0,0.4350394407345576,338.0
333.7,332.0,328.15,329.55,332.13,1700036,3.4862926235199976,1810434.0,0.4350394407345576,335.75
329.55,329.5,327.7,329.25,329.74,1951207,3.490281450082948,1810434.0,0.4350394407345576,332.0
329.25,329.0,322.3,329.35,326.59,2652282,3.4993083806206764,1810434.0,0.4350394407345576,331.85
329.35,331.9,330.25,337.4,336.76,4819689,3.518106686566956,1810434.0,0.4350394407345576,340.8
337.4,339.0,335.5,337.75,340.82,6151601,3.5256689278411946,1810434.0,0.4350394407345576,345.4
337.75,337.05,335.65,336.95,337.72,1834008,3.489121604392585,1810434.0,0.4350394407345576,339.85
336.95,336.2,335.1,336.5,337.22,1448300,3.485733407347956,1810434.0,0.4350394407345576,338.9
336.5,338.5,336.7,338.3,339.38,2848531,3.502620735410892,1810434.0,0.4350394407345576,342.25
338.3,341.7,338.55,339.55,342.65,5423766,3.522113983913037,1810434.0,0.4350394407345576,346.0
339.55,339.0,334.0,335.6,336.59,3300159,3.5067958216897885,1810434.0,0.4350394407345576,340.75
335.6,336.5,331.25,333.6,334.46,1655254,3.485733407347956,1810434.0,0.4350394407345576,338.4
333.6,333.5,331.6,332.2,333.18,1190817,3.485733407347956,1810434.0,0.4350394407345576,335.0
332.2,331.3,329.3,330.4,331.56,2165046,3.493615161335532,1810434.0,0.4350394407345576,334.5
330.4,334.75,331.6,336.9,335.71,3066115,3.504508268127512,1810434.0,0.4350394407345576,338.8
336.9,338.5,335.05,336.55,338.31,2740898,3.501365277840518,1810434.0,0.4350394407345576,340.8
336.55,338.9,338.25,353.9,349.84,7875701,3.5336773632958898,1810434.0,0.4350394407345576,356.75
353.9,357.0,352.25,355.75,355.55,3634270,3.5113215239682205,1810434.0,0.4350394407345576,359.6
355.75,356.0,352.0,363.6,361.2,9780431,3.540908492658464,1810434.0,0.4350394407345576,365.9
363.6,361.15,360.1,361.85,365.58,7549126,3.533725752463181,1810434.0,0.4350394407345576,370.9
361.85,362.0,361.05,370.9,367.9,5956473,3.526970205694769,1810434.0,0.4350394407345576,375.0
370.9,374.8,374.1,383.15,382.78,7055315,3.5330927560153325,1810434.0,0.4350394407345576,387.0
383.15,385.0,381.2,383.45,384.45,4331376,3.518866096342618,1810434.0,0.4350394407345576,389.8
383.45,385.95,372.0,375.5,378.23,5918549,3.5275956141089706,1810434.0,0.4350394407345576,385.95
375.5,376.05,372.7,375.7,376.72,4199710,3.517348024992296,1810434.0,0.4350394407345576,380.65
375.7,376.0,363.15,365.95,371.05,3798828,3.513915132816325,1810434.0,0.4350394407345576,377.15
365.95,363.0,343.15,346.2,352.9,5241140,3.521973508017304,1810434.0,0.4350394407345576,363.0
346.2,344.2,334.0,337.6,342.25,4866225,3.5188708039171464,1810434.0,0.4350394407345576,351.95
337.6,341.25,337.6,347.5,345.8,3828743,3.5120474155804966,1810434.0,0.4350394407345576,350.75
347.5,347.9,342.35,347.9,346.57,3454067,3.509037116464413,1810434.0,0.4350394407345576,350.0
347.9,347.0,335.95,338.35,341.13,4212265,3.514487481831539,1810434.0,0.4350394407345576,347.0
338.35,342.05,338.0,341.95,341.38,3466621,3.508694226787993,1810434.0,0.4350394407345576,346.0
341.95,344.0,338.05,341.3,340.45,2857067,3.502805883538556,1810434.0,0.4350394407345576,344.0
341.3,341.05,334.4,351.9,347.89,6614226,3.528403890162288,1810434.0,0.4350394407345576,354.7
351.9,355.0,343.5,345.6,347.87,4924399,3.519704801742628,1810434.0,0.4350394407345576,355.0
345.6,347.8,341.05,342.5,343.98,2713333,3.5015609599264144,1810434.0,0.4350394407345576,349.9
342.5,340.05,338.25,343.15,343.23,2996291,3.5044822639646047,1810434.0,0.4350394407345576,345.5
343.15,346.0,343.9,346.65,346.46,1814978,3.4895833204680606,1810434.0,0.4350394407345576,348.5
346.65,345.15,338.7,340.15,342.81,1717130,3.487567047149316,1810434.0,0.4350394407345576,347.3
340.15,338.05,336.55,340.4,339.63,2084877,3.4931988596575967,1810434.0,0.4350394407345576,341.8
340.4,341.0,339.05,340.45,342.5,2465985,3.498544500172517,1810434.0,0.4350394407345576,346.5
340.45,341.05,333.4,335.2,336.79,2142703,3.49377522297803,1810434.0,0.4350394407345576,341.5
335.2,333.0,327.6,330.3,330.89,1941301,3.490232492774591,1810434.0,0.4350394407345576,334.4
330.3,327.5,322.55,327.35,328.33,4932887,3.5180433903971746,1810434.0,0.4350394407345576,334.5
327.35,325.25,305.1,318.3,319.7,3820168,3.509636797718204,1810434.0,0.4350394407345576,325.25
318.3,321.0,305.25,310.3,317.97,4859355,3.5166462577875413,1810434.0,0.4350394407345576,334.4
310.3,305.15,297.25,301.95,303.54,5873954,3.520888995893376,1810434.0,0.4350394407345576,311.7
301.95,299.5,294.25,298.35,298.52,2711227,3.497255264985413,1810434.0,0.4350394407345576,302.5
298.35,296.8,287.0,303.15,297.3,5017513,3.51560019430153,1810434.0,0.4350394407345576,308.4
303.15,309.25,296.15,298.1,302.04,6294894,3.522787674599715,1810434.0,0.4350394407345576,313.5
298.1,298.0,283.35,285.85,287.73,3537551,3.5041716920357624,1810434.0,0.4350394407345576,298.0
285.85,286.0,284.5,292.7,290.69,4991911,3.5147788880905084,1810434.0,0.4350394407345576,294.7
292.7,294.0,293.3,305.05,301.84,5484325,3.518691098917591,1810434.0,0.4350394407345576,309.1
305.05,307.95,304.05,305.55,305.77,1351639,3.485733407347956,1810434.0,0.4350394407345576,310.0
305.55,306.95,300.1,302.95,304.31,3479544,3.505358556428649,1810434.0,0.4350394407345576,308.5
302.95,304.5,300.1,301.0,304.4,2922970,3.50011818511422,1810434.0,0.4350394407345576,309.4
301.0,300.05,294.3,302.15,299.12,3035468,3.500730273455356,1810434.0,0.4350394407345576,303.75
302.15,310.45,304.55,308.55,309.05,5175535,3.517672827752948,1810434.0,0.4350394407345576,312.8
308.55,308.9,308.9,315.7,313.67,5345328,3.5190691627426687,1810434.0,0.4350394407345576,318.0
315.7,318.4,314.8,315.65,317.59,4185175,3.5121642043682875,1810434.0,0.4350394407345576,320.75
315.65,316.95,312.0,312.7,316.35,3987985,3.510607022589038,1810434.0,0.4350394407345576,319.9
312.7,310.15,310.15,313.2,313.48,2597494,3.497438002439768,1810434.0,0.4350394407345576,315.25
313.2,316.7,315.0,318.45,319.16,5620668,3.5210697635612207,1810434.0,0.4350394407345576,322.4
318.45,317.5,316.0,319.15,320.12,3806455,3.5095678420525336,1810434.0,0.4350394407345576,322.7
319.15,318.45,310.25,311.15,314.6,3515717,3.506667807004787,1810434.0,0.4350394407345576,319.75
311.15,310.05,301.15,302.4,303.87,2333597,3.4932430568121497,1810434.0,0.4350394407345576,310.05
302.4,302.05,302.05,311.05,308.1,3676980,3.5073863417258297,1810434.0,0.4350394407345576,311.9
311.05,315.95,310.1,313.1,314.14,3060728,3.5024571459901126,1810434.0,0.4350394407345576,317.4
313.1,315.0,309.35,311.65,312.37,3259405,3.504180165181488,1810434.0,0.4350394407345576,315.4
311.65,311.0,307.5,310.85,309.67,3391993,3.5051179190243387,1810434.0,0.4350394407345576,311.45
310.85,310.55,309.05,310.2,310.88,1679820,3.485733407347956,1810434.0,0.4350394407345576,312.6
310.2,312.75,307.6,309.1,309.37,3751462,3.508110514732243,1810434.0,0.4350394407345576,312.75
309.1,310.0,307.6,308.15,309.23,1146693,3.485733407347956,1810434.0,0.4350394407345576,311.5
308.15,307.0,305.25,311.15,309.96,2550499,3.4965431884704503,1810434.0,0.4350394407345576,312.5
311.15,312.5,312.0,313.35,314.18,3370644,3.5053627901967785,1810434.0,0.4350394407345576,316.9
313.35,314.0,313.5,318.7,317.09,3079656,3.5029246178959497,1810434.0,0.4350394407345576,319.9
318.7,319.95,317.25,329.5,325.47,6766122,3.527114223260893,1810434.0,0.4350394407345576,330.25
329.5,328.0,324.0,327.2,328.51,5186104,3.5195429917117544,1810434.0,0.4350394407345576,332.4
327.2,327.0,325.5,328.15,327.88,3132332,3.5044411766230543,1810434.0,0.4350394407345576,330.25
328.15,327.0,324.5,328.1,327.56,3623292,3.5087802011930966,1810434.0,0.4350394407345576,330.25
328.1,328.9,328.9,332.6,333.05,4911907,3.518340001850468,1810434.0,0.4350394407345576,335.4
332.6,334.5,334.3,338.7,336.94,3777774,3.510872901794333,1810434.0,0.4350394407345576,339.8
338.7,344.7,336.6,337.25,339.18,3121812,3.5053581527450763,1810434.0,0.4350394407345576,344.7
337.25,336.4,335.75,337.55,338.22,2179581,3.494422214028745,1810434.0,0.4350394407345576,340.35
337.55,338.0,337.15,339.4,339.87,4262617,3.5147306433805694,1810434.0,0.4350394407345576,341.9
339.4,340.9,340.0,345.95,343.95,6063721,3.525514519545784,1810434.0,0.4350394407345576,346.95
345.95,347.0,343.5,344.3,344.99,2380095,3.497691587918317,1810434.0,0.4350394407345576,347.2
344.3,346.0,344.4,347.4,347.34,4074879,3.514037462492336,1810434.0,0.4350394407345576,349.55
347.4,347.9,345.0,346.3,349.68,6316696,3.527202634465908,1810434.0,0.4350394407345576,352.8
346.3,345.0,336.3,337.95,340.23,4013696,3.5129702335855466,1810434.0,0.4350394407345576,345.0
337.95,335.0,330.05,341.3,340.16,3808996,3.5114025072975585,1810434.0,0.4350394407345576,342.9
341.3,343.25,338.1,339.4,341.36,3520914,3.509157398964759,1810434.0,0.4350394407345576,344.6
339.4,345.0,337.4,341.85,340.19,2094053,3.493382362709986,1810434.0,0.4350394407345576,345.0
341.85,340.1,336.55,342.3,341.1,4246752,3.51472775273642,1810434.0,0.4350394407345576,344.95
342.3,344.5,337.25,338.2,341.84,3558819,3.5095196817041345,1810434.0,0.4350394407345576,347.0
338.2,337.05,326.55,328.0,330.74,3814774,3.5106095008853635,1810434.0,0.4350394407345576,341.9
328.0,326.0,324.0,333.05,330.39,4007710,3.512050470060784,1810434.0,0.4350394407345576,335.0
333.05,335.8,332.8,338.8,337.03,4042545,3.5129019930483247,1810434.0,0.4350394407345576,340.2
338.8,338.45,337.05,338.95,339.13,2686465,3.5008328969926747,1810434.0,0.4350394407345576,340.7
338.95,340.0,339.0,341.75,341.63,3008237,3.50446084418648,1810434.0,0.4350394407345576,343.65
341.75,340.35,340.25,354.3,349.24,6623970,3.5285608569493,1810434.0,0.4350394407345576,359.0
354.3,355.0,353.0,360.05,358.46,8844088,3.537765612077842,1810434.0,0.4350394407345576,361.7
360.05,359.1,356.2,357.8,360.88,5982701,3.526532878921776,1810434.0,0.4350394407345576,366.9
357.8,356.5,356.5,364.3,362.09,7460148,3.533099479324765,1810434.0,0.4350394407345576,366.8
364.3,362.5,357.25,360.2,363.53,6842731,3.53068923003759,1810434.0,0.4350394407345576,367.45
360.2,359.4,357.1,357.95,359.11,4513682,3.51806678923678,1810434.0,0.4350394407345576,361.8
357.95,358.55,349.15,351.7,354.17,4730779,3.5190484672492177,1810434.0,0.4350394407345576,361.45
351.7,352.5,351.0,355.8,354.04,4070774,3.514576275258539,1810434.0,0.4350394407345576,357.3
355.8,356.95,354.0,354.55,356.03,2402573,3.4989282186534614,1810434.0,0.4350394407345576,358.4
354.55,354.05,352.0,355.55,354.64,1977779,3.4929105531447,1810434.0,0.4350394407345576,356.5
355.55,355.55,355.55,368.4,364.53,10397087,3.542944972789946,1810434.0,0.4350394407345576,370.4
368.4,371.1,361.25,362.05,365.17,4164213,3.5161711832184097,1810434.0,0.4350394407345576,371.45
362.05,363.0,361.35,364.75,364.61,2730251,3.50350295590381,1810434.0,0.4350394407345576,366.5
364.75,365.1,365.1,369.1,370.07,6563871,3.529992563283288,1810434.0,0.4350394407345576,373.8
369.1,369.0,368.1,374.5,372.85,7587620,3.534449171641174,1810434.0,0.4350394407345576,375.9
374.5,374.75,374.75,381.65,380.72,8274005,3.537580616664901,1810434.0,0.4350394407345576,384.25
381.65,384.4,378.5,380.35,381.25,5461105,3.525464078813432,1810434.0,0.4350394407345576,384.5
380.35,381.5,376.65,381.7,381.03,4489764,3.519664730771228,1810434.0,0.4350394407345576,383.5
381.7,380.0,361.0,377.65,373.83,5074253,3.522719110142412,1810434.0,0.4350394407345576,380.0
377.65,378.55,378.55,389.65,386.48,10513293,3.544955808889085,1810434.0,0.4350394407345576,391.0
389.65,405.0,381.0,384.6,387.85,5900160,3.52824199542216,1810434.0,0.4350394407345576,405.0
384.6,383.5,372.7,386.15,381.88,12741600,3.5501463806943856,1810434.0,0.4350394407345576,388.6
386.15,384.5,383.95,394.5,392.66,10129102,3.5443387746905914,1810434.0,0.4350394407345576,395.9
394.5,393.1,390.25,399.15,396.72,10670248,3.5461376644970457,1810434.0,0.4350394407345576,400.5
399.15,400.0,396.25,397.85,399.39,6048694,3.529831458124089,1810434.0,0.4350394407345576,402.5
397.85,395.65,392.0,393.45,394.26,3637077,3.514425608378878,1810434.0,0.4350394407345576,397.95
393.45,391.2,390.5,395.95,395.2,4783393,3.522617420690396,1810434.0,0.4350394407345576,397.45
395.95,397.0,394.25,398.9,399.5,6970040,3.5339865920041,1810434.0,0.4350394407345576,402.0
398.9,396.25,395.25,400.55,402.88,6589212,3.5325913681736245,1810434.0,0.4350394407345576,406.4
400.55,402.0,397.5,410.05,404.23,8532878,3.540215695715889,1810434.0,0.4350394407345576,411.9
410.05,414.85,409.55,415.55,413.87,8956667,3.5423028423621856,1810434.0,0.4350394407345576,417.4
415.55,415.0,413.0,422.7,420.9,14706855,3.5570362094395422,1810434.0,0.4350394407345576,425.4
422.7,423.9,420.0,422.45,424.74,12684331,3.553067974179734,1810434.0,0.4350394407345576,429.35
422.45,423.0,418.5,425.35,423.14,6365686,3.533016836094246,1810434.0,0.4350394407345576,427.05
425.35,424.0,421.0,422.8,423.98,7155885,3.5364870978336733,1810434.0,0.4350394407345576,426.55
422.8,423.05,412.1,414.1,417.32,7890074,3.538867320542721,1810434.0,0.4350394407345576,424.85
414.1,413.0,408.6,414.65,413.64,7787291,3.5382285345856554,1810434.0,0.4350394407345576,419.0
414.65,415.05,409.6,411.3,415.08,7727518,3.538105740249589,1810434.0,0.4350394407345576,420.6
411.3,410.2,403.25,406.25,406.37,6221601,3.5311647998997446,1810434.0,0.4350394407345576,412.9
406.25,407.5,397.3,402.1,402.87,5610643,3.527880328547459,1810434.0,0.4350394407345576,409.25
402.1,402.0,400.65,414.1,413.89,11049522,3.548364687869478,1810434.0,0.4350394407345576,420.0
414.1,416.0,416.0,438.2,438.3,15937433,3.560477866736077,1810434.0,0.4350394407345576,446.0
438.2,440.0,415.15,419.1,436.74,13416273,3.555469304647535,1810434.0,0.4350394407345576,451.0
419.1,420.5,402.5,408.65,412.81,9439887,3.543748705833764,1810434.0,0.4350394407345576,425.0
408.65,412.0,398.6,412.0,408.4,7545003,3.5369384495833662,1810434.0,0.4350394407345576,424.7
412.0,413.45,409.05,413.4,415.52,4430539,3.5218352650938485,1810434.0,0.4350394407345576,420.15
413.4,411.1,398.65,409.5,406.87,3926498,3.517636314863494,1810434.0,0.4350394407345576,411.1
409.5,409.1,402.0,408.0,407.45,3671174,3.5156820738317967,1810434.0,0.4350394407345576,412.0
408.0,401.05,375.4,388.1,397.31,5264998,3.525602383279509,1810434.0,0.4350394407345576,418.5
388.1,389.0,385.15,399.4,396.07,3372451,3.5123116307881284,1810434.0,0.4350394407345576,404.9
399.4,393.0,388.1,397.25,396.47,2484258,3.5031824651662404,1810434.0,0.4350394407345576,401.45
397.25,394.0,379.1,384.0,390.92,3203308,3.510384240744503,1810434.0,0.4350394407345576,399.25
384.0,381.0,375.6,382.5,380.74,2258808,3.499091795081172,1810434.0,0.4350394407345576,388.0
382.5,384.0,370.5,373.35,376.4,1821965,3.4922254701241937,1810434.0,0.4350394407345576,384.75
373.35,376.5,365.25,401.3,389.12,3322003,3.511333219161908,1810434.0,0.4350394407345576,403.25
401.3,405.35,391.0,393.4,401.6,2868227,3.5078842882317445,1810434.0,0.4350394407345576,408.8
393.4,394.0,374.3,379.55,384.96,3543428,3.512937863505256,1810434.0,0.4350394407345576,400.65
379.55,380.0,376.1,384.2,383.11,1771673,3.491911497563772,1810434.0,0.4350394407345576,386.6
384.2,383.0,381.7,390.7,389.83,2935850,3.5076915981686643,1810434.0,0.4350394407345576,394.4
390.7,395.0,393.6,402.0,399.38,2667459,3.505541812216327,1810434.0,0.4350394407345576,405.0
402.0,401.25,394.0,396.45,399.47,3813078,3.516221753522709,1810434.0,0.4350394407345576,405.85
396.45,394.1,386.65,389.55,391.98,2456373,3.5024998843609225,1810434.0,0.4350394407345576,396.7
389.55,386.5,374.55,391.05,383.62,2789829,3.50567973308446,1810434.0,0.4350394407345576,393.8
391.05,390.0,386.0,390.85,392.13,1537797,3.488303907842781,1810434.0,0.4350394407345576,395.0
390.85,380.15,378.25,383.1,382.01,1451637,3.485739763086173,1810434.0,0.4350394407345576,387.7
383.1,383.0,381.0,382.75,386.76,1167280,3.485733407347956,1810434.0,0.4350394407345576,392.95
382.75,380.2,351.75,357.25,360.03,4892591,3.520530544873158,1810434.0,0.4350394407345576,383.7
357.25,355.2,326.3,328.6,338.71,3654586,3.5100383434926843,1810434.0,0.4350394407345576,355.2
328.6,330.0,306.65,324.25,321.91,5682346,3.52164541871518,1810434.0,0.4350394407345576,337.55
324.25,318.0,292.1,297.35,306.52,6499976,3.5241674298883425,1810434.0,0.4350394407345576,318.0
297.35,292.6,290.0,308.15,304.19,4508901,3.513100709647919,1810434.0,0.4350394407345576,313.0
308.15,307.0,306.0,315.2,315.42,3952056,3.510248716641434,1810434.0,0.4350394407345576,321.8
315.2,314.0,303.0,327.2,320.22,6574312,3.525790102136865,1810434.0,0.4350394407345576,329.9
327.2,329.95,329.95,369.75,356.27,10637686,3.542943764700723,1810434.0,0.4350394407345576,378.6
369.75,369.9,353.1,358.85,361.77,5761492,3.525497008864196,1810434.0,0.4350394407345576,374.9
358.85,355.0,350.75,354.1,357.31,3256283,3.50818542359097,1810434.0,0.4350394407345576,363.4
354.1,351.2,344.5,349.45,348.5,2665902,3.5014230547015925,1810434.0,0.4350394407345576,353.0
349.45,350.0,348.0,358.65,356.69,4960851,3.5206644724016445,1810434.0,0.4350394407345576,363.0
358.65,360.45,351.8,354.85,361.3,5102487,3.5218760519727805,1810434.0,0.4350394407345576,365.9
354.85,351.0,332.6,345.35,340.73,5167914,3.520520147261932,1810434.0,0.4350394407345576,351.0
345.35,348.7,334.0,342.5,344.6,3325738,3.507732637322189,1810434.0,0.4350394407345576,353.4
342.5,342.0,336.2,342.3,342.44,2262729,3.495935037079009,1810434.0,0.4350394407345576,346.5
342.3,341.0,339.65,343.95,343.47,2340189,3.4970454650258427,1810434.0,0.4350394407345576,348.8
343.95,343.15,341.0,343.7,343.8,1256387,3.485733407347956,1810434.0,0.4350394407345576,346.0
343.7,343.0,339.55,340.9,343.61,1124575,3.485733407347956,1810434.0,0.4350394407345576,347.4
340.9,340.5,340.05,346.1,345.25,2199889,3.495328163959959,1810434.0,0.4350394407345576,348.2
346.1,347.0,346.55,351.75,353.41,4449038,3.517164105327998,1810434.0,0.4350394407345576,357.8
351.75,351.9,350.6,355.15,354.23,2180184,3.495834272110504,1810434.0,0.4350394407345576,356.7
355.15,356.45,354.15,355.35,357.83,2230650,3.496834211134628,1810434.0,0.4350394407345576,361.3
355.35,355.0,354.65,359.8,358.59,1776515,3.489979051473593,1810434.0,0.4350394407345576,362.05
359.8,357.0,348.15,370.8,364.72,4649081,3.5194017180923587,1810434.0,0.4350394407345576,372.4
370.8,372.6,365.15,366.95,370.31,3317202,3.509809381525357,1810434.0,0.4350394407345576,374.8
366.95,368.9,368.9,382.55,378.32,5799635,3.527006910180484,1810434.0,0.4350394407345576,385.05
382.55,384.7,373.0,374.85,379.35,3017492,3.507696866770797,1810434.0,0.4350394407345576,384.85
374.85,372.0,371.6,376.65,378.11,2904191,3.5064511267166627,1810434.0,0.4350394407345576,381.5
376.65,377.85,375.7,377.45,378.79,2107258,3.496835113561015,1810434.0,0.4350394407345576,381.5
377.45,377.05,376.85,381.05,380.77,1885691,3.49362245066211,1810434.0,0.4350394407345576,383.25
381.05,381.0,381.0,392.9,389.25,6751945,3.5322985703995875,1810434.0,0.4350394407345576,394.4
392.9,393.95,391.05,393.55,394.9,4265228,3.519204309123397,1810434.0,0.4350394407345576,397.7
393.55,394.0,394.0,398.8,398.81,2605823,3.504796161834323,1810434.0,0.4350394407345576,401.9
398.8,399.0,397.0,403.4,401.29,3057001,3.5097691736546097,1810434.0,0.4350394407345576,406.95
403.4,406.0,389.95,391.55,399.33,3905928,3.516925575572267,1810434.0,0.4350394407345576,406.7
391.55,389.6,383.0,392.3,389.33,3062884,3.508922080920468,1810434.0,0.4350394407345576,393.8
392.3,393.25,378.1,380.25,385.18,3076039,3.5087290285075947,1810434.0,0.4350394407345576,394.25
380.25,382.0,371.25,374.75,375.65,2222897,3.498200619848612,1810434.0,0.4350394407345576,382.95
374.75,372.75,370.5,372.95,374.18,2025266,3.4952606796556114,1810434.0,0.4350394407345576,377.8
372.95,374.9,363.85,365.55,367.79,2829453,3.504836985301227,1810434.0,0.4350394407345576,376.0
365.55,367.0,357.15,364.2,363.39,3763376,3.5130134917733105,1810434.0,0.4350394407345576,367.45
364.2,365.0,364.35,370.4,370.04,3596200,3.512199513825,1810434.0,0.4350394407345576,373.45
370.4,370.0,366.1,370.7,369.49,2669682,3.503228076984044,1810434.0,0.4350394407345576,372.45
370.7,369.9,367.5,370.05,369.38,1379191,3.485733407347956,1810434.0,0.4350394407345576,371.3
370.05,371.0,370.05,375.4,374.76,2297910,3.4991320807025312,1810434.0,0.4350394407345576,376.9
375.4,373.85,362.1,363.9,369.96,4651293,3.519838365828772,1810434.0,0.4350394407345576,378.3
363.9,362.1,353.1,357.6,357.79,3391469,3.509442736138041,1810434.0,0.4350394407345576,362.1
357.6,355.1,339.1,340.6,343.41,3960505,3.5128502673037456,1810434.0,0.4350394407345576,357.0
340.6,340.0,339.65,346.85,345.43,2608036,3.500494094296962,1810434.0,0.4350394407345576,348.0
346.85,335.0,335.0,344.85,344.02,1863287,3.490168832424656,1810434.0,0.4350394407345576,351.0
344.85,344.75,340.0,341.1,344.36,3372739,3.508132335045774,1810434.0,0.4350394407345576,350.45
341.1,342.0,336.2,342.4,339.49,2226943,3.495188930067473,1810434.0,0.4350394407345576,343.8
342.4,340.7,335.55,341.45,340.44,1765526,3.488204523830899,1810434.0,0.4350394407345576,343.1
341.45,340.5,339.0,346.8,345.78,2028177,3.492906263007598,1810434.0,0.4350394407345576,348.85
346.8,346.0,342.8,358.1,354.32,3165398,3.5070850538212044,1810434.0,0.4350394407345576,359.9
358.1,358.0,356.5,362.3,362.51,2752289,3.503570842372228,1810434.0,0.4350394407345576,366.45
362.3,362.5,360.1,368.5,365.71,1923989,3.493006477213384,1810434.0,0.4350394407345576,373.45
368.5,370.8,352.3,358.65,367.07,1007720,3.485733407347956,1810434.0,0.4350394407345576,395.0
358.65,349.6,324.0,329.4,334.32,4698452,3.517134421669748,1810434.0,0.4350394407345576,352.0
329.4,323.0,322.0,326.2,326.86,2820881,3.5011940202192764,1810434.0,0.4350394407345576,331.5
326.2,332.0,328.05,331.75,333.17,2005530,3.4914343164668784,1810434.0,0.4350394407345576,336.4
331.75,324.0,321.0,325.7,325.89,1224736,3.485733407347956,1810434.0,0.4350394407345576,329.3
325.7,324.0,316.1,327.2,323.99,2564180,3.498044939663972,1810434.0,0.4350394407345576,330.0
327.2,331.5,327.0,333.7,331.6,1783315,3.48770682307665,1810434.0,0.4350394407345576,334.9
333.7,332.0,329.1,336.6,333.3,1143594,3.485733407347956,1810434.0,0.4350394407345576,340.75
336.6,338.5,337.2,340.2,340.32,1247953,3.485733407347956,1810434.0,0.4350394407345576,342.7
340.2,341.75,332.3,344.0,346.41,2040818,3.493150798607445,1810434.0,0.4350394407345576,350.75
344.0,338.9,330.0,332.0,336.37,1533243,3.485733407347956,1810434.0,0.4350394407345576,342.0
332.0,329.0,325.1,333.0,329.63,1155950,3.485733407347956,1810434.0,0.4350394407345576,336.4
333.0,334.05,325.0,326.75,329.72,1483925,3.485733407347956,1810434.0,0.4350394407345576,335.45
326.75,325.0,321.0,324.1,323.86,1207297,3.485733407347956,1810434.0,0.4350394407345576,326.45
324.1,326.0,310.5,313.9,318.3,1828817,3.48722547522585,1810434.0,0.4350394407345576,326.1
313.9,310.0,300.0,313.0,308.75,139127,3.485733407347956,1810434.0,0.4350394407345576,316.0
313.0,301.2,301.2,314.35,314.09,992324,3.485733407347956,1810434.0,0.4350394407345576,316.5
314.35,314.5,308.7,310.7,311.71,1224927,3.485733407347956,1810434.0,0.4350394407345576,315.45
310.7,308.0,302.8,304.85,306.09,2175744,3.491333342265446,1810434.0,0.4350394407345576,312.4
304.85,303.5,300.0,306.05,305.34,1281491,3.485733407347956,1810434.0,0.4350394407345576,307.95
306.05,305.45,303.3,312.85,310.97,1499863,3.485733407347956,1810434.0,0.4350394407345576,314.0
312.85,314.75,303.65,318.85,311.59,3962478,3.5099622629887683,1810434.0,0.4350394407345576,320.75
318.85,320.95,312.25,315.5,317.99,1875223,3.48796177012721,1810434.0,0.4350394407345576,322.25
315.5,314.0,309.55,317.8,314.6,1627268,3.485733407347956,1810434.0,0.4350394407345576,320.9
317.8,317.5,310.3,317.2,314.47,3430847,3.505921888180388,1810434.0,0.4350394407345576,321.1
317.2,317.0,315.25,323.2,321.34,1825026,3.487452728674705,1810434.0,0.4350394407345576,324.65
323.2,321.05,321.05,329.15,327.63,2348302,3.495719418894684,1810434.0,0.4350394407345576,330.0
329.15,324.9,322.55,328.45,327.79,1784988,3.4873813985930915,1810434.0,0.4350394407345576,331.0
328.45,326.0,325.0,335.8,331.66,2330234,3.495855968771757,1810434.0,0.4350394407345576,339.75
335.8,338.0,334.1,339.8,337.56,2537055,3.498964434480764,1810434.0,0.4350394407345576,341.45
339.8,339.5,324.6,326.55,331.13,1985420,3.490939464095544,1810434.0,0.4350394407345576,340.9
326.55,329.7,319.65,321.05,323.47,2950685,3.5022362231076056,1810434.0,0.4350394407345576,329.7
321.05,323.0,321.0,326.9,327.5,2878695,3.5018648268411483,1810434.0,0.4350394407345576,331.45
326.9,327.0,316.25,317.55,321.33,2705062,3.499412908124096,1810434.0,0.4350394407345576,328.8
317.55,315.0,314.55,317.85,318.06,1979019,3.489613324802808,1810434.0,0.4350394407345576,321.9
317.85,318.0,318.0,318.9,319.93,1852655,3.487776944474003,1810434.0,0.4350394407345576,322.7
318.9,319.9,316.1,317.0,319.38,1741427,3.485830352226788,1810434.0,0.4350394407345576,338.0
317.0,318.0,314.2,315.15,315.86,1494388,3.485733407347956,1810434.0,0.4350394407345576,318.25
315.15,318.0,313.1,315.3,317.1,1311019,3.485733407347956,1810434.0,0.4350394407345576,319.9
315.3,313.9,312.2,312.85,314.77,1031974,3.485733407347956,1810434.0,0.4350394407345576,317.7
312.85,312.0,311.9,318.4,318.26,3467938,3.5066035620174483,1810434.0,0.4350394407345576,320.25
318.4,317.25,315.0,319.1,317.59,1979924,3.4895827138661,1810434.0,0.4350394407345576,321.4
319.1,318.4,309.55,311.15,314.22,2813082,3.499920561520696,1810434.0,0.4350394407345576,319.0
311.15,311.0,311.0,312.7,312.91,1154757,3.485733407347956,1810434.0,0.4350394407345576,315.0
312.7,312.9,308.65,314.35,312.68,1597075,3.485733407347956,1810434.0,0.4350394407345576,316.4
314.35,313.0,309.8,311.15,313.03,842904,3.485733407347956,1810434.0,0.4350394407345576,316.0
311.15,318.0,309.5,311.6,312.55,1211579,3.485733407347956,1810434.0,0.4350394407345576,318.0
311.6,313.7,306.05,307.7,308.18,1461504,3.485733407347956,1810434.0,0.4350394407345576,313.7
307.7,307.0,303.25,304.15,305.55,903087,3.485733407347956,1810434.0,0.4350394407345576,309.4
304.15,305.5,303.0,305.05,304.63,1047783,3.485733407347956,1810434.0,0.4350394407345576,307.0
305.05,295.0,276.05,297.9,293.58,2483919,3.494093134415142,1810434.0,0.4350394407345576,301.5
297.9,300.0,288.05,290.3,292.91,1442511,3.485733407347956,1810434.0,0.4350394407345576,303.0
290.3,291.7,261.3,261.3,272.15,2255672,3.488848867076827,1810434.0,0.4350394407345576,291.7
261.3,252.25,241.0,262.65,255.73,7144868,3.521613124927189,1810434.0,0.4350394407345576,265.5
262.65,260.0,250.0,253.15,262.13,6214991,3.518216945774736,1810434.0,0.4350394407345576,278.5
253.15,260.0,243.15,246.9,251.28,3856295,3.5026918112647545,1810434.0,0.4350394407345576,261.5
246.9,241.9,231.8,239.9,238.35,4366253,3.5048383523624413,1810434.0,0.4350394407345576,245.5
239.9,233.65,215.95,216.65,225.45,5247232,3.508682418565736,1810434.0,0.4350394407345576,234.0
216.65,217.5,214.6,221.15,220.08,7276553,3.517707936579616,1810434.0,0.4350394407345576,226.85
221.15,225.1,203.6,206.6,216.93,7120552,3.516636704630363,1810434.0,0.4350394407345576,229.0
206.6,209.9,209.9,227.15,220.74,6554659,3.5146932773283743,1810434.0,0.4350394407345576,227.3
227.15,214.95,214.95,241.7,238.26,9596340,3.5282175790984023,1810434.0,0.4350394407345576,244.8
241.7,244.0,238.5,264.6,255.16,10410047,3.532608818847592,1810434.0,0.4350394407345576,265.9
264.6,264.0,253.3,259.55,261.69,14585462,3.543148500932656,1810434.0,0.4350394407345576,271.5
259.55,261.0,242.1,246.6,253.46,7136734,3.5213151296484444,1810434.0,0.4350394407345576,261.9
246.6,249.05,243.55,249.45,249.09,10646039,3.532560272529432,1810434.0,0.4350394407345576,255.8
249.45,249.0,243.6,250.65,247.27,5101125,3.510601090282298,1810434.0,0.4350394407345576,257.0
250.65,242.0,240.5,252.35,250.7,7420721,3.5221445374240368,1810434.0,0.4350394407345576,255.95
252.35,255.0,249.2,253.1,252.12,7396572,3.5222159770402737,1810434.0,0.4350394407345576,257.8
253.1,252.0,252.0,258.15,258.67,6465289,3.5189936947474325,1810434.0,0.4350394407345576,263.8
258.15,260.0,260.0,265.4,264.8,5676629,3.5158278041524573,1810434.0,0.4350394407345576,268.7
265.4,267.15,265.1,267.05,268.92,6271626,3.519243883111074,1810434.0,0.4350394407345576,272.8
267.05,265.6,263.0,273.6,270.31,4737266,3.511051764794124,1810434.0,0.4350394407345576,276.7
273.6,274.9,271.65,273.6,273.81,3240179,3.5000316792230537,1810434.0,0.4350394407345576,276.9
273.6,275.0,273.0,284.55,283.24,4263961,3.509301864793297,1810434.0,0.4350394407345576,286.7
284.55,279.7,274.1,275.95,276.5,3020937,3.498209499378935,1810434.0,0.4350394407345576,280.5
275.95,275.5,273.5,276.5,276.05,2778606,3.495627054961025,1810434.0,0.4350394407345576,278.5
276.5,276.75,270.0,272.8,277.6,3013785,3.498257496315597,1810434.0,0.4350394407345576,283.4
272.8,276.7,273.25,274.9,275.08,1895548,3.485733407347956,1810434.0,0.4350394407345576,277.65
274.9,278.0,264.6,265.95,268.64,3420857,3.501093763739201,1810434.0,0.4350394407345576,278.0
265.95,269.0,261.75,263.9,265.86,1980720,3.485733407347956,1810434.0,0.4350394407345576,269.5
263.9,266.0,257.1,260.45,265.16,2178728,3.486992785369156,1810434.0,0.4350394407345576,270.4
260.45,256.0,251.15,252.55,254.31,2477835,3.489647299739624,1810434.0,0.4350394407345576,257.7
252.55,254.0,248.25,254.4,253.84,7666865,3.5234755294416416,1810434.0,0.4350394407345576,258.45
254.4,257.0,255.25,260.7,259.47,3906455,3.504046076156449,1810434.0,0.4350394407345576,262.9
260.7,260.5,260.05,262.95,265.68,3162238,3.498384498523148,1810434.0,0.4350394407345576,269.0
262.95,263.4,257.25,261.5,260.11,2452036,3.490016086261385,1810434.0,0.4350394407345576,263.4
261.5,265.0,258.75,262.5,263.07,2407302,3.489798556776269,1810434.0,0.4350394407345576,267.0
262.5,265.5,256.3,259.1,261.88,1591291,3.485733407347956,1810434.0,0.4350394407345576,266.5
259.1,259.0,251.85,260.7,257.91,2968794,3.4955735981700338,1810434.0,0.4350394407345576,262.45
260.7,263.5,260.3,264.05,263.93,2471591,3.490701820055248,1810434.0,0.4350394407345576,266.45
264.05,264.9,263.3,266.2,267.11,1982073,3.485733407347956,1810434.0,0.4350394407345576,269.4
266.2,266.0,263.3,268.45,266.97,2293943,3.488775681399245,1810434.0,0.4350394407345576,269.5
268.45,271.9,271.15,273.2,272.64,880830,3.485733407347956,1810434.0,0.4350394407345576,274.75
273.2,273.0,272.0,278.05,276.1,2236477,3.4890278439686337,1810434.0,0.4350394407345576,279.7
278.05,284.1,284.1,305.25,299.28,5072690,3.5161222478683234,1810434.0,0.4350394407345576,305.9
305.25,310.0,288.0,291.05,297.81,3166328,3.5018710112523115,1810434.0,0.4350394407345576,311.0
291.05,292.0,287.5,294.4,296.55,2899237,3.4990832859616536,1810434.0,0.4350394407345576,302.25
294.4,295.0,290.1,291.9,294.06,2249544,3.491127957270157,1810434.0,0.4350394407345576,298.4
291.9,292.0,284.75,291.9,290.76,2574077,3.49488314738286,1810434.0,0.4350394407345576,296.5
291.9,295.7,294.25,298.6,298.91,2619888,3.4962559498191434,1810434.0,0.4350394407345576,301.7
298.6,302.0,290.8,293.2,299.33,1982779,3.4878181936067367,1810434.0,0.4350394407345576,304.9
293.2,293.2,285.3,290.55,289.62,2312724,3.491507745672872,1810434.0,0.4350394407345576,294.25
290.55,290.0,286.0,289.95,289.26,1742425,3.485733407347956,1810434.0,0.4350394407345576,291.8
289.95,291.1,286.0,290.45,290.3,1912965,3.485783623131079,1810434.0,0.4350394407345576,293.7
290.45,292.0,291.0,298.5,297.74,2459911,3.4942260355000543,1810434.0,0.4350394407345576,301.0
298.5,305.15,304.0,313.3,308.76,3263776,3.5038705908362533,1810434.0,0.4350394407345576,315.8
313.3,320.0,306.1,309.95,315.04,3474221,3.506353003273246,1810434.0,0.4350394407345576,324.5
309.95,310.0,310.0,312.0,312.77,2170654,3.4919188592141883,1810434.0,0.4350394407345576,315.8
312.0,311.0,311.0,315.05,315.55,1468582,3.485733407347956,1810434.0,0.4350394407345576,319.95
315.05,315.0,309.05,310.45,313.46,1647077,3.485733407347956,1810434.0,0.4350394407345576,317.85
310.45,313.0,309.1,311.0,311.53,1824971,3.4865031853677366,1810434.0,0.4350394407345576,319.9
311.0,312.75,295.65,311.0,311.02,4118449,3.5110605844917497,1810434.0,0.4350394407345576,319.0
311.0,311.0,305.25,310.3,309.52,1338554,3.485733407347956,1810434.0,0.4350394407345576,312.0
310.3,310.0,302.6,309.15,307.08,1545851,3.485733407347956,1810434.0,0.4350394407345576,314.55
309.15,313.9,307.0,308.7,309.39,2548940,3.4964684465190743,1810434.0,0.4350394407345576,313.9
308.7,308.5,302.6,310.3,307.24,1761020,3.485733407347956,1810434.0,0.4350394407345576,312.0
310.3,305.0,305.0,310.35,308.68,1007333,3.485733407347956,1810434.0,0.4350394407345576,311.5
310.35,306.0,305.0,310.7,308.92,990393,3.485733407347956,1810434.0,0.4350394407345576,312.4
310.7,309.9,303.4,306.8,309.29,665579,3.485733407347956,1810434.0,0.4350394407345576,313.0
306.8,305.0,298.2,302.25,303.09,2556014,3.495929158312708,1810434.0,0.4350394407345576,306.45
302.25,300.0,289.2,301.9,295.26,2118135,3.489416689252276,1810434.0,0.4350394407345576,304.9
301.9,304.0,298.6,306.2,303.84,1160420,3.485733407347956,1810434.0,0.4350394407345576,308.85
306.2,304.9,302.6,305.0,305.88,688738,3.485733407347956,221385.0,0.3214,308.9
305.0,304.05,301.0,303.6,303.67,684042,3.485733407347956,197833.0,0.2892,306.0
303.6,305.0,295.25,296.45,299.28,1578252,3.485733407347956,577718.0,0.366,306.95
296.45,301.0,298.0,321.05,313.19,4477725,3.513762535692795,1583407.0,0.3536,325.75
321.05,319.0,317.3,320.0,324.03,3036656,3.503153420990828,537202.0,0.1769,330.55
320.0,321.05,315.6,317.85,320.32,1644880,3.485733407347956,322665.0,0.1962,325.0
317.85,320.0,316.1,328.35,328.4,6239242,3.5249929565361566,1507053.0,0.2415,335.5
328.35,330.1,321.6,324.65,328.9,2451508,3.497140160572149,815235.0,0.3325,334.65
324.65,327.0,318.05,326.8,329.07,3018935,3.503441312188261,1081404.0,0.3582,335.0
326.8,331.0,322.25,325.7,333.0,4686848,3.516943960262916,1231808.0,0.2628,344.0
325.7,324.9,320.35,322.75,324.11,1655750,3.485733407347956,450961.0,0.2724,328.9
322.75,325.1,316.1,320.25,320.59,1298119,3.485733407347956,282475.0,0.2176,326.5
320.25,317.0,315.55,318.7,319.66,1953116,3.489364231692888,869775.0,0.4453,322.95
318.7,329.9,308.5,311.6,317.22,2320552,3.4943789997366603,1073069.0,0.4624,329.9
311.6,313.0,311.0,312.4,313.57,1061274,3.485733407347956,341813.0,0.3221,315.7
312.4,312.0,309.05,312.6,314.7,1959952,3.488993788824283,321215.0,0.1639,318.8
312.6,312.0,310.75,314.65,314.64,1175520,3.485733407347956,450371.0,0.3831,316.9
314.65,315.5,311.5,313.55,313.57,841987,3.485733407347956,353061.0,0.4193,317.0
313.55,314.95,312.0,314.8,314.3,611098,3.485733407347956,229021.0,0.3747999999999999,315.0
314.8,316.0,312.65,314.45,318.48,2349800,3.4948800634130297,742140.0,0.3157999999999999,324.0
314.45,316.0,313.9,316.6,315.96,1500965,3.485733407347956,482910.0,0.3217,318.45
316.6,314.9,309.2,314.05,312.91,1422524,3.485733407347956,419752.0,0.2951,318.0
314.05,321.0,297.6,300.1,307.05,6775563,3.525441088852971,1855958.0,0.2739,321.0
300.1,300.65,298.1,300.65,302.23,4465761,3.512621407064278,1508107.0,0.3377,305.4
300.65,306.5,296.65,302.8,300.52,1917274,3.486911967912213,478468.0,0.2496,306.5
302.8,298.0,292.1,293.9,296.45,3275195,3.502751128156426,1321473.0,0.4035,302.0
293.9,295.0,290.35,291.7,292.72,4391361,3.5111659831760806,2213235.0,0.504,297.5
291.7,292.0,291.95,307.95,307.89,8115843,3.530821118879044,2047602.0,0.2523,317.9
307.95,308.0,306.2,311.2,310.66,4273563,3.512130079797116,1383736.0,0.3238,314.5
311.2,314.0,307.1,308.6,311.3,2429376,3.495198082141082,1130338.0,0.4653,317.0
308.6,310.0,307.7,309.2,310.88,2890325,3.500415011751346,1468362.0,0.508,314.5
309.2,310.0,309.25,310.0,311.26,3385204,3.505211379908128,1962158.0,0.5796,313.0
310.0,312.4,310.1,311.55,312.29,2006829,3.489480702253865,974376.0,0.4855,316.4
311.55,313.0,311.15,315.6,315.8,4975464,3.517143817723905,1612251.0,0.324,319.8
315.6,318.0,316.3,318.75,319.01,3554275,3.50741165168749,1332143.0,0.3747999999999999,321.8
318.75,320.2,318.5,320.85,320.36,2857535,3.50097726235913,1098464.0,0.3843999999999999,323.0
320.85,317.5,313.15,317.05,316.49,1847756,3.4873661798667834,1810434.0,0.4350394407345576,318.45
317.05,318.4,312.5,314.4,316.63,1412393,3.485733407347956,572657.0,0.4054999999999999,321.0
314.4,313.0,312.6,314.9,314.31,833250,3.485733407347956,291260.0,0.3495,315.35
314.9,315.2,313.0,314.7,315.06,864010,3.485733407347956,383949.0,0.4443999999999999,316.75
314.7,317.4,315.6,321.35,319.9,2888459,3.5012591799689736,949155.0,0.3286,324.0
321.35,324.0,318.25,325.75,325.78,7214216,3.529025264694324,1921356.0,0.2663,330.25
325.75,326.8,305.05,307.85,317.37,5975319,3.5227109737021323,1521023.0,0.2546,329.35
307.85,308.0,305.25,322.3,319.5,4515666,3.514608145124679,1683678.0,0.3729,324.7
322.3,334.0,312.0,313.65,322.69,11341344,3.541932046490824,3441343.0,0.3034,340.0
313.65,319.0,312.1,313.75,315.23,4373528,3.513254598239383,1306142.0,0.2986,319.4
313.75,308.0,306.4,307.65,309.99,3332257,3.50461477295269,822189.0,0.2467,321.5
307.65,310.0,306.65,311.3,310.1,2191214,3.491945404339049,541222.0,0.247,312.4
311.3,311.9,305.65,306.95,309.06,1823928,3.486241674694346,627249.0,0.3439,314.5
306.95,309.45,297.05,298.45,301.49,3978581,3.509097191548837,1810434.0,0.4350394407345576,309.45
298.45,298.9,291.5,292.25,294.42,2613070,3.49571837139468,1975227.0,0.2997,299.45
292.25,293.0,292.0,293.65,295.51,2769786,3.4975946720050084,794826.0,0.287,298.6
293.65,297.05,294.3,297.5,296.72,1581664,3.485733407347956,352191.0,0.2227,298.4
297.5,298.25,298.25,308.05,304.84,4210330,3.5111203815758016,1519584.0,0.3609,309.45
308.05,310.7,305.1,306.7,309.05,2059788,3.489956734981837,708243.0,0.3438,312.8
306.7,307.0,298.25,299.6,302.2,1633645,3.485733407347956,637407.0,0.3902,307.7
299.6,301.0,298.5,303.75,302.07,2361710,3.4934264099268044,567344.0,0.2402,304.85
303.75,302.0,301.1,303.55,302.95,1151936,3.485733407347956,371601.0,0.3226,304.65
303.55,299.9,297.1,303.8,301.02,1913748,3.4869059475853126,643929.0,0.3364999999999999,304.6
303.8,302.4,298.8,300.0,300.08,1259479,3.485733407347956,689173.0,0.5472,302.5
300.0,302.9,294.85,300.1,298.89,2345581,3.492896528092832,816207.0,0.348,303.4
300.1,301.0,297.55,300.3,300.7,3009655,3.500632047655362,1458332.0,0.4846,303.25
300.3,301.65,299.3,302.15,303.88,2517677,3.4955493644813616,491139.0,0.1951,308.3
302.15,300.5,300.5,303.55,303.01,1501937,3.485733407347956,747307.0,0.4976,304.25
303.55,303.45,297.55,298.95,300.32,1054076,3.485733407347956,397510.0,0.3771,303.45
298.95,300.5,300.5,305.35,307.8,9876960,3.5365466600045776,2488397.0,0.2519,319.9
305.35,306.25,305.0,305.7,307.8,3322935,3.5043174461485425,763802.0,0.2299,311.0
305.7,307.25,302.05,303.0,304.92,1721676,3.485733407347956,691881.0,0.4019,308.2
303.0,303.5,299.2,300.15,301.27,1413186,3.485733407347956,399971.0,0.283,304.15
300.15,300.0,294.4,296.25,296.97,2669631,3.4966284893902424,1145451.0,0.4291,302.2
296.25,298.15,295.3,296.55,298.11,807700,3.485733407347956,211176.0,0.2615,300.45
296.55,296.85,295.55,298.25,297.67,1022282,3.485733407347956,320107.0,0.3131,299.8
298.25,298.0,293.35,294.45,296.4,648078,3.485733407347956,221157.0,0.3413,299.85
294.45,294.0,287.35,289.05,291.52,1507968,3.485733407347956,1810434.0,0.4350394407345576,295.35
289.05,291.85,288.65,290.05,290.29,938150,3.485733407347956,320583.0,0.3417,292.4
290.05,292.0,291.0,292.35,293.5,1930976,3.486406576581419,713826.0,0.3697,295.75
292.35,292.55,282.25,284.7,288.34,1922269,3.485733407347956,949819.0,0.4941,299.0
284.7,285.0,280.25,287.25,285.32,1757052,3.485733407347956,544540.0,0.3099,289.45
287.25,288.2,286.15,291.2,291.16,3663176,3.505576243280753,829491.0,0.2264,294.6
291.2,293.0,289.0,289.65,291.83,1200688,3.485733407347956,1810434.0,0.4350394407345576,319.8
289.65,290.5,285.2,287.0,288.0,1689884,3.485733407347956,1168932.0,0.4044,290.9
287.0,287.5,285.6,288.5,288.54,1129707,3.485733407347956,370781.0,0.3282,290.9
288.5,289.0,272.65,275.3,277.46,4719600,3.5117198171523656,1451904.0,0.3076,289.0
275.3,275.0,273.55,278.35,277.45,1688485,3.485733407347956,1810434.0,0.4350394407345576,279.7
278.35,283.95,281.5,284.35,283.4,1310034,3.485733407347956,507743.0,0.3876,286.0
284.35,285.0,284.7,287.85,287.34,1732728,3.485733407347956,502128.0,0.2898,289.95
287.85,288.05,287.65,289.7,289.28,1357613,3.485733407347956,704931.0,0.5192,291.0
289.7,289.0,287.15,293.15,291.5,1204058,3.485733407347956,392358.0,0.3259,294.3
293.15,294.0,288.6,289.95,292.04,1764537,3.485733407347956,537954.0,0.3049,295.4
289.95,292.5,289.25,291.45,291.04,1212407,3.485733407347956,553222.0,0.4563,294.75
291.45,291.6,285.1,288.05,288.19,1315200,3.485733407347956,518905.0,0.3945,292.3
288.05,290.0,285.3,286.0,287.37,852981,3.485733407347956,452882.0,0.5309,290.0
286.0,287.8,283.0,283.7,284.49,901414,3.485733407347956,420702.0,0.4667,288.9
283.7,284.7,280.2,282.9,283.04,1085180,3.485733407347956,422197.0,0.3891,287.0
282.9,284.0,275.15,277.9,278.95,1334319,3.485733407347956,573431.0,0.4297999999999999,284.3
277.9,279.0,275.6,280.8,281.46,2884504,3.497349046177101,660273.0,0.2289,287.45
280.8,289.7,272.5,276.2,279.65,2433608,3.491993232820031,703581.0,0.2891,289.8
276.2,272.6,248.6,262.25,260.74,5668316,3.515325316414759,1687932.0,0.2978,273.35
262.25,261.45,255.0,258.75,258.48,2119125,3.485733407347956,527671.0,0.249,262.5
258.75,258.0,250.7,254.05,254.24,2037466,3.485733407347956,517693.0,0.2541,259.8
254.05,260.3,260.3,270.6,266.64,3191087,3.498768344764976,871842.0,0.2732,274.0
270.6,274.7,265.1,269.35,269.43,1792360,3.485733407347956,393840.0,0.2197,274.7
269.35,267.8,258.1,260.0,261.8,2367956,3.489148402960844,1082679.0,0.4572,267.8
260.0,275.0,257.25,265.3,263.16,1763694,3.485733407347956,1810434.0,0.4350394407345576,275.0
265.3,260.35,260.35,261.45,264.91,2171241,3.486859076956345,1810434.0,0.4350394407345576,269.65
261.45,262.9,255.7,263.5,260.19,2155713,3.486089155012212,1810434.0,0.4350394407345576,266.0
263.5,267.55,262.2,270.35,268.18,2655047,3.493368553336688,554715.0,0.2089,271.95
270.35,270.5,268.1,273.0,273.03,2121095,3.487067832592754,334767.0,0.1578,274.9
273.0,273.0,272.0,274.4,274.33,1892112,3.485733407347956,646327.0,0.3415999999999999,277.5
274.4,275.0,270.4,275.25,273.69,1813422,3.485733407347956,681801.0,0.376,277.0
275.25,274.0,271.25,274.75,273.53,1637171,3.485733407347956,593905.0,0.3628,275.95
274.75,277.1,277.1,283.9,281.68,1902815,3.485733407347956,488150.0,0.2565,285.0
283.9,288.0,286.65,289.2,289.06,2227622,3.4903072266824617,731174.0,0.3282,291.4
289.2,288.45,284.4,286.3,286.47,1101660,3.485733407347956,328367.0,0.2981,288.45
286.3,287.0,284.0,284.55,285.72,830285,3.485733407347956,320672.0,0.3862,288.95
284.55,283.9,279.4,281.85,281.6,1292335,3.485733407347956,458598.0,0.3549,284.0
281.85,285.9,282.5,284.9,284.2,789432,3.485733407347956,230973.0,0.2926,285.9
284.9,286.0,282.3,283.35,286.0,830006,3.485733407347956,183794.0,0.2214,289.0
283.35,283.0,278.95,286.65,283.35,2461685,3.492742303026944,999027.0,0.4058,288.8
286.65,286.9,283.4,286.55,286.36,1225916,3.485733407347956,302776.0,0.247,288.3
286.55,287.0,281.95,283.9,284.19,826145,3.485733407347956,383116.0,0.4637,287.0
283.9,285.0,281.15,283.8,282.9,755322,3.485733407347956,271790.0,0.3597999999999999,285.0
283.8,277.0,268.0,272.8,273.36,10139829,3.5338531235076744,1035944.0,0.1022,281.6
272.8,270.0,265.0,267.05,268.37,3140371,3.498479728347312,366361.0,0.1167,271.4
267.05,269.5,266.05,271.75,270.51,2869574,3.4959898398772027,505412.0,0.1761,273.3
271.75,272.0,267.55,269.4,269.29,1805866,3.485733407347956,421651.0,0.2335,272.0
269.4,270.05,268.55,271.7,270.5,870456,3.485733407347956,195923.0,0.2251,274.0
271.7,271.1,266.35,267.1,268.78,961467,3.485733407347956,358082.0,0.3724,271.95
267.1,267.0,266.1,268.15,269.71,2370174,3.4900856080201814,729143.0,0.3076,273.0
268.15,269.0,266.5,267.0,268.59,1034747,3.485733407347956,340689.0,0.3292,270.95
267.0,268.0,262.25,263.3,264.97,2140759,3.486433353501223,874910.0,0.4087,268.8
263.3,260.0,260.0,271.85,271.13,4601204,3.5102717081803485,447606.0,0.0973,273.8
271.85,272.05,270.1,276.9,275.12,3660312,3.5038496026351424,552314.0,0.1509,278.6
276.9,274.0,274.0,277.35,277.03,2715701,3.495040682235111,650485.0,0.2395,278.95
277.35,276.0,264.7,265.65,270.19,2568911,3.492591955471688,1039768.0,0.4048,276.6
265.65,268.5,264.35,265.3,266.47,1557646,3.485733407347956,429953.0,0.276,269.35
265.3,267.0,260.0,265.85,264.8,1056344,3.485733407347956,280770.0,0.2658,267.0
265.85,266.0,256.1,257.9,261.26,2256701,3.487615069751605,696496.0,0.3086,267.3
257.9,257.25,251.8,253.9,254.72,3721631,3.5020305438390333,1130287.0,0.3037,258.5
253.9,255.0,254.15,259.35,256.89,1784020,3.485733407347956,528993.0,0.2965,260.4
259.35,256.0,256.0,259.8,260.52,2267280,3.487671849041292,578103.0,0.255,262.35
259.8,257.0,254.0,256.8,255.8,1400428,3.485733407347956,569429.0,0.4065999999999999,257.9
256.8,254.6,252.7,256.75,256.17,2323311,3.4879031855138387,618000.0,0.266,259.8
256.75,256.5,250.1,251.55,253.0,2198390,3.4858313751077303,735881.0,0.3347,256.9
251.55,255.0,250.05,251.8,256.11,6039297,3.516676294383352,1960263.0,0.3246,259.65
251.8,251.9,243.9,245.4,247.17,2916772,3.4937463551410475,725925.0,0.2489,251.9
245.4,244.55,238.8,247.75,244.14,4331956,3.505323206540353,1259898.0,0.2908,250.55
247.75,251.4,245.3,246.8,249.44,3108870,3.495958835842959,939162.0,0.3021,252.8
246.8,244.95,241.05,244.35,244.31,3412258,3.4981500652138813,867082.0,0.2541,247.75
244.35,246.5,242.75,245.05,245.63,1950796,3.485733407347956,528376.0,0.2709,249.0
245.05,242.1,239.05,242.85,242.1,1987066,3.485733407347956,358675.0,0.1805,244.5
242.85,245.0,241.8,243.95,243.94,2169109,3.485733407347956,802462.0,0.37,245.6
243.95,243.0,240.6,241.55,242.24,1681055,3.485733407347956,552231.0,0.3285,243.95
241.55,244.0,239.7,241.25,243.87,2468829,3.488256305934848,640925.0,0.2596,246.85
241.25,241.75,231.35,233.15,236.39,3662096,3.499289593366109,568094.0,0.1551,242.7
233.15,234.1,229.6,234.65,232.99,3369119,3.4963280959651124,564284.0,0.1675,235.65
234.65,237.75,234.3,240.95,239.64,4440241,3.505506069986952,872709.0,0.1964999999999999,243.3
240.95,242.5,241.3,242.55,242.82,1554070,3.485733407347956,298282.0,0.1919,244.0
242.55,242.1,238.15,238.55,240.04,2417646,3.4871321010242955,454672.0,0.1881,243.5
238.55,241.0,240.3,242.8,242.47,1975544,3.485733407347956,486531.0,0.2463,243.9
242.8,244.1,244.1,245.25,245.54,2054911,3.485733407347956,288579.0,0.1404,246.7
245.25,246.5,245.4,248.9,248.72,3269448,3.497397458563768,988587.0,0.3024,250.5
248.9,249.05,244.8,245.2,247.23,1991301,3.485733407347956,644294.0,0.3236,251.05
245.2,247.0,246.0,247.65,247.89,1792486,3.485733407347956,458703.0,0.2559,249.4
247.65,249.9,246.6,249.75,248.74,1411719,3.485733407347956,569521.0,0.4034,250.45
249.75,250.05,249.2,250.95,251.18,1648160,3.485733407347956,373423.0,0.2266,252.8
250.95,260.0,246.0,246.6,249.08,1337440,3.485733407347956,325928.0,0.2437,260.0
246.6,245.5,244.2,245.7,245.43,956877,3.485733407347956,295142.0,0.3084,247.0
245.7,245.0,244.6,249.6,248.08,2058052,3.485733407347956,611064.0,0.2969,250.0
249.6,250.7,249.0,255.5,254.24,3381295,3.499079352408777,907452.0,0.2684,256.4
255.5,260.0,260.0,265.25,265.26,4126554,3.506355717486889,839012.0,0.2032999999999999,268.0
265.25,266.4,261.1,264.3,263.29,2146322,3.486317363940828,681436.0,0.3175,266.9
264.3,262.0,261.0,269.3,267.8,4934888,3.511993049410675,527999.0,0.107,270.95
269.3,270.0,265.0,265.95,267.41,2123615,3.48646715614306,207828.0,0.0978999999999999,270.85
265.95,266.0,263.25,265.65,265.75,2514536,3.491436418700217,556811.0,0.2214,268.4
265.65,264.9,257.75,260.95,261.67,2470540,3.490427721625488,723813.0,0.293,266.0
260.95,261.0,256.5,257.4,258.24,2066219,3.485733407347956,733266.0,0.3549,262.1
257.4,257.8,257.5,260.5,261.02,2786878,3.49401841807328,800579.0,0.2873,263.65
260.5,261.15,257.7,259.0,261.47,3702270,3.502661687544651,694588.0,0.1876,264.95
259.0,260.0,257.0,258.05,258.84,2115338,3.485733407347956,857428.0,0.4053,261.2
258.05,258.25,258.25,261.6,260.31,1336037,3.485733407347956,196996.0,0.1474,262.95
261.6,260.0,258.0,258.65,259.84,1227802,3.485733407347956,288397.0,0.2349,261.8
258.65,259.45,255.5,258.1,257.42,1510321,3.485733407347956,331998.0,0.2198,259.45
258.1,255.0,253.05,255.5,256.05,1757760,3.485733407347956,697685.0,0.3969,257.4
255.5,257.0,255.0,260.0,257.62,1821705,3.485733407347956,626374.0,0.3438,261.95
260.0,259.0,254.3,255.5,257.45,2417212,3.489265310696356,335617.0,0.1388,261.3
255.5,254.1,252.0,255.35,254.15,1211786,3.485733407347956,284990.0,0.2352,255.95
255.35,257.0,254.75,255.7,255.88,584209,3.485733407347956,138877.0,0.2377,257.1
255.7,255.75,253.8,257.95,256.6,1865491,3.485733407347956,1810434.0,0.4350394407345576,259.5
257.95,257.25,257.1,258.05,258.32,2254774,3.487242629893896,826112.0,0.2005,260.0
258.05,256.1,249.05,250.0,252.3,2075680,3.485733407347956,671227.0,0.3234,257.5
250.0,249.0,240.5,242.1,243.09,4891437,3.5088354875338315,1904673.0,0.3893999999999999,249.5
242.1,241.1,235.05,236.15,237.99,3961069,3.501862346069445,1508787.0,0.3809,241.85
236.15,235.0,234.6,240.15,239.37,2026576,3.485733407347956,465153.0,0.2295,241.65
240.15,240.65,239.8,242.35,242.12,1331793,3.485733407347956,276071.0,0.2073,243.8
242.35,242.75,237.7,238.4,240.15,1444782,3.485733407347956,349900.0,0.2422,243.4
238.4,237.0,235.25,236.9,237.46,1495105,3.485733407347956,430654.0,0.288,239.4
236.9,251.0,238.1,239.6,240.13,1287555,3.485733407347956,281765.0,0.2188,251.0
239.6,241.0,240.0,242.2,241.76,1047072,3.485733407347956,381301.0,0.3642,243.4
242.2,243.5,242.8,244.2,245.32,1966995,3.485733407347956,696786.0,0.3542,247.25
244.2,243.5,241.65,243.65,243.1,1207311,3.485733407347956,494524.0,0.4096,244.8
243.65,244.7,241.55,242.9,244.88,1421229,3.485733407347956,584047.0,0.4109,247.35
242.9,244.0,241.2,242.15,242.44,792887,3.485733407347956,292866.0,0.3694,244.2
242.15,243.1,239.05,239.95,240.98,1114776,3.485733407347956,534367.0,0.4793,243.3
239.95,237.8,235.4,235.95,236.67,1364316,3.485733407347956,682416.0,0.5002000000000001,237.8
235.95,235.0,229.1,229.9,232.08,2871456,3.491352575323773,902254.0,0.3142,237.0
229.9,229.5,221.55,223.05,224.8,4726002,3.5054593057096577,1520683.0,0.3218,230.9
223.05,222.8,218.05,219.8,221.6,2880309,3.4900383575967058,871225.0,0.3025,224.6
219.8,225.5,224.1,230.55,229.05,5708486,3.5116751816748235,1178192.0,0.2064,232.5
230.55,232.6,232.6,234.4,234.24,3855740,3.500569918166799,1193683.0,0.3096,235.9
265.5,265.8,251.75,257.75,257.42,22687604,3.5553751414341925,1810434.0,0.4350394407345576,267.7
263.25,265.0,259.7,261.2,261.82,5126794,3.5124575071259763,843052.0,0.1644,265.0
261.2,263.5,257.6,259.65,264.41,8984720,3.5293401113328646,1394220.0,0.1552,271.35
259.65,254.0,254.0,258.0,259.31,6836817,3.520720884212648,629668.0,0.0921,262.15
258.0,258.0,254.55,256.0,256.12,2908551,3.4947398729466257,445413.0,0.1531,258.4
256.0,254.0,253.65,260.8,258.93,5578331,3.5146411560123085,493145.0,0.0884,261.7
260.8,269.75,260.4,262.85,263.46,8159262,3.5264046164102565,832033.0,0.102,269.75
262.85,263.5,262.25,264.9,264.19,5058403,3.512325625506061,841679.0,0.1664,265.7
264.9,267.1,266.1,268.2,267.82,4908203,3.5118333561636543,705131.0,0.1437,269.5
268.2,268.0,267.1,271.85,273.67,6630375,3.521407588478616,868876.0,0.131,276.8
271.85,272.5,271.0,273.45,274.98,7450726,3.524990040680996,1346768.0,0.1808,277.9
273.45,275.25,273.3,274.7,274.91,4353172,3.5090288738848847,1015055.0,0.2332,277.0
274.7,276.5,276.5,285.35,284.02,13556557,3.5434009694597965,1510651.0,0.1114,288.4
285.35,284.5,281.75,286.55,288.33,9464779,3.5333975434906715,1188220.0,0.1255,291.7
286.55,289.7,289.55,292.4,292.71,13852575,3.544896063160141,1973559.0,0.1425,295.8
292.4,291.5,286.15,287.3,289.11,7021521,3.5247189170682662,1383699.0,0.1971,292.95
287.3,290.0,289.15,290.8,290.59,7071612,3.525078716513621,1321006.0,0.1868,292.95
290.8,292.5,283.75,287.9,288.59,7928814,3.528239788893458,1446546.0,0.1823999999999999,294.75
287.9,289.9,288.0,294.55,292.59,5907463,3.5199704868490462,1029228.0,0.1742,297.15
294.55,297.95,289.5,291.35,296.45,7823413,3.5286354555617963,1432482.0,0.1830999999999999,301.75
291.35,293.0,286.8,292.5,291.38,9168904,3.532777580828329,1286147.0,0.1403,294.35
292.5,294.7,292.5,294.4,295.62,6537126,3.523267498202041,944057.0,0.1444,297.9
294.4,295.1,293.05,296.15,295.89,3669736,3.50611370582086,591574.0,0.1612,299.0
296.15,299.0,291.25,292.95,299.32,8159296,3.5301506418156974,1288552.0,0.1578999999999999,304.25
292.95,290.9,288.1,293.35,291.26,4599603,3.512399889721718,713728.0,0.1552,294.25
293.35,294.9,290.6,292.65,293.96,4144766,3.5095649634894333,568755.0,0.1372,296.9
292.65,293.0,290.15,293.85,292.38,4006333,3.508386878139717,751496.0,0.1876,294.55
293.85,288.0,288.0,296.95,296.3,3790765,3.507128929784912,723041.0,0.1907,298.7
296.95,302.0,295.0,295.7,298.32,6677302,3.524161981589905,905741.0,0.1356,302.0
295.7,296.3,292.05,294.1,294.3,4945501,3.514868429449744,591669.0,0.1196,297.8
294.1,294.55,288.65,289.9,292.46,3553239,3.5047948699520086,1065085.0,0.2998,295.9
289.9,289.5,285.85,289.1,288.02,3871518,3.506911490701537,657129.0,0.1697,290.4
289.1,289.0,289.0,290.8,291.02,3651142,3.5054634961672004,641147.0,0.1755999999999999,292.85
290.8,291.95,288.55,289.65,289.99,2523244,3.4941964088479485,546981.0,0.2168,292.0
289.65,289.25,282.2,291.55,290.09,3709924,3.5058466318819343,651209.0,0.1755,292.25
291.55,292.75,292.5,300.5,299.73,10948599,3.538769341251568,2423196.0,0.2213,302.7
300.5,302.5,297.2,298.9,302.73,10349750,3.537424137991067,1312501.0,0.1268,306.4
298.9,297.0,294.1,297.5,296.74,4170639,3.510032695924883,965473.0,0.2314999999999999,299.15
297.5,299.9,297.05,297.95,298.36,3793216,3.507355712614189,1045660.0,0.2757,299.9
297.95,300.8,297.1,297.8,298.83,3385535,3.503989685025083,514819.0,0.1521,301.5
297.8,298.85,292.6,293.5,295.54,2866903,3.498640336299677,369906.0,0.129,298.85
293.5,295.1,287.1,287.95,290.4,5194550,3.51593322170996,1410671.0,0.2716,295.35
287.95,287.65,284.15,284.8,285.59,3468858,3.503357369712915,924067.0,0.2664,288.45
284.8,286.05,284.3,285.05,285.84,2710431,3.4959314341037464,546972.0,0.2018,287.6
285.05,285.35,285.15,288.95,287.05,2567185,3.4944113438111395,738172.0,0.2875,290.9
288.95,290.5,290.25,296.35,293.65,5705715,3.519048459406825,1305410.0,0.2288,297.9
296.35,298.8,292.0,297.05,295.73,4377033,3.511373974933212,1175943.0,0.2687,299.0
297.05,297.0,294.5,295.25,295.77,2639730,3.4961650257680748,850650.0,0.3222,297.3
295.25,292.9,291.5,294.5,293.47,2871917,3.4984811991727964,776378.0,0.2703,295.0
294.5,292.0,287.4,290.8,290.11,3966366,3.50785332688942,982788.0,0.2478,293.5
290.8,290.8,288.35,291.45,290.88,2460285,3.493522470533082,646660.0,0.2628,292.95
291.45,292.5,290.6,292.35,292.31,1888939,3.485733407347956,479310.0,0.2537,293.75
292.35,292.55,288.75,289.85,291.51,1480731,3.485733407347956,407637.0,0.2753,293.95
289.85,290.0,288.0,292.1,290.71,1862633,3.485733407347956,387595.0,0.2080999999999999,293.0
292.1,292.5,291.3,296.05,295.59,3875298,3.507718215541348,660863.0,0.1705,297.5
296.05,297.0,291.6,292.7,296.04,3283681,3.502787752712448,553670.0,0.1686,300.0
292.7,293.4,281.25,282.65,285.86,4079518,3.5082544933377227,970176.0,0.2378,293.4
282.65,282.25,270.4,273.35,275.19,4880373,3.512474179492539,1491775.0,0.3057,284.9
273.35,270.35,269.3,278.65,274.33,5259578,3.514610453493224,1031842.0,0.1962,279.7
278.65,310.0,271.35,273.15,276.01,3102893,3.4989651835463613,496715.0,0.1601,310.0
273.15,273.15,266.65,268.4,270.85,5186530,3.51381396850036,1445741.0,0.2787,275.9
268.4,267.0,263.3,275.05,274.02,12299612,3.539543805434432,938844.0,0.0763,279.5
275.05,282.0,276.55,281.35,279.77,4080381,3.5076148799596614,552782.0,0.1355,282.5
281.35,284.2,280.25,281.4,282.76,4478622,3.510719208462965,900529.0,0.2011,286.35
281.4,279.7,277.65,282.55,280.31,3363936,3.50187015187664,803875.0,0.239,284.0
282.55,283.0,282.1,285.05,284.29,2965780,3.4984928970879325,744658.0,0.2511,285.85
285.05,285.5,277.4,280.75,281.77,3944593,3.506813534448765,814667.0,0.2065,286.8
280.75,280.7,279.0,281.65,280.98,2918920,3.497656373157732,667542.0,0.2287,282.9
281.65,282.2,280.3,282.45,282.19,2462346,3.492625609663013,569365.0,0.2312,283.85
282.45,281.55,278.55,281.2,280.43,2632766,3.494468792980338,607108.0,0.2306,282.9
281.2,281.7,280.2,284.1,282.62,3708450,3.505051374161647,1536744.0,0.4144,284.9
284.1,287.4,287.15,291.8,290.16,3163812,3.5010619442501394,478227.0,0.1512,292.5
291.8,293.0,288.8,289.65,291.36,2327667,3.4918863193096032,520020.0,0.2234,293.8
289.65,291.05,289.3,290.35,291.36,1859557,3.485733407347956,485097.0,0.2609,292.85
290.35,290.0,287.05,288.9,288.68,1547297,3.485733407347956,336448.0,0.2173999999999999,290.9
288.9,289.15,289.0,294.9,293.52,4517701,3.51209398990966,1450584.0,0.3211,295.9
294.9,297.15,297.15,302.7,302.06,9498820,3.5348602212954416,2326549.0,0.2448999999999999,303.75
302.7,300.0,294.75,295.55,297.9,4962908,3.5153351455344333,1678038.0,0.3381,301.55
295.55,296.65,291.5,292.6,294.15,3927725,3.5079747992828656,1056303.0,0.2689,297.9
292.6,291.3,290.3,295.4,295.02,4252731,3.510441355672872,1015767.0,0.2389,297.0
295.4,297.0,292.55,294.75,298.78,7407437,3.5272607924466195,843279.0,0.1138,302.8
294.75,295.0,293.25,295.8,297.6,6568547,3.523605873734294,865192.0,0.1317,301.2
295.8,294.1,291.0,292.2,292.9,2678815,3.496314613162376,499940.0,0.1866,296.75
292.2,290.55,283.15,288.95,286.87,5714701,3.5184025745439214,1164464.0,0.2037999999999999,290.9
288.95,288.05,284.25,285.35,285.95,2460354,3.4930035299986,555317.0,0.2257,288.6
285.35,278.0,278.0,281.0,280.43,3363294,3.501877208259508,895604.0,0.2663,282.9
281.0,280.9,274.55,276.95,277.5,3990040,3.5066991363448747,975666.0,0.2445,281.6
276.95,275.0,274.1,285.15,280.42,4118775,3.507965125784012,669235.0,0.1625,287.4
285.15,285.0,276.55,278.3,282.37,2537990,3.493564123292371,372504.0,0.1468,285.85
278.3,278.0,275.4,277.95,278.21,3577231,3.503495176898817,720011.0,0.2013,280.9
277.95,278.0,275.25,279.55,277.78,4017792,3.506938117927974,1365320.0,0.3398,280.9
279.55,282.0,281.55,285.05,283.73,3524481,3.5036395952484947,1261089.0,0.3578,285.7
285.05,280.0,280.0,293.35,289.36,5099545,3.515277805950777,1362900.0,0.2673,295.9
293.35,291.6,285.3,293.5,291.68,4093968,3.508962918237842,1010758.0,0.2469,294.95
293.5,297.0,293.05,294.45,294.84,1023238,3.485733407347956,125210.0,0.1224,300.9
294.45,292.9,281.55,282.85,286.81,3978037,3.507598242371163,1054223.0,0.265,292.9
282.85,279.0,277.15,285.7,283.22,3507508,3.5034404755702573,712468.0,0.2031,286.7
285.7,286.5,282.6,284.5,284.95,2791345,3.4967280063279422,789748.0,0.2829,288.15
284.5,282.9,279.2,280.5,281.68,2501955,3.493055857322516,615273.0,0.2459,283.65
280.5,280.9,280.15,285.45,283.31,3051450,3.4992490892336,845258.0,0.277,286.4
285.45,281.1,275.6,278.1,279.7,3356489,3.501737646437208,800515.0,0.2385,282.8
278.1,276.0,276.0,281.05,280.85,2662922,3.4948597334606832,595100.0,0.2235,282.75
281.05,282.55,281.0,282.3,283.72,2499790,3.493249133126468,684385.0,0.2738,286.0
282.3,283.0,282.05,285.5,284.34,2228894,3.4898219685042307,571775.0,0.2565,287.0
285.5,286.15,286.15,293.45,290.16,4914794,3.514261853749304,1107396.0,0.2253,294.1
293.45,295.25,295.0,300.15,298.88,4929495,3.5152317312306685,1803377.0,0.3658,302.0
300.15,298.0,294.5,296.15,296.54,3025909,3.5003734497720447,994897.0,0.3288,298.8
296.15,293.15,287.5,288.35,289.45,3180773,3.5011500426254334,958674.0,0.3014,294.9
288.35,287.9,282.1,285.25,285.48,2911610,3.498061618736444,955076.0,0.3279999999999999,288.5
285.25,286.4,282.5,292.85,289.76,3456980,3.503690265151368,1279155.0,0.37,294.0
292.85,293.0,274.15,282.3,281.29,5846070,3.51849425422078,1283334.0,0.2195,293.2
282.3,284.9,280.4,283.8,283.54,3023338,3.498993928922218,1145569.0,0.3789,285.35
283.8,283.8,276.15,278.15,278.89,3105149,3.499301325469218,700903.0,0.2257,283.8
278.15,280.0,277.0,279.3,279.68,2161877,3.488385862428626,332841.0,0.154,282.0
279.3,278.65,273.75,277.4,276.85,3876796,3.505764805492434,735107.0,0.1896,278.8
277.4,281.5,269.75,271.2,277.55,15811793,3.547176948023167,2005380.0,0.1268,284.45
271.2,273.0,271.7,273.8,274.54,6500987,3.520919009267021,1048369.0,0.1613,277.0
273.8,272.0,267.0,268.2,269.2,5532466,3.5155533698650103,1293763.0,0.2338,274.6
268.2,268.0,264.75,272.2,270.96,4880945,3.5120158018535066,937837.0,0.1921,273.7
272.2,273.0,270.75,272.85,272.55,3156736,3.4991045617244545,1361452.0,0.4313,273.85
272.85,272.75,271.05,274.45,273.78,2433276,3.491342653342688,588648.0,0.2419,275.5
274.45,274.6,271.3,273.45,273.17,2318553,3.489802683918352,640951.0,0.2764,274.9
273.45,275.0,269.5,270.55,272.57,2762692,3.495068389331015,1005562.0,0.364,276.0
270.55,270.0,267.9,269.9,270.33,3081872,3.49813132179423,666438.0,0.2162,272.65
269.9,266.4,265.0,265.55,266.7,2939450,3.49628843991801,679826.0,0.2313,268.75
265.55,265.0,258.0,259.55,261.72,5238248,3.513087892334126,1187285.0,0.2267,265.95
259.55,257.15,257.15,261.05,261.39,3066891,3.496965983800238,700706.0,0.2285,263.5
261.05,262.0,258.25,260.8,260.47,2117544,3.485733407347956,401789.0,0.1896999999999999,263.0
260.8,261.9,259.75,261.75,261.56,1702560,3.485733407347956,398443.0,0.2339999999999999,262.85
261.75,261.75,261.75,266.5,265.53,2832571,3.4950322223419685,889909.0,0.3142,267.2
266.5,266.65,265.1,267.35,267.04,1985716,3.485733407347956,509470.0,0.2566,268.4
267.35,269.0,266.9,268.65,268.33,2180439,3.487381054828118,604637.0,0.2773,269.8
268.65,269.05,267.5,269.1,269.19,2564055,3.492422179732712,926783.0,0.3615,271.15
269.1,264.5,264.5,272.1,270.15,2951846,3.496805747830502,1210238.0,0.41,272.8
272.1,272.7,269.3,271.8,271.57,2578727,3.492863569592883,799074.0,0.3099,273.8
271.8,270.6,269.5,274.6,272.9,3004600,3.4976490694203988,1105080.0,0.3678,275.2
274.6,271.0,269.1,270.25,270.25,1526396,3.485733407347956,540872.0,0.3543,271.9
270.25,270.0,269.0,279.45,275.02,3028596,3.498124262769863,1098204.0,0.3626,281.0
279.45,279.1,278.3,280.45,282.43,3884253,3.5064215243096224,1426219.0,0.3671999999999999,284.4
280.45,281.0,281.0,288.0,285.89,5123081,3.5150558744933766,1958208.0,0.3822,289.3
288.0,289.5,286.5,293.6,291.03,4330163,3.5105735409460457,1820931.0,0.4205,294.9
293.6,294.0,293.0,298.6,299.23,6292634,3.5225006896862743,2328923.0,0.3701,302.0
298.6,299.0,293.35,294.55,297.21,2633889,3.4962446056244167,605356.0,0.2298,300.4
294.55,292.4,291.25,292.15,292.8,1322619,3.485733407347956,244348.0,0.1847,295.0
292.15,292.55,292.0,300.65,298.29,4587018,3.513029276065723,1532680.0,0.3340999999999999,302.7
300.65,305.0,304.6,312.5,310.6,10049061,3.5373127850086075,2452743.0,0.2441,314.8
312.5,315.0,310.7,313.5,313.7,5565987,3.52026943505146,1014626.0,0.1823,316.85
313.5,319.45,305.7,307.6,309.35,4317101,3.512305866164444,1411498.0,0.327,319.45
307.6,306.2,301.75,303.55,309.47,5040597,3.5169284734777126,670220.0,0.133,313.75
303.55,303.05,303.05,307.75,306.43,3510016,3.505829167160232,488270.0,0.1391,308.8
307.75,308.65,307.1,308.0,309.19,2656499,3.497700724439388,326845.0,0.123,310.9
308.0,309.75,309.65,312.95,312.08,5154883,3.517843342404589,1109351.0,0.2152,314.4
312.95,315.15,306.3,307.25,312.55,7720929,3.529799957763364,695019.0,0.09,317.0
307.25,309.75,308.7,321.1,316.29,9155674,3.53513014883711,2006539.0,0.2192,322.9
321.1,322.75,316.7,318.0,318.94,5274828,3.5191692955662743,771052.0,0.1462,322.75
318.0,301.15,301.15,324.9,323.67,7189801,3.528735024409487,1585055.0,0.2205,326.0
324.9,322.0,322.0,335.45,332.05,14043308,3.5489239574347025,2011587.0,0.1432,337.75
335.45,334.45,324.1,325.25,328.29,4437953,3.5148990401750373,795331.0,0.1792,334.45
325.25,325.25,319.0,320.35,323.52,6522147,3.525857787401653,1768675.0,0.2712,328.25
320.35,322.0,322.0,324.85,325.22,5824144,3.5226759143485915,1215149.0,0.2086,329.0
324.85,326.0,323.25,325.15,328.33,7399290,3.529995952026102,1487729.0,0.2011,331.9
325.15,326.65,321.55,324.75,324.46,4646035,3.515912702048959,861472.0,0.1853999999999999,328.0
324.75,325.0,322.6,324.9,326.99,5617703,3.52177036983064,853905.0,0.152,330.2
324.9,326.05,323.25,325.8,326.13,5923798,3.523259060682328,754094.0,0.1273,328.4
325.8,327.85,326.0,328.5,331.22,7578443,3.530953934197687,1097115.0,0.1448,334.0
328.5,329.75,327.3,330.75,331.87,8234968,3.5334400615416914,1211097.0,0.1471,335.45
330.75,333.05,331.0,332.95,333.93,5938555,3.524029211090675,1055700.0,0.1778,337.3
332.95,334.0,327.6,328.75,331.22,4094522,3.5127646410022013,829717.0,0.2026,337.5
328.75,329.1,324.65,326.25,328.74,3532013,3.508124260636832,582502.0,0.1649,331.0
326.25,330.0,323.25,326.65,325.75,3066396,3.503606052491915,546611.0,0.1783,330.0
326.65,328.9,326.65,334.1,331.73,4260327,3.5139929905513894,1545031.0,0.3627,335.6
334.1,334.0,329.65,330.7,333.93,4139447,3.5133324582343044,823750.0,0.1989999999999999,337.5
330.7,333.0,333.0,339.75,337.59,6545570,3.5272144188999794,1197822.0,0.183,340.5
339.75,341.0,334.7,337.65,338.92,6006878,3.5248032452855664,1627199.0,0.2709,344.9
337.65,336.75,335.0,343.75,340.49,5578641,3.5227586435596847,960702.0,0.1722,346.4
343.75,345.0,336.0,338.8,343.17,5765178,3.523960757151095,1135163.0,0.1969,346.9
338.8,338.45,334.0,339.25,338.28,5592085,3.5226374256050725,925635.0,0.1655,350.0
339.25,341.2,334.1,335.7,337.52,4688869,3.517356610139158,1360390.0,0.2901,341.5
335.7,335.85,329.35,334.05,333.02,5254420,3.520333530421833,1274619.0,0.2426,335.85
334.05,336.0,327.4,329.8,331.75,4455942,3.515330761020446,1275746.0,0.2863,336.5
329.8,331.1,329.1,341.8,336.82,5631688,3.522718017034544,1130402.0,0.2007,346.0
341.8,345.0,342.3,349.6,347.4,8078652,3.534215619176548,1130151.0,0.1399,351.0
349.6,350.55,343.5,345.2,349.92,4839923,3.519366657875804,592671.0,0.1225,354.35
345.2,343.05,341.9,347.65,345.21,5073934,3.5203631367760377,766552.0,0.1510999999999999,349.0
347.65,344.0,330.0,348.6,349.77,4926920,3.5198813773707984,457524.0,0.0929,353.55
348.6,351.0,347.0,357.9,356.82,16058683,3.5548311814111155,2668911.0,0.1662,361.85
357.9,359.7,353.6,355.05,356.21,5331971,3.5227563604517163,711648.0,0.1335,359.7
355.05,353.5,352.5,354.9,355.15,3691388,3.511754071534434,639714.0,0.1732999999999999,357.7
354.9,355.6,344.65,347.95,356.55,8098676,3.53504642041199,707305.0,0.0873,364.0
347.95,343.6,343.6,350.6,351.91,8697928,3.536744959636847,1644784.0,0.1891,356.4
350.6,353.15,348.65,355.55,352.94,5606043,3.5239633409942464,1080860.0,0.1928,357.0
355.55,359.9,357.0,363.3,361.77,7174479,3.531932651371431,1235515.0,0.1722,364.45
363.3,358.5,358.5,361.3,362.23,4667303,3.519315352418391,841555.0,0.1803,365.0
361.3,388.8,355.55,356.8,359.42,3850086,3.513365225881305,590806.0,0.1535,388.8
356.8,369.9,355.75,360.95,359.46,4531665,3.5182138083029697,916908.0,0.2023,369.9
360.95,362.0,357.15,358.6,361.87,4802977,3.5201336406678427,845655.0,0.1761,365.45
358.6,359.0,355.0,361.25,360.37,5574787,3.5244123521898887,1120588.0,0.201,364.45
361.25,362.65,360.65,369.1,366.77,5876836,3.526483894337514,1255783.0,0.2137,371.45
369.1,372.0,367.55,368.9,371.17,3505892,3.5115315296945724,601518.0,0.1716,374.7
368.9,375.0,369.15,371.1,371.35,4227478,3.517117721089352,1160770.0,0.2746,375.0
371.1,373.2,372.0,381.7,378.17,8339399,3.5376134915678668,1678643.0,0.2013,384.75
381.7,386.0,367.1,378.6,378.36,9454459,3.5412711157982915,2430734.0,0.2571,424.7
378.6,380.0,378.1,390.65,385.92,8005644,3.537015372812212,1694999.0,0.2117,392.0
390.65,390.0,390.0,393.8,394.13,5248770,3.525274796362957,1644330.0,0.3132999999999999,397.05
393.8,394.05,388.5,393.7,392.05,5044335,3.5239484863166166,1194577.0,0.2368,397.5
393.7,399.0,393.75,400.7,400.86,6588927,3.532443358923326,1719112.0,0.2609,404.75
400.7,398.25,398.25,410.2,404.26,6030443,3.530098033965577,1934529.0,0.3208,414.4
410.2,415.0,411.65,418.6,416.78,9658341,3.544685902948159,2493370.0,0.2582,421.6
418.6,416.15,406.05,407.95,413.43,5528319,3.5282062130738363,1133655.0,0.2051,418.9
407.95,406.9,405.1,409.3,409.7,6333379,3.53192455718654,1746493.0,0.2758,413.0
409.3,411.1,411.1,419.85,416.82,5809532,3.5299007134660827,1460557.0,0.2514,421.3
419.85,422.1,422.1,435.6,430.29,7843693,3.5395847196347785,2165447.0,0.2761,437.45
435.6,437.15,432.1,436.3,438.96,8818832,3.5435570956354563,2485031.0,0.2818,442.4
436.3,435.0,430.6,434.65,433.38,5081235,3.527113499589856,1324624.0,0.2607,435.45
434.65,425.0,425.0,428.7,433.72,6898117,3.536080167747292,1660522.0,0.2407,439.2
428.7,428.0,416.0,419.15,425.38,6079875,3.5318279898327622,1053371.0,0.1732999999999999,433.6
419.15,419.0,401.65,404.55,408.79,8703494,3.5411148767277774,2360709.0,0.2712,419.8
404.55,406.0,393.6,410.15,405.92,9781713,3.544289915438485,2203720.0,0.2253,411.7
410.15,418.0,402.15,406.9,411.45,7204975,3.535812646359084,1267190.0,0.1759,418.0
406.9,409.0,392.65,395.35,399.06,8725249,3.540488815731299,2246187.0,0.2573999999999999,409.0
395.35,395.05,392.0,404.05,401.3,10975666,3.547282130484201,1797167.0,0.1637,407.85
404.05,411.9,400.1,403.05,405.24,5331483,3.5265531797763128,927432.0,0.174,411.9
403.05,400.15,397.75,412.55,405.1,5067816,3.525049929303492,723915.0,0.1428,415.9
412.55,416.7,412.25,429.0,422.21,8490786,3.541333475874002,2538910.0,0.299,431.2
429.0,428.0,416.0,418.2,421.78,10013123,3.5460716753160098,2360292.0,0.2357,432.5
418.2,420.8,417.0,426.3,421.81,7256463,3.5367442648181573,1829356.0,0.2521,427.45
426.3,510.0,427.75,434.3,433.45,4924381,3.526196145032076,1133117.0,0.2301,510.0
434.3,436.25,435.0,443.8,441.58,7794669,3.540154001266477,2219397.0,0.2847,445.35
443.8,441.0,433.05,435.7,440.1,4596091,3.524613531675009,1177807.0,0.2563,445.35
435.7,439.0,438.0,448.55,445.09,6636276,3.535706913097372,2391805.0,0.3604,450.0
448.55,448.5,422.5,457.5,454.45,4881619,3.5273304674163586,1613558.0,0.3304999999999999,459.8
457.5,458.0,450.15,451.8,454.52,5415584,3.530380734037576,1372031.0,0.2532999999999999,461.0
451.8,465.0,448.65,455.25,455.13,4604292,3.525654910072751,1233483.0,0.2678999999999999,465.0
455.25,459.0,452.1,455.15,457.88,5438028,3.5307177912839056,1468073.0,0.27,463.0
455.15,458.2,458.2,470.9,466.34,7664012,3.541245977810493,2599102.0,0.3390999999999999,472.0
470.9,470.85,465.5,481.05,477.06,5561367,3.532574145864212,1565145.0,0.2814,484.0
481.05,485.0,465.15,468.25,476.47,6071066,3.535097942128527,1394402.0,0.2297,487.9
468.25,469.15,466.35,478.65,473.05,6397161,3.536412703395901,831837.0,0.13,482.9
478.65,497.9,480.6,488.55,491.2,16486307,3.5646707334068286,2834308.0,0.1719,497.9
488.55,487.0,485.65,489.55,491.08,6724539,3.538951560237001,1214747.0,0.1805999999999999,497.0
489.55,493.0,480.0,481.8,487.93,4479769,3.5268948927126824,1061827.0,0.237,495.0
481.8,485.0,464.5,468.2,477.38,6892959,3.5388485081741026,1402375.0,0.2035,485.0
468.2,460.25,460.25,468.9,469.49,5518654,3.5318811288943097,899265.0,0.163,474.4
468.9,469.8,456.1,458.8,464.92,5879520,3.533446395848013,1276323.0,0.2171,470.0
458.8,370.0,370.0,470.65,462.61,6294240,3.535289618371749,971353.0,0.1543,474.0
470.65,479.45,474.05,475.4,476.26,1460756,3.492662684139342,1810434.0,0.4350394407345576,480.0
475.4,475.0,457.15,459.0,465.7,4982452,3.528649021778994,1248274.0,0.1937,476.0
459.0,460.0,458.0,464.3,464.45,7426937,3.5402168688396336,1574465.0,0.212,470.0
464.3,467.25,462.5,472.4,466.37,4037719,3.522502778967119,906667.0,0.2245,474.95
472.4,470.55,468.6,477.05,473.61,4701112,3.52743675392234,1140410.0,0.2426,480.0
477.05,480.0,478.1,486.45,484.21,4718758,3.5281969654944385,1406176.0,0.298,487.75
486.45,486.95,486.95,498.1,495.45,8769709,3.546889943467919,2692328.0,0.307,500.9
498.1,502.1,487.15,491.5,496.23,7882729,3.543858263231009,1760714.0,0.2234,506.0
491.5,487.0,480.5,488.6,487.28,6506879,3.5377697971593927,1596977.0,0.2454,494.1
488.6,492.0,489.1,492.85,496.27,9589862,3.549509798034446,2308408.0,0.2407,501.5
492.85,493.55,479.7,482.15,487.24,5214906,3.5313106365123126,1149396.0,0.2203999999999999,496.9
482.15,510.0,471.1,482.95,479.52,3943629,3.5226280262300675,1103376.0,0.2798,510.0
482.95,480.15,475.6,480.65,480.34,4570877,3.5270259782052307,1123211.0,0.2457,485.0
480.65,490.0,482.1,484.05,487.85,5669505,3.533790238244161,1567816.0,0.2764999999999999,491.45
484.05,499.9,476.05,477.85,482.44,4587227,3.527259056658701,1152892.0,0.2512999999999999,499.9
477.85,471.25,462.2,464.9,469.35,5850660,3.5335799374922345,1528148.0,0.2612,475.0
464.9,463.0,463.0,468.3,466.74,1289083,3.488235349741028,230874.0,0.1791,471.5
468.3,467.15,465.0,474.95,470.38,5284715,3.5306686319101663,1450512.0,0.2745,477.4
474.95,472.65,465.0,466.0,470.2,3709555,3.5202389705303427,578227.0,0.1559,476.75
466.0,464.15,458.6,461.6,463.49,5303106,3.530338412507402,1211058.0,0.2284,466.75
461.6,462.1,449.0,450.8,458.49,4513877,3.5252874382367976,722465.0,0.1601,465.9
450.8,446.2,446.2,459.45,454.09,6034467,3.533517980044954,1080203.0,0.179,461.9
459.45,461.85,454.1,455.9,457.63,3139596,3.5144838653660253,567114.0,0.1805999999999999,463.0
455.9,456.0,456.0,467.05,463.18,4945760,3.528273006882648,743116.0,0.1503,468.9
467.05,467.15,467.15,476.2,475.53,7246806,3.540189031022719,2203063.0,0.304,480.3
476.2,477.0,477.0,487.05,483.56,5419378,3.5322137366602697,1414784.0,0.2611,489.9
487.05,490.1,488.1,492.25,491.09,4123682,3.524647808699767,917866.0,0.2226,494.8
492.25,493.15,485.8,499.6,493.54,6277005,3.5370950309945224,1457284.0,0.2322,505.0
499.6,505.0,492.85,497.9,499.82,8420259,3.545970769105004,1710378.0,0.2031,505.0
497.9,490.45,490.45,508.7,505.62,12859046,3.5584365900211403,2257316.0,0.1755,511.5
508.7,510.0,491.2,493.05,502.24,5893629,3.535768595107024,934182.0,0.1585,512.0
493.05,489.15,477.35,479.9,483.29,8118846,3.543947215570185,2432862.0,0.2997,494.25
479.9,481.35,481.35,486.6,485.29,5662655,3.533601281551862,1439392.0,0.2542,488.35
486.6,487.5,486.1,497.6,495.14,10279517,3.5514386130382816,3146931.0,0.3061,502.45
497.6,501.1,489.2,493.1,496.28,7431704,3.5421565862400004,1582331.0,0.2129,504.0
493.1,496.05,487.55,491.3,490.66,4966075,3.530083429647542,646687.0,0.1302,496.05
491.3,492.0,492.0,499.0,498.07,5962251,3.535863053237662,1075889.0,0.1805,502.3
499.0,498.8,492.65,504.8,499.32,9055688,3.5480378556886274,2311164.0,0.2552,507.45
504.8,506.0,500.1,502.75,503.69,6225689,3.5374482203684257,1116043.0,0.1793,507.4
502.75,499.8,499.8,506.95,506.89,6839994,3.54036553162461,1581924.0,0.2313,511.3
506.95,508.0,508.0,520.7,517.31,10672249,3.5537677586568592,3291927.0,0.3085,522.95
520.7,521.15,521.15,527.55,525.41,4295096,3.527832916154558,1170611.0,0.2725,530.0
527.55,435.0,435.0,522.4,524.23,4602904,3.529797438449856,1177845.0,0.2559,529.8
522.4,520.15,520.15,527.9,525.47,4344835,3.528173917901538,868804.0,0.2,531.0
527.9,531.15,527.25,530.2,529.97,3439245,3.521540374969677,696612.0,0.2025,532.7
530.2,533.0,532.2,537.25,536.69,3312897,3.5208063020595173,917364.0,0.2769,538.95
537.25,537.0,535.25,562.7,558.11,12317141,3.560022395668196,3077334.0,0.2498,580.0
562.7,562.0,562.0,572.85,574.17,11471408,3.5588055987830254,2340341.0,0.204,582.8
572.85,580.0,567.15,570.65,574.24,4071252,3.528870305591658,704060.0,0.1729,580.0
570.65,574.5,570.65,585.2,580.77,8115756,3.549232136192659,2099061.0,0.2586,588.9
585.2,585.0,572.0,580.05,581.07,6100815,3.541009288857054,1519399.0,0.249,589.9
580.05,581.0,564.05,572.4,582.0,5795339,3.5395660094074453,1185178.0,0.2045,588.5
572.4,570.2,567.0,580.15,573.58,5944876,3.539882538684977,1305220.0,0.2196,582.5
580.15,585.0,583.15,590.1,592.01,5339567,3.537681415419876,1488752.0,0.2788,597.9
590.1,600.0,575.15,578.65,588.47,8761265,3.551807551180252,2492196.0,0.2845,605.65
578.65,578.0,568.2,571.25,575.79,5588734,3.5381999819353034,1548199.0,0.277,583.9
571.25,573.25,572.25,587.4,580.61,5872486,3.5398801039540664,1355059.0,0.2307,589.5
587.4,590.0,590.0,597.0,595.51,5109994,3.5365745685060688,1111480.0,0.2175,599.0
597.0,603.5,574.6,578.1,589.36,6724119,3.544234514098429,925082.0,0.1376,605.9
578.1,585.0,572.0,581.1,578.97,8057492,3.5489355824987063,1734238.0,0.2152,586.8
581.1,581.15,569.1,584.75,577.99,5572406,3.53822577123142,1130869.0,0.2029,589.0
584.75,589.0,570.35,574.45,585.32,6050968,3.540982808249672,773035.0,0.1278,597.8
574.45,571.25,547.6,552.95,565.74,6471951,3.541945498078116,1276658.0,0.1973,579.7
552.95,553.0,527.25,535.25,552.62,10218853,3.5544145972808243,2183854.0,0.2137,574.9
535.25,539.0,531.75,557.85,548.48,9296411,3.551489593979446,1823162.0,0.1961,561.25
557.85,562.05,560.35,580.65,571.92,7072111,3.54482427836351,1712455.0,0.2421,583.4
580.65,588.0,569.55,575.7,579.85,8354537,3.550020057318986,1623141.0,0.1943,589.25
575.7,581.0,565.3,571.5,577.88,14791246,3.566198430353764,2136585.0,0.1444,585.9
571.5,572.5,558.0,560.55,569.78,6169266,3.540764137331529,1090395.0,0.1767,579.4
560.55,562.0,548.9,553.7,557.32,6913665,3.5434220682018336,1730576.0,0.2503,564.8
553.7,555.35,549.55,571.4,561.98,7371400,3.545514577822098,1460361.0,0.1981,575.0
571.4,574.5,559.3,564.6,569.44,7220332,3.545297658101283,1298202.0,0.1798,578.5
564.6,568.75,564.1,575.4,571.27,6548357,3.542566968299464,1256270.0,0.1918,577.0
575.4,578.5,578.5,588.7,584.79,4990849,3.535358008909959,1342244.0,0.2689,590.0
588.7,592.0,585.6,593.25,592.68,8848744,3.552296808129257,1817378.0,0.2054,598.4
593.25,620.0,581.1,587.3,589.18,6210047,3.541925161601379,1390271.0,0.2239,620.0
587.3,590.25,584.0,587.7,589.7,5921079,3.540570074765854,1286653.0,0.2173,594.9
587.7,586.15,584.1,595.4,591.59,4672041,3.533769787809621,1454936.0,0.3114,597.4
595.4,598.0,590.25,592.95,597.22,5692413,3.5397949904441486,1731341.0,0.3041,602.0
592.95,592.1,590.0,598.75,599.25,9221574,3.5537944703149127,2481192.0,0.2691,605.0
604.85,605.1,580.05,582.35,592.93,8352121,3.550652170188573,1839721.0,0.2203,609.0
582.35,581.1,580.5,587.45,586.53,10037773,3.555605388415304,2927502.0,0.2916,595.0
587.45,589.0,560.1,565.35,576.13,9391243,3.55318968781068,3651377.0,0.3888,594.0
565.75,570.0,552.25,555.2,560.82,6962652,3.543807178000435,1250041.0,0.1795,570.0
555.2,554.0,539.0,542.3,551.88,10483179,3.555106518746026,2716140.0,0.2591,564.3
542.3,545.55,545.0,554.7,550.73,8262031,3.5482182003184644,1564818.0,0.1894,556.6
554.7,569.0,556.3,567.3,561.74,6235209,3.540660196628897,2544409.0,0.4081,569.45
567.3,569.15,567.1,580.85,577.22,8516733,3.5504415534141365,2489025.0,0.2923,583.9
580.85,578.0,570.6,573.65,576.49,4249944,3.5302443612414045,346456.0,0.0815,584.0
573.65,571.0,571.0,586.15,582.74,4136933,3.5297701446304264,440886.0,0.1066,587.5
586.15,588.0,587.4,595.75,592.23,4857721,3.5349384707987577,1412652.0,0.2908,599.0
595.75,600.0,578.5,584.3,584.64,4567818,3.5327654802347155,640145.0,0.1401,600.0
584.3,581.0,570.2,573.7,576.45,4071022,3.528981221263057,719027.0,0.1766,582.0
573.7,572.0,563.0,565.85,571.13,5579304,3.537914499860224,1045008.0,0.1873,578.0
565.85,564.5,555.05,562.6,560.53,5410580,3.536475904496903,1152831.0,0.2130999999999999,569.0
562.6,567.05,540.0,545.05,551.87,6624011,3.541899625946244,1332136.0,0.2011,569.8
545.05,540.0,535.5,541.85,545.59,8512242,3.548807088982928,1509080.0,0.1773,554.85
541.85,545.0,535.15,540.4,544.37,8011049,3.546995937048721,1848512.0,0.2307,552.0
540.4,542.0,515.35,519.1,529.33,11184854,3.555765334849181,2334610.0,0.2087,544.1
519.1,517.0,517.0,523.25,523.41,7836465,3.545228218009535,1233823.0,0.1574,528.55
523.25,509.1,505.55,507.7,513.92,6435462,3.538995622527027,1362543.0,0.2117,522.95
507.7,509.0,505.25,511.75,512.54,6639679,3.539824999836233,1396913.0,0.2104,517.5
511.75,512.0,505.8,512.3,511.32,7085995,3.541641780999091,1935305.0,0.2731,515.25
512.3,513.05,510.3,514.05,516.55,9611709,3.5507258253399328,2978973.0,0.3099,520.3
514.05,517.95,517.95,525.7,525.43,7547350,3.544253993928049,2737457.0,0.3627,530.3
525.7,526.15,525.1,528.8,529.25,5709932,3.5363721432701536,1393093.0,0.244,534.6
528.8,530.1,526.05,527.15,532.01,6364178,3.539677112603091,1632765.0,0.2566,536.7
527.15,527.05,524.75,538.05,533.88,5489134,3.535477157627521,1192753.0,0.2173,540.0
538.05,539.0,539.0,555.85,549.05,7744133,3.546265847657283,2010552.0,0.2596,557.7
555.85,650.0,555.75,565.8,562.3,7124312,3.5445466004865547,1679025.0,0.2357,650.0
565.8,567.0,567.0,575.1,576.24,6476492,3.542498527126813,1872120.0,0.2891,581.35
575.1,576.0,564.65,575.4,572.56,7142520,3.545142560046449,1793651.0,0.2511,582.4
575.4,579.85,570.0,574.0,574.37,4157678,3.5294931042475395,442493.0,0.1064,580.9
574.0,570.0,565.5,572.95,573.12,4639042,3.532636014272424,706797.0,0.1524,579.7
572.95,575.5,558.7,561.75,566.84,3830941,3.526702458383811,800811.0,0.209,575.5
561.75,564.0,555.4,573.3,565.68,4054932,3.528311714397316,695827.0,0.1716,575.9
573.3,578.9,562.6,565.35,569.11,5951581,3.5396880409781684,1849480.0,0.3107999999999999,581.2
565.35,566.0,563.7,566.15,568.46,3029685,3.5198638123202963,468155.0,0.1545,572.75
566.15,566.0,563.55,564.85,565.61,814748,3.485733407347956,80829.0,0.0992,567.9
564.85,563.5,550.6,552.6,558.03,4074759,3.528054948818136,1152080.0,0.2827,569.4
552.6,554.5,548.0,552.35,551.14,3512801,3.523321626438144,443002.0,0.1261,554.5
552.35,550.05,550.0,568.35,562.37,4741384,3.5327202916968696,901296.0,0.1901,569.45
568.35,568.0,563.5,568.75,568.84,3237809,3.5218481216507502,413671.0,0.1278,573.8
568.75,568.0,565.15,567.3,570.5,3588442,3.524967426835056,676991.0,0.1887,574.8
567.3,560.0,537.35,539.45,542.89,6683172,3.541681837718084,1741257.0,0.2605,560.0
539.45,540.05,537.15,540.4,543.65,6583053,3.5412850082790714,1675537.0,0.2545,549.0
529.3,565.0,522.2,526.45,532.21,7435287,3.5441921482573826,1755120.0,0.2361,625.1
526.45,527.0,515.7,528.45,524.06,8237410,3.546703221091174,1962794.0,0.2382999999999999,531.3
528.45,535.9,529.1,530.75,534.38,4785838,3.531500476535997,870303.0,0.1818,633.05
530.75,532.0,527.05,530.0,530.01,4266223,3.5278905435741152,1167804.0,0.2737,533.45
530.0,535.0,534.15,540.5,538.91,5894002,3.537821449729211,1442562.0,0.2448,543.3
540.5,532.0,528.8,532.4,532.75,4446235,3.52925469304992,1392256.0,0.3131,538.5
532.4,529.7,515.2,519.2,519.06,6391917,3.5390877195515635,2417290.0,0.3782,529.7
519.2,510.6,483.65,490.25,499.38,7292002,3.5417876406294218,2345794.0,0.3217,511.0
490.25,484.0,484.0,496.65,493.64,6245671,3.5369549261693387,1394420.0,0.2233,499.4
496.65,480.0,474.0,511.45,507.77,13077915,3.559038029608113,2896628.0,0.2215,524.35
511.45,510.0,471.2,477.1,491.67,12309172,3.556392929714056,2615448.0,0.2125,517.8
477.1,470.0,381.7,404.3,424.64,9367243,3.544341767258934,3338602.0,0.3564,471.9
404.3,430.0,410.1,433.7,437.09,13502105,3.5556744671502702,3518768.0,0.2606,457.9
433.7,444.25,444.25,452.45,454.29,11520015,3.552236482928269,3111000.0,0.2701,466.0
452.45,463.0,440.15,443.2,449.09,9397118,3.546049292735201,2958813.0,0.3149,464.7
443.2,441.9,430.05,439.5,436.12,6745232,3.535588258156719,1674447.0,0.2482,442.0
439.5,450.0,445.05,453.85,453.82,6756909,3.536797094723569,1824715.0,0.2701,458.0
453.85,453.0,436.65,455.7,446.54,8006622,3.5412559613468297,1964313.0,0.2453,459.9
455.7,460.0,455.4,459.3,462.37,6844810,3.5377162800353417,1371823.0,0.2004,468.0
459.3,452.0,446.6,449.05,452.97,5707970,3.5318201078236364,1303233.0,0.2282999999999999,457.55
449.05,447.05,426.2,432.7,441.49,8904917,3.544003871123735,1963599.0,0.2205,450.9
432.7,431.5,412.5,429.8,428.91,9652900,3.54549822413384,2553548.0,0.2645,438.9
429.8,435.0,432.15,434.2,438.45,6215267,3.533356412108174,1228368.0,0.1976,443.0
434.2,435.9,434.6,439.45,438.37,4296672,3.5225101467939663,793496.0,0.1847,442.95
439.45,446.0,423.1,428.35,439.86,7208695,3.537771209812536,1186608.0,0.1646,452.2
428.35,423.0,422.6,433.5,429.54,6151647,3.5324555728292264,815123.0,0.1325,435.0
433.5,435.0,435.0,444.8,443.49,6611675,3.5354937261256487,1750006.0,0.2647,449.6
444.8,445.0,441.5,455.25,449.45,7265744,3.5386268432259635,1411893.0,0.1943,456.55
455.25,457.0,449.3,450.8,454.01,5136240,3.5287949861600314,805471.0,0.1568,458.25
450.8,448.9,445.0,447.7,448.22,3516835,3.517238820327612,484882.0,0.1379,452.0
447.7,447.0,430.0,431.7,437.69,4722746,3.5252523293523272,645014.0,0.1366,447.0
431.7,429.0,424.5,434.9,430.57,7250412,3.5373180516347715,1525756.0,0.2104,437.4
434.9,435.1,434.0,450.6,444.76,6785824,3.536334103248321,1335894.0,0.1969,452.5
450.6,453.0,442.6,446.15,447.01,4553908,3.524800866181047,533688.0,0.1172,455.8
446.15,449.4,439.1,454.3,447.31,5902720,3.532433210100516,762563.0,0.1292,456.95
454.3,454.0,441.15,444.75,446.93,4919840,3.527069461696003,486099.0,0.0988,454.0
444.75,446.2,433.05,434.5,439.94,5840772,3.531638641876141,903445.0,0.1547,447.9
434.5,432.8,430.0,431.75,435.34,5392890,3.528993546268127,999489.0,0.1853,440.5
431.75,435.5,409.15,411.25,419.78,11069288,3.5488223948068627,2959048.0,0.2673,435.5
411.25,411.0,411.0,423.05,420.23,11806191,3.550704504498674,1879014.0,0.1592,425.5
423.05,424.0,423.1,431.6,431.13,8228788,3.5410313609332174,991331.0,0.1205,436.6
431.6,430.5,430.5,441.7,438.29,5428478,3.529384627114604,1184824.0,0.2183,442.95
441.7,440.0,434.55,443.25,440.07,6946267,3.5367059558136384,983797.0,0.1416,447.25
443.25,444.2,428.0,429.65,435.77,8869472,3.54351184303636,2034065.0,0.2293,446.25
429.65,439.4,430.1,438.55,435.78,4945934,3.526482582192937,645902.0,0.1306,439.9
438.55,435.0,430.5,433.9,434.54,5676172,3.530440586505887,646703.0,0.1139,438.4
433.9,434.4,429.25,430.45,434.01,7218450,3.537421308015088,1009550.0,0.1399,439.95
430.45,430.7,428.8,438.4,434.67,5911012,3.531635693057352,1397232.0,0.2364,439.0
438.4,439.0,435.0,438.4,439.32,7283552,3.5380358996983823,1814138.0,0.2491,443.0
438.4,439.65,428.1,432.0,438.16,10969933,3.549794625853168,2404601.0,0.2192,446.9
432.0,400.0,400.0,438.9,433.24,4532676,3.523740975156102,912129.0,0.2012,441.3
438.9,437.0,432.1,436.75,436.07,2875397,3.510423377974812,645582.0,0.2245,440.0
436.75,434.0,428.55,430.5,432.5,2351426,3.5041463280603145,642569.0,0.2733,438.7
430.5,433.1,416.7,418.0,422.53,6852963,3.535127031253488,1937952.0,0.2828,433.1
418.0,420.7,415.25,420.1,420.03,7458953,3.5374221746000023,1932503.0,0.2591,424.4
420.1,422.0,418.3,424.45,424.2,8211826,3.5405020325320504,2490099.0,0.3032,427.3
424.45,426.0,422.2,423.8,425.61,6175357,3.532299176287522,1739835.0,0.2817,428.9
423.8,450.0,421.0,428.55,428.35,10068399,3.546675513068012,2581721.0,0.2564,450.0
428.55,431.0,429.9,434.3,433.2,5184791,3.5276937601224367,1123808.0,0.2168,439.7
434.3,444.0,438.0,454.9,448.68,10430233,3.549026996903685,2156214.0,0.2067,457.95
454.9,458.0,454.15,466.25,461.76,8805349,3.544975877089037,1448284.0,0.1645,468.7
466.25,466.0,460.1,477.3,471.35,8051003,3.5429811960853246,1901667.0,0.2362,479.0
477.3,480.0,462.5,465.1,474.12,15580635,3.562066013441916,1981227.0,0.1272,483.0
465.1,462.0,462.0,470.9,469.42,8270263,3.5436395885324017,1294823.0,0.1566,475.0
470.9,475.0,469.25,474.5,473.31,5239489,3.5305988886783792,1186847.0,0.2264999999999999,475.5
474.5,475.1,475.05,488.9,486.2,7111050,3.540283715244691,1763888.0,0.248,490.5
488.9,488.0,485.05,494.1,490.34,7074248,3.5403792044211184,1984018.0,0.2805,496.0
494.1,494.25,487.4,489.4,494.82,8322408,3.5453432538496124,1792888.0,0.2154,499.85
489.4,491.0,483.55,493.25,488.7,6740779,3.5388803685873125,977037.0,0.1449,494.5
493.25,496.9,495.15,503.0,500.31,6354706,3.537849175673636,1657481.0,0.2608,504.7
503.0,501.9,491.3,493.9,496.42,5479519,3.533303133455828,791248.0,0.1444,502.95
493.9,492.0,486.15,492.2,490.97,6018676,3.5357191361252456,1278936.0,0.2125,495.2
492.2,493.05,490.0,496.7,495.74,4661414,3.5285287002944163,725623.0,0.1557,499.45
496.7,497.0,477.55,479.95,487.15,7145766,3.54048154170913,1765532.0,0.2471,498.8
479.95,480.2,471.3,475.25,477.22,6337293,3.53639424061564,1026378.0,0.162,483.8
475.25,477.0,473.0,476.9,477.66,7400845,3.54092843410949,892867.0,0.1206,481.0
476.9,474.15,471.35,478.85,475.43,5008536,3.529408615381925,773061.0,0.1543,481.35
478.85,555.0,476.05,479.6,482.93,5551317,3.5328785827319216,1084320.0,0.1953,555.0
479.6,476.8,469.3,470.55,472.63,4375407,3.5252644019810453,833964.0,0.1906,476.8
470.55,472.0,471.1,475.2,474.23,4683227,3.5273631865602617,965523.0,0.2062,476.8
475.2,475.55,462.5,463.4,467.3,5197629,3.529989612667327,1103907.0,0.2123999999999999,476.1
463.4,464.0,448.5,451.25,454.23,8081472,3.542019921545899,1933046.0,0.2392,465.7
451.25,452.55,450.65,453.55,454.86,7285154,3.5390521947840647,1740188.0,0.2389,458.7
453.55,454.0,450.45,458.0,455.09,6272902,3.534712833907603,1734725.0,0.2764999999999999,458.9
458.0,461.0,459.3,460.7,462.83,6532004,3.5363838780673023,2284324.0,0.3497,466.35
460.7,461.25,453.65,458.2,458.38,4769921,3.5269037056722228,1310787.0,0.2748,463.4
458.2,461.1,461.1,467.2,466.58,3505532,3.518334710747024,975446.0,0.2783,468.4
467.2,468.05,468.05,475.65,473.04,5302862,3.530934337821716,1480857.0,0.2793,476.85
475.65,475.65,474.1,476.0,477.15,3291221,3.517127316128738,515118.0,0.1565,479.4
476.0,475.0,470.7,471.95,474.46,3740681,3.520752911907751,1035395.0,0.2768,478.0
471.95,472.8,468.6,473.8,471.81,3916033,3.521941456774046,883733.0,0.2257,474.9
473.8,475.1,474.55,477.1,477.85,2841830,3.5128036387473287,770043.0,0.271,479.9
477.1,476.1,476.1,484.75,483.19,6308950,3.5366256253864607,2068474.0,0.3279,486.35
484.75,487.0,481.1,482.7,483.73,4137602,3.524301673398833,1128416.0,0.2727,487.0
482.7,486.8,481.3,485.7,484.78,5137421,3.5307239924400733,1035694.0,0.2016,487.4
485.7,485.0,482.15,487.85,485.64,2856105,3.513434900002885,669684.0,0.2345,488.75
487.85,490.9,485.2,490.95,490.11,4421073,3.526638082750943,1064356.0,0.2407,494.8
490.95,491.5,483.75,486.35,486.67,3581496,3.5202182498151178,734032.0,0.205,492.85
486.35,486.95,484.4,487.65,488.0,3329704,3.5181393129375977,581133.0,0.1745,491.8
487.65,488.5,482.75,490.85,488.5,3430240,3.5190514047266497,535664.0,0.1562,491.8
490.85,495.55,495.15,509.15,505.2,8296053,3.5458511115710185,2427855.0,0.2927,510.0
509.15,512.0,500.05,502.05,504.28,4526308,3.528167117874148,997239.0,0.2203,512.0
502.05,501.0,497.6,507.5,505.13,5054375,3.5314505413823607,672828.0,0.1331,509.0
507.5,506.0,500.15,503.45,503.62,5758326,3.5351715639085706,1495438.0,0.2597,506.5
503.45,501.0,498.0,500.05,500.7,4947611,3.5305675981686866,856041.0,0.173,503.8
500.05,500.0,495.05,498.85,500.95,5740455,3.534926159680955,498975.0,0.0868999999999999,506.75
498.85,496.0,491.7,495.4,494.48,3535910,3.5203103242739093,612910.0,0.1732999999999999,497.35
495.4,494.9,494.0,496.3,497.44,4873375,3.5299336694778,793960.0,0.1629,501.75
496.3,497.2,493.8,514.3,505.77,8188668,3.5455074026325595,1287803.0,0.1573,516.5
514.3,514.0,514.0,517.9,517.14,6072349,3.537489313828708,1058362.0,0.1743,519.75
517.9,518.1,512.25,533.25,525.96,6782434,3.541191154466306,1772575.0,0.2613,535.0
533.25,533.0,533.0,546.2,545.1,5706154,3.5372119346329134,1975205.0,0.3462,549.4
546.2,546.0,537.3,539.9,540.78,3813992,3.525187051611169,700971.0,0.1838,547.8
539.9,538.9,538.9,546.35,549.82,7394077,3.5449719729428377,1121969.0,0.1517,555.75
546.35,549.9,547.25,558.8,559.21,6830670,3.5431711124811964,1423870.0,0.2085,564.4
558.8,560.0,552.15,554.45,555.65,4085150,3.528004438215941,743160.0,0.1819,562.5
554.45,556.8,552.1,553.75,555.06,648975,3.485733407347956,76109.0,0.1173,559.0
553.75,555.0,545.05,546.9,552.64,2563259,3.514062552488144,320930.0,0.1252,558.25
546.9,547.0,533.1,535.1,540.08,3993249,3.5265005474678817,1137496.0,0.2849,551.95
535.1,537.0,533.7,542.9,540.62,4439281,3.529639009774882,1193221.0,0.2688,545.9
542.9,546.3,542.05,546.3,550.62,5812889,3.538043991428588,1628172.0,0.2801,556.9
546.3,549.0,546.0,550.7,552.05,4194218,3.5285871606525614,843032.0,0.201,555.5
550.7,553.2,552.0,559.85,557.05,5507817,3.536813304065049,1591902.0,0.289,562.9
559.85,567.0,546.65,548.15,552.2,7307776,3.544757338871699,2331499.0,0.319,567.0
548.15,549.15,536.6,539.2,544.22,6138254,3.5392862358037243,1682126.0,0.2739999999999999,552.9
539.2,540.0,534.2,536.8,538.62,8526352,3.5484850210504213,1654982.0,0.1941,544.0
536.8,600.0,537.15,551.75,544.92,6395029,3.540512750614519,1512810.0,0.2366,600.0
540.6,542.95,536.6,538.6,541.67,8429951,3.548320112824328,3236180.0,0.3839,548.5
538.6,541.0,527.25,529.15,534.08,5504459,3.5355694394128423,1228766.0,0.2232,544.0
529.15,531.9,525.7,529.85,531.05,4894088,3.531971769380278,1009977.0,0.2064,534.65
529.85,534.0,534.0,543.4,541.48,5071120,3.5335784919254203,1496224.0,0.295,545.5
543.4,544.9,538.15,543.7,542.61,4442667,3.529769042441881,1474716.0,0.3319,546.4
543.7,554.0,536.2,537.3,541.13,6125154,3.539059006223934,2175358.0,0.3552,587.0
537.3,541.0,536.5,540.35,541.02,3169206,3.5197318508582955,622244.0,0.1963,543.75
540.35,544.0,541.0,542.35,545.55,4208643,3.5283398735117912,1561945.0,0.3711,549.35
542.35,544.9,538.55,540.0,541.95,3224197,3.520291803100151,725766.0,0.2251,545.55
540.0,541.6,541.6,544.35,544.34,3641603,3.5240177345573462,1298575.0,0.3566,546.5
544.35,546.7,541.6,545.9,548.64,5725700,3.537499365537849,1890053.0,0.3301,551.75
545.9,550.0,541.5,545.55,547.69,1264067,3.492514345632544,218707.0,0.173,551.95
545.55,547.0,537.5,544.85,542.43,4899923,3.532626442399164,1920802.0,0.392,547.0
544.85,546.0,541.25,543.75,545.24,3522004,3.5230813428009,1101730.0,0.3128,548.85
543.75,545.0,538.6,545.75,544.74,6923035,3.5428011541402253,2272404.0,0.3282,549.6
545.75,535.5,523.25,527.35,532.07,8833904,3.5491521843933658,2080819.0,0.2355,543.0
527.35,518.8,509.0,532.55,522.13,13544498,3.560828082789015,2629514.0,0.1941,538.8
532.55,533.0,522.1,528.3,529.9,8365725,3.547467688751659,2779354.0,0.3322,535.4
528.3,530.0,509.7,515.15,519.36,8224503,3.546398310602317,2488269.0,0.3025,530.0
517.05,523.0,523.0,527.5,528.91,6203906,3.538766448724646,1312256.0,0.2115,536.8
542.0,520.25,520.25,543.7,542.01,7448219,3.544769571854598,2081372.0,0.2794,547.9
543.7,544.0,528.65,530.95,536.77,5374142,3.535017333567899,1227539.0,0.2284,547.0
530.95,535.1,511.5,517.05,520.53,7591960,3.5441535332387604,1950224.0,0.2569,535.1
517.05,521.0,506.05,507.8,513.57,7427583,3.5431314346498555,1701478.0,0.2291,525.0
507.8,508.1,500.0,512.2,509.12,6742416,3.5400757920751973,1212530.0,0.1798,515.0
512.2,513.0,495.65,499.2,501.99,9490211,3.5495392671811383,2030332.0,0.2139,513.0
499.2,499.0,486.35,502.35,495.35,9825655,3.5501542883440087,1931882.0,0.1966,505.0
502.35,502.0,496.0,505.8,504.48,6098934,3.5368952172862977,1345718.0,0.2206,508.0
505.8,505.7,492.3,495.1,499.68,6972362,3.5405060855363875,2284591.0,0.3277,505.7
495.1,495.0,488.05,491.1,492.44,7070852,3.540489507019207,1902130.0,0.269,496.95
491.1,490.0,478.65,480.55,486.38,11503787,3.5541505211200364,3211938.0,0.2792,495.7
485.0,487.95,485.05,495.05,492.9,9654627,3.549507511751947,1932227.0,0.2001,498.8
495.05,498.7,497.5,506.3,504.95,8663566,3.5470858475749485,3464510.0,0.3999,509.25
516.95,519.95,518.6,527.55,524.82,7676579,3.5447105287641274,2405380.0,0.3132999999999999,529.0
527.55,529.2,526.6,531.5,532.76,6930557,3.542189168509182,1312501.0,0.1894,538.75
531.5,534.05,521.2,523.1,528.17,6747019,3.541160791058667,2071171.0,0.307,538.85
523.1,531.25,525.6,533.7,532.26,4782233,3.531361801396168,1134234.0,0.2372,535.85
533.7,539.4,533.8,543.85,540.0,6868471,3.5423191210652374,1207295.0,0.1757999999999999,545.0
543.85,550.0,529.6,531.25,533.48,5258329,3.5342024254507485,1650467.0,0.3139,550.0
531.25,526.0,516.15,529.95,526.97,8029644,3.5461260390522806,2062319.0,0.2568,533.45
529.95,528.0,522.25,526.2,530.9,6567799,3.540529920887532,1220707.0,0.1859,536.5
526.2,535.0,527.55,542.25,538.72,7721496,3.5456333774381976,1990841.0,0.2578,547.7
542.25,545.15,531.1,534.15,539.93,5334906,3.534974497954386,1751404.0,0.3283,547.9
534.15,535.0,523.1,525.75,530.36,4224467,3.527621190184114,1790122.0,0.4238,535.0
525.75,529.0,515.1,518.2,520.86,7463046,3.54367694960324,2868728.0,0.3843999999999999,530.0
518.2,525.0,518.5,520.1,522.25,5701722,3.535942268001497,3108663.0,0.5452,525.75
520.1,523.65,511.1,513.9,517.12,5021951,3.531948574481377,2272239.0,0.4525,523.65
513.9,515.0,504.4,511.55,509.82,5042715,3.531653372355421,1924769.0,0.3817,518.0
511.55,513.1,508.85,510.85,515.17,6375660,3.538795200101007,2075280.0,0.3254999999999999,522.4
510.85,514.0,511.2,513.7,514.73,3254090,3.519039592129405,951348.0,0.2924,518.4
513.7,510.1,504.2,511.5,509.48,3663190,3.522238973892294,1047976.0,0.2861,515.0
511.5,513.5,505.6,506.7,512.55,6705592,3.540111697819148,2849075.0,0.4249,521.35
506.7,505.9,498.45,501.6,503.69,8209129,3.545460863672924,2916287.0,0.3552,509.9
501.6,505.1,503.7,506.1,508.4,6907925,3.540738291026177,2544585.0,0.3684,513.0
506.1,507.0,490.0,522.25,517.21,5674790,3.5355217211524224,2425297.0,0.4274,523.45
522.25,525.0,522.7,532.3,528.79,6130579,3.5384147591830963,2392378.0,0.3902,534.5
532.3,533.9,530.05,542.95,541.55,8016759,3.546866570491216,2986849.0,0.3726,547.0
542.95,544.2,530.2,533.55,538.54,4900179,3.5324177216417736,1454656.0,0.2969,547.35
533.55,539.8,536.0,540.95,540.35,3296368,3.520859170133333,1251646.0,0.3797,543.4
540.95,544.0,532.4,537.15,537.35,3977210,3.5262332151303464,904768.0,0.2275,545.0
537.15,597.8,528.65,530.35,533.41,2583027,3.513235988509341,570725.0,0.221,597.8
530.35,532.0,529.0,533.8,532.97,3602698,3.523078482919404,1307369.0,0.3629,536.75
533.8,534.25,534.05,537.15,537.0,2583200,3.5134380724876406,906196.0,0.3508,540.5
537.15,537.9,531.85,542.5,538.09,3549816,3.522924111321759,1050095.0,0.2958,544.7
542.5,544.05,543.1,547.4,547.61,5562621,3.536604026808756,1399423.0,0.2516,552.0
547.4,551.9,538.85,543.55,548.91,3844535,3.5258608926567603,1266925.0,0.3295,553.25
543.55,543.65,535.5,539.2,539.86,3379078,3.521565406738314,651113.0,0.1927,543.65
539.2,539.05,532.1,535.05,538.99,3589822,3.523303775247921,1039253.0,0.2895,543.9
535.05,536.0,530.15,535.85,534.62,3365895,3.5211610644251383,1053150.0,0.3129,537.75
535.85,536.0,531.1,534.2,536.88,4333745,3.5287293849185555,1366595.0,0.3153,542.8
534.2,534.25,531.6,534.5,535.56,3352414,3.5210943530941874,979460.0,0.2922,538.8
534.5,534.0,532.05,539.55,537.55,4257283,3.5282438209609626,1748521.0,0.4107,541.35
539.55,539.7,539.7,548.3,546.41,5568923,3.536573060432109,2040689.0,0.3664,550.0
548.3,550.3,545.6,547.0,550.74,4971064,3.5334920128506417,1794596.0,0.361,553.5
547.0,550.0,538.2,540.15,542.35,3983640,3.526552877257245,1355752.0,0.3403,550.9
540.15,540.2,535.85,556.25,547.98,7580763,3.545594820155696,2311130.0,0.3049,560.0
556.25,557.5,544.5,547.55,548.67,4874365,3.532807780836777,1675243.0,0.3437,557.5
547.55,547.0,544.55,549.65,548.09,5196032,3.534642934619052,2387276.0,0.4594,551.95
549.65,550.2,550.2,558.6,557.4,6489464,3.541593776969416,2829888.0,0.4361,562.5
572.05,555.2,555.2,586.9,582.12,7251185,3.5460558908153987,3227899.0,0.4452,590.45
586.9,588.8,582.2,591.1,587.21,7242982,3.546274292029689,3099175.0,0.4279,593.65
591.1,595.1,584.05,587.85,594.45,7616622,3.548076102425907,2760396.0,0.3624,600.75
587.85,588.0,584.5,594.0,593.42,5397416,3.5380640911395984,1972327.0,0.3654,597.0
594.0,596.0,585.5,587.95,592.64,5910172,3.5406608096999936,1475858.0,0.2497,600.8
587.95,587.3,576.05,579.0,584.1,3534086,3.525211629650701,1361219.0,0.3852,591.9
579.0,580.0,569.2,570.85,576.22,5005254,3.535011883293127,1585957.0,0.3169,584.1
570.85,571.05,567.6,574.3,573.4,4275833,3.530264463510405,1035633.0,0.2422,577.8
574.3,569.0,558.25,562.5,567.28,4647394,3.5323890134210187,2032081.0,0.4372999999999999,574.8
562.5,560.0,555.15,571.85,566.08,4802555,3.533286965166563,1409532.0,0.2935,573.9
571.85,573.0,558.0,559.7,564.89,2731618,3.5166062869607138,862222.0,0.3156,576.8
559.7,559.1,541.1,544.7,552.65,4768019,3.532374317262821,1673830.0,0.3511,560.6
552.75,555.0,555.0,560.0,562.27,8069883,3.548137804054352,2692153.0,0.3336,567.4
560.0,562.0,561.5,566.1,567.46,4037567,3.5282777285048583,1201522.0,0.2976,573.3
566.1,567.0,545.1,549.15,555.45,4771867,3.5325460777416904,1617883.0,0.3389999999999999,567.9
549.15,548.0,539.1,543.15,547.29,5789149,3.5377485224880725,1905751.0,0.3292,554.7
543.15,545.1,543.55,546.05,548.97,6305110,3.5403166130377755,2224251.0,0.3528,553.4
546.05,557.0,547.9,564.6,559.64,5027975,3.5342918949419166,1460875.0,0.2905,566.6
564.6,567.0,559.1,565.05,563.44,3448867,3.5234308847277624,1131107.0,0.3279999999999999,568.55
565.05,565.95,553.55,556.05,561.31,3895664,3.5269067287575613,856661.0,0.2198999999999999,569.8
556.05,558.0,558.0,571.6,567.7,4393667,3.5307683237848395,1031229.0,0.2347,572.9
571.6,572.9,563.55,565.45,568.95,3651592,3.5254008454420656,722422.0,0.1978,576.9
565.45,567.0,553.4,556.85,557.51,3359996,3.5223482423565584,927189.0,0.2759,568.0
556.85,557.0,545.0,547.35,549.84,1865509,3.504403653144166,332737.0,0.1784,557.0
547.35,548.2,545.0,548.7,548.13,3331744,3.521597415426396,1384533.0,0.4156,552.35
548.7,551.0,543.0,545.55,547.19,2069914,3.507379928782841,504867.0,0.2439,552.8
545.55,543.9,526.05,529.75,532.94,3912912,3.525511031269411,1554760.0,0.3973,543.9
529.75,527.0,515.0,518.55,520.77,4456598,3.528656000473933,1945434.0,0.4365,527.0
518.55,524.0,512.0,514.0,521.69,3618427,3.522575517004063,1040725.0,0.2876,530.5
514.0,516.6,515.1,530.05,524.67,4341054,3.528103683896223,1035256.0,0.2385,531.95
530.05,528.0,525.0,542.9,539.15,6087464,3.538773421477806,2244392.0,0.3686999999999999,546.0
542.9,547.0,536.2,547.5,543.74,5567905,3.536425175158242,1790324.0,0.3215,549.8
547.5,545.0,539.55,546.7,544.8,3463076,3.522559414075399,1084777.0,0.3132,548.8
546.7,542.0,541.1,547.15,544.6,3871831,3.525837224388646,1353387.0,0.3495,550.7
547.15,555.0,533.3,539.0,551.04,13395995,3.5620456600023607,2841440.0,0.2121,559.5
539.0,539.8,533.35,543.85,539.85,7511621,3.544898893335588,2654747.0,0.3534,550.0
543.85,550.2,525.1,528.05,532.97,3762517,3.52435810497473,1025340.0,0.2725,550.2
528.05,529.5,524.65,533.85,529.04,3072191,3.518146973037176,767166.0,0.2497,535.5
533.85,533.0,525.55,540.95,539.33,3454317,3.5221868875985503,841681.0,0.2437,543.0
540.95,542.0,537.0,541.35,542.04,2098028,3.5075007675203915,418764.0,0.1996,545.0
541.35,542.75,539.2,541.15,543.81,1737052,3.501923733831968,353572.0,0.2035,547.4
541.15,540.0,540.0,549.1,546.75,4635840,3.531237941071795,1488790.0,0.3211,550.5
549.1,549.25,546.2,553.4,550.72,3164957,3.520218118387169,961525.0,0.3038,554.95
553.4,553.75,543.15,544.25,548.17,2272721,3.510231272172083,499859.0,0.2198999999999999,555.75
544.25,542.0,539.65,542.5,543.62,3128737,3.5194935135544365,1075180.0,0.3436,547.45
542.5,539.9,534.65,539.05,538.36,3689457,3.5240770406616893,1307569.0,0.3544,541.4
539.05,538.5,534.0,536.25,536.12,1774336,3.502134912555666,545538.0,0.3075,539.0
536.25,537.5,537.5,540.25,540.43,2412883,3.5115939731320367,882840.0,0.3659,543.65
540.25,542.0,524.95,525.95,531.99,3605609,3.523047796086092,1038520.0,0.288,543.7
525.95,528.0,523.1,529.6,528.16,4470270,3.529159083272673,1645327.0,0.3681,531.6
529.6,531.0,522.65,524.3,526.95,3029203,3.5176119121199902,955239.0,0.3153,535.0
524.3,525.0,515.6,520.45,520.72,4235432,3.5271582611883967,1136365.0,0.2683,526.9
520.45,524.0,522.0,531.15,528.86,2051339,3.506087457789011,468225.0,0.2282999999999999,532.95
531.15,533.15,526.6,531.0,530.32,3664809,3.523435628492043,1300306.0,0.3547999999999999,535.75
531.0,528.0,525.5,530.65,530.65,4031194,3.5262603443179303,1608487.0,0.399,534.0
530.65,531.0,526.55,530.4,530.31,7769559,3.545358588850976,3004436.0,0.3867,533.5
530.4,531.1,529.35,531.25,535.42,4193107,3.5276812500207564,1385153.0,0.3303,539.4
531.25,531.5,525.0,526.8,528.3,2282045,3.5092496363793013,502921.0,0.2203999999999999,534.7
526.8,527.0,524.4,535.0,533.34,5421328,3.5350853583449804,1806951.0,0.3333,537.9
535.0,538.0,536.0,541.0,540.54,4406235,3.529415339232216,1535915.0,0.3486,544.2
541.0,544.0,528.55,529.85,534.16,3829036,3.524940262565679,1328286.0,0.3469,545.3
529.85,528.0,528.0,553.15,544.66,9390410,3.5515776902456704,3120648.0,0.3323,555.8
553.15,556.0,551.05,555.2,557.13,4034661,3.5277169431320523,564712.0,0.14,562.7
555.2,554.0,549.0,552.3,559.19,6259593,3.54064149602982,1966246.0,0.3141,566.1
552.3,552.0,545.0,547.85,550.04,4210618,3.5285941334261324,1508934.0,0.3584,555.8
547.85,551.3,550.0,558.45,555.38,5176615,3.534919244147261,1386867.0,0.2678999999999999,560.0
558.45,560.8,556.7,559.05,560.57,4048621,3.5279993916157006,1451232.0,0.3585,563.75
559.05,561.0,561.0,566.55,565.64,6310394,3.5412083333203204,2288739.0,0.3627,569.4
566.55,566.9,560.65,569.6,565.45,3260828,3.521880870710416,1208721.0,0.3707,599.9
569.6,571.0,564.8,574.05,570.29,3311105,3.522584423693581,934455.0,0.2822,575.0
574.05,567.75,567.75,574.95,574.16,3469660,3.52416420195163,1533273.0,0.4418999999999999,577.0
574.95,577.0,576.0,590.25,586.91,8227646,3.549927786800512,2823679.0,0.3432,595.0
590.25,590.0,584.0,600.25,592.66,9028624,3.5528722120737544,3537447.0,0.3918,605.55
654.55,654.2,646.7,650.6,650.5,6411276,3.545708298537008,2181994.0,0.3403,655.05
650.6,649.0,643.05,654.65,653.0,6446770,3.5459783180966205,2602628.0,0.4037,658.5
629.55,634.0,632.7,641.85,639.51,8831638,3.554418462306354,3422674.0,0.3875,647.0
641.85,648.0,636.65,642.55,644.75,7195559,3.548776874746149,2592618.0,0.3603,653.15
642.55,643.0,637.55,640.1,640.89,3513766,3.527770927308852,1450811.0,0.4129,645.0
640.1,642.0,639.0,644.4,644.05,3814948,3.530327357764309,1325313.0,0.3474,649.5
644.4,644.0,636.45,638.05,641.81,4700583,3.53632297813608,1908243.0,0.406,648.0
638.05,637.35,637.35,645.2,643.94,3357409,3.526572565222358,1245177.0,0.3709,647.0
613.95,628.0,615.0,620.3,620.38,5541157,3.540117796352798,1579120.0,0.285,628.0
620.3,618.15,618.15,633.9,629.94,4123835,3.531957681507135,1716548.0,0.4163,636.0
633.9,634.9,630.55,638.3,638.26,5132947,3.538720749082576,2014753.0,0.3925,644.0
638.3,640.0,629.1,630.95,634.13,2739244,3.520116815075169,878746.0,0.3208,641.4
630.95,631.65,621.1,641.5,636.97,8425709,3.5529581414716174,3687559.0,0.4377,646.85
641.5,643.0,643.0,666.65,659.1,7099154,3.5490219655838726,2246922.0,0.3165,670.0
661.8,664.0,661.1,664.65,665.67,5288380,3.540806964451296,2703327.0,0.5112,671.8
664.65,666.0,666.0,679.1,678.09,5825914,3.544143732923274,2048589.0,0.3515999999999999,683.0
679.1,676.0,670.65,678.25,678.82,4972401,3.539587254256747,1282407.0,0.2579,686.3
678.25,680.0,678.15,689.55,686.67,3826622,3.532292133218832,1113911.0,0.2911,691.4
689.55,691.4,684.6,687.55,689.7,5505138,3.542996995022273,2359983.0,0.4286999999999999,695.7
687.55,685.0,680.2,691.15,687.36,4407445,3.5364445363160786,1766327.0,0.4008,692.4
691.15,692.5,689.4,698.85,697.92,7561778,3.5524767976325133,2184388.0,0.2889,704.9
698.85,698.0,693.0,703.35,705.99,7613858,3.553002758603264,3159358.0,0.4149,711.9
703.35,703.0,696.5,707.75,703.82,4456070,3.537452644641844,1397027.0,0.3135,709.9
707.75,711.9,711.0,741.45,731.66,9092585,3.559089976832354,3027359.0,0.3329,746.45
729.2,730.0,722.35,725.75,728.56,8039641,3.555459201364501,2680733.0,0.3334,739.9
711.3,714.0,702.6,707.65,714.02,8903267,3.5577955212345085,2206933.0,0.2479,724.8
707.65,719.7,709.2,719.45,716.73,7302607,3.5522392593132683,2792122.0,0.3823,722.65
719.45,722.65,713.0,717.6,719.43,6610025,3.549487597568368,2301540.0,0.3482,729.5
717.6,719.8,702.15,704.2,709.78,6459920,3.5484386702609294,2435675.0,0.377,722.7
704.2,704.5,697.1,699.8,701.59,5203768,3.5418625212892185,2227329.0,0.428,710.0
699.8,700.0,695.0,714.95,708.55,6998309,3.550689555842221,2723514.0,0.3892,718.0
714.95,720.0,705.25,708.35,714.93,8674278,3.557089011007785,2655321.0,0.3061,744.0
708.35,750.0,703.15,705.75,710.89,6480313,3.5485743986524305,2077032.0,0.3204999999999999,750.0
705.75,709.7,694.6,699.3,703.74,5069105,3.5411916043164497,1716686.0,0.3387,713.6
699.3,705.0,683.05,685.15,691.97,6610919,3.5483722083828675,2490778.0,0.3768,706.5
685.15,687.0,683.1,694.85,690.92,6916076,3.5496264487360443,1745131.0,0.2523,697.0
694.85,699.5,692.95,696.35,696.88,7201850,3.5510357584058214,3112132.0,0.4321,700.8
696.35,699.45,693.6,698.75,699.48,3624522,3.5312456720603342,1011826.0,0.2792,703.9
698.75,706.0,693.05,700.35,698.93,4568030,3.537971200946308,1067038.0,0.2336,725.0
700.35,703.0,699.05,707.6,705.21,4498578,3.5377858828245268,1485822.0,0.3303,709.8
707.6,712.0,708.25,719.4,718.06,6712154,3.5498732538987645,2892796.0,0.431,723.75
719.4,719.0,719.0,726.7,726.27,5338618,3.543603087006112,2196350.0,0.4114,729.45
726.7,725.0,720.1,730.5,726.98,4968560,3.5415522813377835,1735474.0,0.3493,732.6
730.5,732.0,728.2,730.35,733.02,3729150,3.533446820541452,1644672.0,0.441,737.3
730.35,730.0,725.5,728.9,729.9,3100515,3.52791554905725,865882.0,0.2793,734.9
728.9,734.0,733.35,738.65,740.41,5309545,3.5440024755704207,2227066.0,0.4194,745.5
738.65,740.0,734.6,741.65,741.28,4094641,3.536499962690815,1674499.0,0.4089,745.0
741.65,745.25,744.15,752.5,749.55,3770214,3.5344173856055376,1817744.0,0.4821,753.9
752.5,753.0,749.95,752.3,755.13,5456619,3.545359955356798,2730607.0,0.5004,759.45
752.3,750.0,736.55,740.95,745.95,4240354,3.537699992452703,1025355.0,0.2418,756.0
740.95,741.5,735.1,760.8,754.14,5435200,3.545208612799432,1688251.0,0.3106,763.95
760.8,763.95,755.95,764.05,762.36,3903180,3.5359218010965825,1221909.0,0.3131,767.85
764.05,774.4,758.0,764.2,762.8,3850409,3.535542049134658,1909935.0,0.496,840.0
777.95,780.0,750.0,782.25,771.62,11453566,3.5671420990352845,3442555.0,0.3006,785.0
782.25,784.0,750.0,754.45,767.74,8411554,3.558243603287647,2242162.0,0.2666,784.0
754.45,768.0,739.1,747.75,752.07,10567094,3.5641382715907515,3527603.0,0.3338,768.0
747.75,750.0,750.0,780.25,770.59,6457657,3.550790767060321,2044291.0,0.3166,783.5
780.25,789.9,780.05,788.0,788.65,7123069,3.554264673931039,1437354.0,0.2018,796.0
788.0,790.0,785.0,800.45,794.26,6978287,3.5538798753388896,1927911.0,0.2763,803.65
800.45,800.0,800.0,808.3,807.47,7138866,3.555002240009331,2480259.0,0.3474,813.4
808.3,806.0,781.0,793.55,793.62,8637061,3.559940581185867,2399743.0,0.2778,809.9
793.55,785.0,785.0,794.25,795.67,4808345,3.5432169623637138,1919226.0,0.3990999999999999,802.8
794.25,796.0,794.3,806.65,801.94,4333679,3.540434050899413,1610919.0,0.3717,808.9
806.65,808.0,798.05,802.05,803.02,3850439,3.537038632662348,906808.0,0.2355,809.9
802.05,800.0,786.9,790.85,792.57,5972187,3.549353747870411,1957901.0,0.3278,800.0
790.85,794.95,775.7,788.4,787.71,7983593,3.5574872869286884,2752920.0,0.3448,794.95
788.4,789.0,780.3,782.95,785.9,3714985,3.535367913926878,940293.0,0.2531,792.9
782.95,787.0,772.0,788.8,782.97,3792221,3.535858896761768,556835.0,0.1468,790.8
788.8,785.7,773.1,775.25,782.74,6041247,3.5493254472354545,1796684.0,0.2974,792.9
775.25,775.0,761.5,763.85,768.72,7304047,3.554250190000244,2301563.0,0.3151,777.4
763.85,777.4,759.05,771.0,768.63,6224636,3.549662165762112,1536728.0,0.2469,779.8
771.0,777.35,748.5,756.45,768.44,6281160,3.549914735308473,1935464.0,0.3081,781.4
756.45,750.15,735.0,747.3,748.08,8752227,3.5586357199253986,2945676.0,0.3365999999999999,757.8
747.3,755.0,737.05,748.15,749.22,7606407,3.5546753671553084,2236387.0,0.294,765.9
748.15,754.0,743.25,771.2,759.0,9503506,3.5613897972633333,3328884.0,0.3503,773.0
771.2,770.2,754.0,757.1,763.05,4880214,3.5424350842797847,1575794.0,0.3229,775.45
757.1,761.05,760.05,767.6,770.0,5018390,3.5435048069304,1239591.0,0.247,779.4
767.6,769.9,761.35,763.55,767.62,4221317,3.5384018678265963,1218834.0,0.2887,774.9
763.55,766.0,745.15,750.3,758.63,10620859,3.5645279762866213,3438853.0,0.3238,769.8
750.3,755.0,737.5,741.6,747.79,6151358,3.548531376416279,1430600.0,0.2326,758.65
741.6,737.5,737.5,762.5,751.79,4756595,3.5412613826661667,1826003.0,0.3839,764.9
762.5,777.0,762.25,766.2,767.98,1681989,3.5113120300503486,401674.0,0.2387999999999999,779.9
766.2,763.75,756.75,777.7,767.98,5151546,3.544185765115326,2140889.0,0.4156,779.4
777.7,764.9,764.9,788.0,783.77,5107087,3.544523470652483,1962784.0,0.3843,790.7
788.0,795.0,782.5,790.45,789.52,4346779,3.540068811480066,1734622.0,0.3990999999999999,795.0
790.45,792.0,787.1,791.15,793.49,4251918,3.5395740433870686,749327.0,0.1762,800.9
791.15,793.4,783.1,785.7,787.39,3218286,3.531231433882372,939675.0,0.292,795.35
785.7,787.0,787.0,795.4,796.62,5028746,3.544546525218348,1287063.0,0.2559,804.25
795.4,795.0,786.1,798.45,795.72,3211746,3.531479604581423,833800.0,0.2596,803.0
798.45,801.0,801.0,817.45,810.74,5774378,3.5490372319402628,2105370.0,0.3646,819.0
817.45,735.0,735.0,829.3,824.38,5972178,3.5504842733306985,1929556.0,0.3231,831.95
829.3,831.95,823.6,826.15,830.0,3716134,3.536967050911282,1010576.0,0.2719,835.0
826.15,826.0,820.8,829.05,828.41,5147798,3.5463508766052687,1866458.0,0.3626,833.85
829.05,829.6,815.0,819.3,829.46,6855478,3.554612389221704,2291306.0,0.3342,838.95
819.3,821.0,818.65,832.0,827.1,5759902,3.5495393501339736,1805037.0,0.3134,833.9
832.0,833.0,833.0,844.1,840.14,5858457,3.550476086190588,2145918.0,0.3663,848.4
844.1,846.0,836.35,842.65,840.89,4698762,3.544148169944872,1418282.0,0.3018,846.0
842.65,844.0,842.15,845.9,844.97,791677,3.4914688203182696,215711.0,0.2725,848.0
845.9,846.0,842.75,847.9,847.23,3755074,3.537868121232355,1810340.0,0.4821,850.0
847.9,849.2,840.6,848.15,851.06,8083545,3.560044019986186,3134842.0,0.3878,865.85
848.15,850.2,829.1,832.7,845.88,6347408,3.552969663415344,2216642.0,0.3492,855.45
832.7,833.0,830.25,839.55,836.53,6078658,3.551411179569269,2323275.0,0.3822,843.3
839.55,842.0,835.0,839.4,843.64,4049241,3.539935254749008,1196238.0,0.2954,849.2
839.4,847.0,836.0,840.25,843.98,3841846,3.5384204857566908,815837.0,0.2123999999999999,851.9
840.25,842.0,830.0,836.75,838.42,5034572,3.5460560965438224,1526083.0,0.3031,846.8
836.75,840.0,829.0,843.45,837.21,5278514,3.5473778707203025,1928962.0,0.3654,849.9
843.45,850.0,835.25,846.15,841.44,4734900,3.544388440994044,1710982.0,0.3614,852.2
846.15,840.0,840.0,863.35,858.68,6477762,3.55398155760356,2390643.0,0.3691,864.9
863.35,866.1,860.05,863.2,867.85,2668744,3.528595253528024,963177.0,0.3609,873.4
863.2,865.9,859.3,871.6,868.68,4009892,3.540500669096402,1517137.0,0.3782999999999999,874.5
871.6,870.15,856.0,861.95,864.05,3952919,3.5399305054615464,1657142.0,0.4192,873.4
861.95,864.0,839.1,845.25,851.07,5272788,3.547819567788738,2447829.0,0.4642,864.9
845.25,850.0,842.1,849.35,847.2,4827054,3.545142178035286,1965809.0,0.4072,854.0
849.35,854.0,854.0,857.15,858.12,2442801,3.5256640614750974,1154797.0,0.4727,861.5
857.15,859.8,852.25,854.55,858.15,3623424,3.5372024905338213,1139323.0,0.3144,866.7
854.55,856.1,849.05,860.15,856.76,3759130,3.538224521634265,1238251.0,0.3293999999999999,863.4
860.15,864.0,853.2,855.95,860.72,5728800,3.550528065623606,2020020.0,0.3525999999999999,869.75
855.95,855.0,840.2,842.9,847.67,5808569,3.5504866538608337,3052117.0,0.5255,860.0
842.9,840.0,827.0,832.7,831.18,5323102,3.547412140279284,2474475.0,0.4649,841.9
832.7,835.0,828.15,866.9,850.62,5892643,3.550998768498851,2506790.0,0.4254,869.9
891.1,898.0,885.25,889.3,894.68,4947825,3.547426860639953,2216092.0,0.4479,900.85
889.3,893.0,890.15,897.85,896.56,3661821,3.538781959556499,1312425.0,0.3584,902.0
897.85,899.5,896.0,920.0,909.48,4904724,3.547647280220397,1903778.0,0.3882,923.9
920.0,921.0,920.0,929.85,929.47,4320968,3.54462020309592,1472159.0,0.3407,936.0
929.85,933.0,920.0,921.7,925.73,5308620,3.550431632377113,2149650.0,0.4049,936.0
921.7,921.7,913.1,920.7,922.62,6359000,3.555505744525538,2778314.0,0.4369,931.45
920.7,923.0,906.2,910.15,916.05,6239710,3.554760334417111,2716741.0,0.4354,925.5
910.15,909.0,888.25,894.1,897.4,9600147,3.566421181917382,3342308.0,0.3482,910.0
928.5,580.1,580.1,693.7,709.07,61000245,3.5840784546796582,1810434.0,0.4350394407345576,727.4
693.7,700.0,691.4,704.5,699.65,10171960,3.56100774571623,1810434.0,0.4350394407345576,729.65
704.5,707.0,702.0,704.2,705.41,3859831,3.533331485249396,1810434.0,0.4350394407345576,709.4
704.2,702.0,694.0,702.35,700.17,4174933,3.5354034575455744,1810434.0,0.4350394407345576,706.0
702.35,710.0,688.95,693.45,699.77,11312904,3.5640283421609005,1810434.0,0.4350394407345576,714.0
698.65,700.0,700.0,711.05,712.46,7256981,3.5518883049614987,2761628.0,0.3805,718.2
711.05,708.4,708.4,713.9,714.52,6209049,3.5474903240661564,2465711.0,0.3971,719.8
713.9,714.6,701.0,704.8,711.77,4938137,3.5407617793134145,2030042.0,0.4111,718.8
704.8,709.9,701.0,708.65,707.23,5022425,3.541066752304146,2091881.0,0.4165,715.9
708.65,707.0,695.0,696.6,701.0,3429300,3.529687534721142,1060908.0,0.3094,707.0
720.35,720.55,706.5,720.55,717.01,6801747,3.5502121626316794,2512914.0,0.3695,723.5
720.55,719.95,714.0,716.5,717.38,6750630,3.5500103930198432,3448161.0,0.5108,722.0
716.5,715.0,715.0,719.6,716.78,5166270,3.542273227753174,3367292.0,0.6518,723.55
719.6,715.0,715.0,716.8,717.2,3170840,3.528058612928438,1994284.0,0.6289,721.0
701.8,701.8,694.05,697.05,701.14,4058936,3.5346221770502275,2200679.0,0.5422,709.4
697.05,703.0,690.0,693.15,695.86,4632076,3.5382480181137983,1976219.0,0.4266,707.5
693.15,694.0,689.0,702.05,696.62,3226110,3.5277110583595936,1443274.0,0.4474,703.45
702.05,702.05,694.3,697.75,702.1,3360389,3.5291379412286625,1683000.0,0.5008,706.0
697.75,699.25,698.0,703.95,702.9,2935983,3.525203750852765,1182043.0,0.4026,705.5
703.95,705.0,695.05,700.35,699.75,6211541,3.5469001595794123,3396586.0,0.5468000000000001,706.85
700.35,702.0,699.0,702.85,702.76,2401313,3.5192609829789085,910202.0,0.379,707.4
700.1,703.75,695.3,708.85,705.98,7720791,3.553401673306134,3159493.0,0.4092,714.9
708.85,708.0,702.1,708.25,707.84,4523549,3.5380552738606013,2396426.0,0.5297999999999999,713.9
708.25,710.0,707.0,713.15,713.67,3821962,3.5333835765001305,1422325.0,0.3721,719.0
713.15,715.0,708.25,715.75,713.56,4185425,3.536028741625675,2278839.0,0.5445000000000001,718.0
715.75,717.0,717.0,732.2,726.13,6130529,3.547587930534485,3497091.0,0.5704,733.9
732.2,733.3,729.0,732.5,735.02,5395169,3.544253470137114,2915643.0,0.5404,740.0
719.9,724.0,711.5,726.75,722.61,4618646,3.539259362868826,2391961.0,0.5179,728.7
726.75,731.0,727.15,731.45,732.61,3455455,3.53120184316177,1972232.0,0.5708,737.9
731.45,731.5,731.0,735.35,736.52,3966001,3.5353825422544056,2688751.0,0.6779999999999999,741.25
735.35,734.0,729.15,742.5,739.03,3737688,3.5337518496181506,1802415.0,0.4822,746.5
768.5,770.0,763.1,775.05,773.59,6390433,3.5506020499879263,3331489.0,0.5213,781.95
775.05,776.7,770.5,778.05,775.22,2482378,3.5231434669913453,1139419.0,0.459,780.0
778.05,780.0,774.5,780.45,785.31,4370763,3.54007360870604,1998649.0,0.4573,795.0
780.45,782.95,758.6,772.5,775.68,5109676,3.544238183704128,2338161.0,0.4576,786.5
772.5,781.5,768.65,777.35,777.46,3868446,3.5362328537844374,1631169.0,0.4217,784.45
777.35,776.0,776.0,782.2,781.4,2825935,3.5271944126975288,1565441.0,0.554,785.0
782.2,786.0,786.0,794.35,792.79,3052370,3.529881288949664,1644225.0,0.5387,797.7
794.35,795.0,787.6,790.85,791.6,1832302,3.514765900545048,724930.0,0.3956,797.0
790.85,796.0,787.25,793.75,793.29,1847797,3.515080201034832,806801.0,0.4366,797.8
793.75,796.0,788.0,795.7,800.12,3259099,3.5320693244546217,1470938.0,0.4513,806.9
795.35,801.0,801.0,828.8,823.54,5031936,3.5455244099651333,2351551.0,0.4673,833.0
828.8,831.0,830.05,836.75,835.81,3929854,3.53879593164002,1905331.0,0.4847999999999999,843.0
836.75,843.0,835.0,840.5,838.75,4564004,3.543233500478993,2853335.0,0.6252000000000001,845.0
840.5,844.5,829.65,833.45,838.8,4241119,3.541111071280622,2191509.0,0.5167,846.3
833.45,833.0,824.15,836.25,833.03,4603751,3.54328645552793,2690435.0,0.5844,841.7
846.5,850.0,846.1,851.45,851.64,2983707,3.531311816926117,1444768.0,0.4842,857.0
992.55,1000.0,953.5,974.95,973.55,8650976,3.565780661248404,3526012.0,0.4075999999999999,1008.0
974.95,975.0,966.0,977.2,983.59,6676696,3.5587215168465347,3006064.0,0.4502,999.5
977.2,977.5,951.0,955.1,963.45,3524708,3.539763087580999,1087866.0,0.3086,985.0
955.1,960.0,952.15,978.65,969.76,4795378,3.5488450959340367,1747424.0,0.3644,982.0
997.95,985.0,971.0,1008.9,998.25,6259209,3.5573030788640736,2062383.0,0.3295,1011.0
1008.9,1006.6,1006.6,1022.95,1023.63,1178831,3.5092761805069026,219361.0,0.1861,1030.0
1022.95,1025.0,1024.0,1031.15,1034.49,3045647,3.53758599226327,1444758.0,0.4744,1042.9
1031.15,1031.2,1021.1,1035.55,1032.2,2673389,3.53372251155677,1336653.0,0.5,1042.0
1080.2,1083.7,1082.0,1099.25,1097.29,5974599,3.5586726604920824,2279157.0,0.3815,1109.0
1099.25,1115.0,1112.0,1155.0,1147.97,7762822,3.56737625608434,2136259.0,0.2752,1169.0
1155.0,1160.0,1136.0,1154.1,1152.82,7244226,3.56554183424618,2339306.0,0.3229,1169.7
1110.25,1120.55,1057.0,1066.85,1078.36,8558303,3.568363925342693,2725965.0,0.3185,1120.55
1021.65,1024.95,976.0,1043.7,1022.08,12525373,3.5775509056622528,3140489.0,0.2507,1054.9
1043.7,1069.2,1055.0,1086.2,1075.83,5845869,3.5574892133553293,1584853.0,0.2711,1091.95
1086.2,1065.0,992.5,1004.8,1026.19,9549377,3.5700541358622457,3640960.0,0.3813,1069.8
929.4,939.0,921.2,967.1,947.79,8397857,3.564181679256196,3566454.0,0.4247,980.0
950.0,960.0,952.55,958.5,969.92,6631388,3.558128969886907,2963718.0,0.4468999999999999,991.8
958.5,962.0,951.0,955.95,963.48,3726526,3.5413784271218947,1042985.0,0.2799,978.0
955.95,959.7,945.0,954.95,966.74,3546189,3.54003818932614,781798.0,0.2205,977.5
954.95,938.0,912.0,954.15,935.4,9106430,3.566101248643496,3572031.0,0.3923,962.9
925.35,930.0,925.05,958.1,942.24,5698370,3.552970403770816,1635226.0,0.287,962.0
958.1,962.0,925.05,925.35,945.55,5848259,3.55381384726077,1875056.0,0.3206,970.7
925.35,920.0,900.0,906.5,914.02,8414949,3.5632112804090945,2831137.0,0.3364,925.0
922.75,918.0,893.3,901.05,906.81,7039646,3.557913995080811,2282711.0,0.3243,948.0
901.05,890.0,851.0,858.65,864.35,7244040,3.55736299641784,2370432.0,0.3272,890.0
858.65,865.0,843.2,858.45,864.99,8583434,3.5622097269379625,2430746.0,0.2832,893.0
858.45,877.0,872.5,895.35,885.3,6000097,3.552662798602612,1888529.0,0.3147,900.0
895.35,908.0,908.0,921.6,928.99,6956151,3.5582627761547427,2389809.0,0.3436,945.0
921.6,918.0,903.0,933.7,928.99,4003171,3.542396564146669,895386.0,0.2237,940.0
933.7,930.0,916.0,925.0,926.03,4529902,3.545875909975087,1422417.0,0.314,936.0
925.0,930.0,918.0,964.15,948.09,6496928,3.5568957116670603,1732713.0,0.2667,968.5
964.15,970.0,967.2,975.1,984.31,4852544,3.549614030867157,1311050.0,0.2702,993.4
975.1,968.0,952.1,1011.9,988.68,6031015,3.5559685995016803,1525706.0,0.253,1016.5
1011.9,1010.0,1002.1,1007.2,1008.78,835543,3.4984832397634005,132034.0,0.158,1024.0
1007.2,1015.0,977.5,981.2,1002.34,7047164,3.5607947557209343,2176922.0,0.3089,1023.8
981.2,993.0,979.55,985.75,994.3,12507571,3.5767406171719256,3685112.0,0.2946,1010.9
985.75,962.15,962.15,1000.95,991.19,6403778,3.557751708452132,1550181.0,0.2421,1006.0
1000.95,1023.9,1001.5,1008.35,1017.69,6026607,3.5567730280035503,1864637.0,0.3094,1030.0
1008.35,1024.9,1024.9,1059.85,1050.43,5951444,3.557318145032484,2476608.0,0.4161,1064.0
1059.85,1061.65,1054.3,1071.1,1067.83,4381854,3.5490220838546365,1307541.0,0.2984,1079.7
1071.1,1070.0,1068.0,1074.7,1075.11,3618844,3.5437025988704067,1625519.0,0.4492,1083.7
1074.7,1074.0,1065.15,1094.15,1087.77,4376904,3.549521444007389,1578869.0,0.3607,1099.0
1094.15,1079.9,1071.15,1083.25,1081.14,4269451,3.5486310761052136,1255663.0,0.2941,1091.0
1083.25,1094.0,1026.25,1031.6,1058.1,6609409,3.560510743172849,2252221.0,0.3408,1094.0
1031.6,1036.0,1023.2,1043.3,1038.41,4474993,3.548823453967445,868710.0,0.1941,1049.85
1043.3,1045.0,1036.2,1049.2,1045.69,3469398,3.541679427919267,864796.0,0.2493,1052.75
1049.2,1036.2,1011.1,1098.05,1076.13,7344439,3.5639822140002244,3167352.0,0.4313,1100.0
1098.05,1086.25,1070.35,1075.45,1079.34,3334343,3.5414465920240805,908438.0,0.2724,1095.0
1075.45,1065.0,1050.75,1069.1,1061.81,3247287,3.5402049459942626,1147757.0,0.3535,1083.0
1069.1,1058.0,1027.75,1031.4,1048.46,2941065,3.5369595238904803,1048959.0,0.3567,1068.4
1031.4,1033.0,989.1,1004.4,1006.45,6374130,3.558055035431352,1759325.0,0.276,1040.0
1004.4,1010.0,977.15,983.05,987.1,6736611,3.55907731239552,1993077.0,0.2959,1029.9
983.05,997.0,985.25,995.4,998.56,7203202,3.5613095440370155,2112506.0,0.2933,1010.0
995.4,990.0,955.6,967.55,968.9,6653511,3.5581937780939734,3175521.0,0.4773,995.0
967.55,962.0,941.5,971.5,962.13,5322776,3.551614823437925,2110352.0,0.3965,975.0
971.5,984.8,977.0,987.8,983.61,3152067,3.537117975241421,825259.0,0.2618,991.0
987.8,990.0,981.1,999.9,995.33,2948918,3.5355228859227874,1012178.0,0.3432,1004.9
999.9,1004.9,988.25,1000.1,1002.84,4682950,3.549127550035786,1417099.0,0.3026,1015.8
1000.1,1008.7,974.0,979.05,983.88,3609008,3.541057217580643,1274957.0,0.3533,1008.7
979.05,988.0,976.1,978.8,985.43,3319820,3.53867922605554,1497605.0,0.4511,998.0
978.8,974.0,974.0,981.6,981.92,3479516,3.539939515505369,1290924.0,0.371,990.95
981.6,979.0,979.0,990.9,986.08,2060549,3.524745782106406,426643.0,0.2071,994.45
990.9,995.0,981.35,988.0,996.69,3973655,3.54421678820754,1308848.0,0.3293999999999999,1008.0
988.0,988.0,962.25,967.8,981.01,4994599,3.550346171520306,1906504.0,0.3817,999.5
967.8,968.0,952.0,954.95,956.96,2432744,3.528746299959625,559423.0,0.23,968.7
954.95,955.5,955.0,977.15,968.26,2209516,3.526263895681467,625281.0,0.283,979.7
977.15,977.15,970.0,988.0,986.84,3368611,3.5391443984564908,1015366.0,0.3014,996.4
988.0,988.0,967.2,978.95,977.92,2701869,3.5324538494600533,674969.0,0.2498,990.0
978.95,985.9,975.0,1011.0,998.23,5525255,3.5537396522225566,1621416.0,0.2935,1015.0
1011.0,1015.0,1002.2,1029.25,1024.36,2643615,3.533172650858064,702403.0,0.2657,1032.0
1029.25,1035.0,1034.1,1046.5,1044.63,4117495,3.546598325590424,1976358.0,0.48,1055.0
1046.5,1059.0,1038.05,1066.1,1060.12,5353897,3.5545590245111427,2020569.0,0.3774,1074.0
1066.1,1068.0,1049.0,1055.9,1059.21,2157694,3.5282045536636253,394050.0,0.1826,1078.5
1055.9,1055.0,1045.0,1067.6,1059.74,2365329,3.530912921766579,413189.0,0.1747,1074.9
1067.6,1080.0,1055.55,1064.8,1075.01,3095055,3.5391700753718727,971672.0,0.3139,1084.9
1064.8,1062.0,1055.15,1061.9,1065.57,2384297,3.5313071203646214,487847.0,0.2046,1073.9
1061.9,1060.0,1052.0,1106.85,1087.37,5654802,3.5568457330410865,2247956.0,0.3975,1119.8
1106.85,1115.0,1101.0,1110.65,1112.85,4796556,3.552802410997689,1326405.0,0.2764999999999999,1125.0
1110.65,1113.0,1107.15,1122.1,1115.08,2073874,3.528550383257896,633269.0,0.3054,1123.9
1122.1,1129.9,1115.0,1118.85,1123.63,3949482,3.547498429250791,1896295.0,0.4800999999999999,1139.9
1118.85,1115.0,1107.1,1128.8,1124.77,3288304,3.5422379197082496,1213984.0,0.3692,1135.0
1128.8,1040.0,1040.0,1117.35,1123.22,5138080,3.5550358206250072,2407666.0,0.4686,1135.8
1117.35,1115.0,1115.0,1122.5,1123.52,2145745,3.529770739841448,710944.0,0.3313,1128.4
1122.5,1125.05,1125.05,1131.6,1132.08,2482734,3.5342589607502104,1224246.0,0.4931,1137.95
1131.6,1125.0,1116.0,1125.95,1125.95,1488628,3.5190596162815457,302352.0,0.2031,1135.0
1125.95,1126.0,1124.0,1137.5,1137.81,3579830,3.5450266861348703,1330600.0,0.3717,1146.0
1137.5,1135.0,1120.3,1125.7,1127.76,2806030,3.5377133769007467,1187496.0,0.4232,1135.0
1125.7,1130.0,1112.5,1130.8,1123.23,4495580,3.551210865614161,2017281.0,0.4487,1134.45
1130.8,1132.0,1083.0,1087.7,1102.98,4762799,3.552344833899636,1762544.0,0.3701,1134.95
1087.7,1092.0,1073.1,1106.85,1095.73,5799339,3.5577838812313347,1811209.0,0.3123,1109.75
1106.85,1111.8,1111.0,1116.15,1118.57,4004791,3.5477688243560777,1951458.0,0.4872999999999999,1125.3
1116.15,1120.0,1115.8,1126.35,1128.11,3167438,3.541239318029012,961122.0,0.3034,1136.9
1126.35,1127.0,1114.25,1140.6,1132.42,3008309,3.539855033476606,919817.0,0.3058,1144.0
1140.6,1145.0,1125.15,1133.45,1138.73,2757594,3.5374884875598416,985966.0,0.3575,1150.65
1133.45,1135.0,1109.0,1117.85,1131.19,3060577,3.5403234276635738,785575.0,0.2567,1145.4
1117.85,1114.0,1105.05,1128.15,1121.37,3127726,3.540699746208853,1124332.0,0.3595,1131.8
1128.15,1133.15,1130.25,1138.9,1137.61,3702426,3.545993380364134,1689268.0,0.4563,1143.7
1138.9,1134.75,1128.0,1156.0,1147.96,5310389,3.556599870968444,1963986.0,0.3697999999999999,1158.9
1156.0,1159.8,1156.0,1163.1,1167.97,4309600,3.551119356547401,2353253.0,0.546,1175.0
1163.1,1164.0,1160.15,1179.1,1175.93,3786786,3.547597189034265,1682930.0,0.4443999999999999,1182.0
1179.1,1186.0,1170.25,1174.05,1183.27,2420909,3.53481344454425,1159558.0,0.479,1196.8
1174.05,1171.2,1163.0,1168.0,1170.14,3831187,3.5477906192458257,1849371.0,0.4827,1180.0
1168.0,1189.8,1169.1,1171.75,1173.94,2026064,3.5293750708834226,1043094.0,0.5147999999999999,1189.8
1171.75,1165.25,1160.0,1161.8,1166.92,1039522,3.5094334489315373,303656.0,0.2921,1176.35
1161.8,1165.0,1143.0,1149.05,1155.84,5087322,3.5555699216283894,2385422.0,0.4689,1167.0
1149.05,1160.0,1150.6,1154.9,1157.99,4079358,3.549296031641393,2471517.0,0.6059,1164.4
1154.9,1166.0,1152.0,1162.85,1162.93,2702479,3.537512911157896,918461.0,0.3399,1174.4
1162.85,1155.0,1150.1,1153.45,1157.77,1653865,3.522996186716589,628931.0,0.3803,1167.0
1153.45,1160.0,1147.05,1150.9,1156.4,1316925,3.5162152823040707,446062.0,0.3387,1164.8
1150.9,1155.0,1138.5,1143.3,1148.05,2707855,3.537196123042878,1178486.0,0.4352,1161.9
1143.3,1144.45,1142.25,1168.75,1157.15,3890228,3.547909610133691,1859853.0,0.4781,1173.0
1168.75,1173.0,1173.0,1190.7,1187.75,5415820,3.55813203811242,2931563.0,0.5413,1195.95
1190.7,1195.0,1194.0,1213.4,1210.18,4348186,3.552392847612494,2162552.0,0.4972999999999999,1219.0
1213.4,1215.0,1205.1,1215.2,1213.78,2535472,3.536902112470352,995621.0,0.3927,1221.8
1215.2,1202.2,1202.2,1208.5,1214.59,2466134,3.536114233032461,1289065.0,0.5227,1220.5
1208.5,1214.0,1186.6,1197.1,1200.98,3684154,3.5474129671453194,1388382.0,0.3769,1214.0
1197.1,1205.8,1200.0,1203.55,1211.82,3792624,3.548506873910613,1928323.0,0.5084000000000001,1219.3
1203.55,1220.0,1195.1,1201.2,1204.96,663569,3.496886660399152,183666.0,0.2768,1220.0
1201.2,1200.0,1191.7,1193.85,1196.15,1779594,3.526115831131776,899573.0,0.5055,1200.9
1193.85,1190.0,1170.0,1174.95,1180.83,2425246,3.5348053340962458,1319949.0,0.5443,1194.0
1174.95,1183.9,1180.1,1222.7,1207.07,4776535,3.555008146059984,2927099.0,0.6128,1227.1
1222.7,1225.0,1212.15,1236.15,1232.12,2043590,3.531044585385121,699101.0,0.3421,1240.0
1236.15,1235.0,1218.25,1226.0,1226.75,2048330,3.5309847724443784,959992.0,0.4687,1239.0
1226.0,1221.0,1220.1,1264.4,1252.39,5496687,3.560062306432018,2288722.0,0.4164,1268.0
1264.4,1268.0,1258.5,1283.35,1280.59,4150837,3.552682300917764,1717408.0,0.4136999999999999,1299.0
1283.35,1290.0,1268.0,1287.7,1279.54,3253964,3.54566033365825,1386132.0,0.426,1291.9
1287.7,1286.0,1280.25,1304.5,1303.69,3496771,3.548272592569761,1447900.0,0.4140999999999999,1315.0
1304.5,1308.0,1285.15,1291.3,1299.04,3643621,3.5493529031195967,1900140.0,0.5215,1315.95
1291.3,1291.3,1241.35,1252.25,1262.33,4882281,3.556911400574015,2190202.0,0.4486,1294.7
1252.25,1256.0,1243.8,1260.6,1256.55,4096597,3.551762213597395,1489493.0,0.3636,1266.6
1260.6,1267.0,1253.15,1285.3,1279.53,3433415,3.5472074809223098,1371392.0,0.3994,1293.7
1285.3,1288.0,1282.0,1285.4,1287.09,1127083,3.514770333164864,300926.0,0.267,1296.0
1285.4,1290.4,1272.45,1279.4,1281.82,1624814,3.525473712862921,521385.0,0.3209,1295.9
1279.4,1282.0,1258.1,1262.65,1270.52,2094408,3.532660916525462,909899.0,0.4344,1285.85
1262.65,1265.0,1255.15,1265.75,1272.67,1616180,3.525106108383165,565683.0,0.35,1282.0
1265.75,1270.0,1252.35,1259.25,1260.79,1255215,3.517356451049336,382552.0,0.3048,1272.0
1259.25,1225.25,1225.25,1259.0,1246.26,2787002,3.5404172402141603,1352658.0,0.4853,1267.9
1259.0,1267.0,1259.15,1274.05,1269.17,1829275,3.5286658444289243,826900.0,0.452,1278.4
1274.05,1279.9,1272.3,1278.15,1281.4,1802105,3.528508190969794,706965.0,0.3923,1290.5
1278.15,1280.0,1269.0,1271.95,1277.52,1840998,3.5290458237473907,803827.0,0.4366,1289.8
1271.95,1270.0,1258.3,1262.35,1267.17,2104153,3.532719490229352,1254407.0,0.5962,1274.4
1262.35,1262.0,1250.65,1252.85,1256.99,1812379,3.5281105403946738,1076611.0,0.594,1269.0
1252.85,1249.3,1239.9,1250.7,1255.01,3116339,3.543853489267882,1667451.0,0.5351,1269.7
1250.7,1255.1,1246.15,1249.3,1257.21,1766782,3.527367273424061,895054.0,0.5065999999999999,1265.7
1249.3,1251.0,1240.05,1244.45,1248.07,2691326,3.5394458227288896,1537781.0,0.5714,1261.0
1244.45,1245.1,1245.1,1261.05,1261.33,2280348,3.534932010077306,1058084.0,0.4639999999999999,1268.9
1261.05,1265.0,1255.6,1259.9,1265.98,2498187,3.53769618309077,1552757.0,0.6215999999999999,1276.0
1259.9,1280.0,1265.0,1279.55,1283.55,3765214,3.549951458070564,1658217.0,0.4404,1294.4
1279.55,1284.8,1270.15,1281.35,1283.25,3199081,3.5452529506134507,1436089.0,0.4489,1298.95
1281.35,1281.0,1281.0,1301.0,1301.01,3823498,3.550780366823928,1951283.0,0.5103,1309.0
1301.0,1305.0,1265.0,1269.15,1280.65,2917691,3.542533601938445,1376024.0,0.4715999999999999,1305.0
1269.15,1280.0,1226.3,1240.0,1250.9,4535936,3.5545500888540604,2159098.0,0.476,1280.0
1240.0,1238.0,1176.35,1205.4,1221.46,6878210,3.5657112580278736,3220501.0,0.4682,1259.0
1205.4,1214.9,1201.0,1238.4,1229.99,5255745,3.558272962282059,2874737.0,0.547,1242.1
1238.4,1245.0,1239.05,1259.45,1254.46,3005436,3.5427929958810447,1384326.0,0.4606,1273.4
1259.45,1266.0,1245.5,1253.7,1257.37,2415209,3.536514642181216,1045127.0,0.4327,1270.0
1253.7,1260.0,1243.05,1289.1,1268.93,2522336,3.5380434939896523,1010470.0,0.4006,1298.0
1289.1,1297.8,1230.0,1253.55,1257.4,4225479,3.55266924636896,1689379.0,0.3998,1297.8
1253.55,1260.0,1233.3,1248.9,1252.54,4201035,3.552392234387718,1906145.0,0.4537,1275.0
1248.9,1252.0,1243.1,1261.45,1257.52,2314366,3.535275694437491,1151363.0,0.4975,1267.6
1261.45,1261.55,1256.25,1272.55,1270.06,1402800,3.5208667280401618,687444.0,0.4901,1275.0
1272.55,1284.9,1266.0,1277.0,1276.71,1647160,3.525758201415847,912789.0,0.5542,1284.9
1277.0,1285.0,1280.5,1293.35,1293.13,2336334,3.5363644700815966,1317048.0,0.5637,1297.9
1293.35,1297.0,1268.25,1274.7,1281.54,4093985,3.552308376558201,2332029.0,0.5696,1303.0
1274.7,1280.05,1265.2,1270.15,1271.85,2244378,3.5347106947107587,1357677.0,0.6049,1287.0
1270.15,1275.0,1270.3,1280.9,1279.56,1149902,3.5151921366562453,659158.0,0.5732,1285.8
1280.9,1285.0,1275.35,1284.55,1284.0,1489730,3.522965481187244,713956.0,0.4793,1290.9
1284.55,1290.0,1277.0,1280.5,1284.95,3022423,3.543650544608944,1442019.0,0.4771,1300.0
1280.5,1275.0,1275.0,1288.15,1296.98,3047126,3.544155124478237,1184396.0,0.3887,1312.0
1288.15,1294.0,1266.6,1276.85,1276.26,2191355,3.534114076832478,1091486.0,0.4981,1294.0
1276.85,1294.8,1272.0,1278.3,1278.37,2561246,3.538703841639959,1485044.0,0.5798,1294.8
1278.3,1275.0,1264.1,1273.15,1278.2,4813168,3.556861203503028,2760541.0,0.5735,1290.9
1273.15,1275.0,1265.2,1296.5,1286.63,2228244,3.534837086724713,1056528.0,0.4742,1300.0
1296.5,1308.7,1295.0,1339.5,1322.14,4479089,3.555772648103409,2363106.0,0.5276,1345.0
1339.5,1364.8,1346.0,1364.95,1361.14,3217452,3.5471171641231853,1718653.0,0.5342,1372.0
1364.95,1367.0,1344.1,1346.95,1353.38,1793509,3.529970697815731,817931.0,0.4561,1372.0
1346.95,1358.0,1345.15,1349.85,1352.78,1564256,3.5259416038408906,742229.0,0.4745,1362.0
1349.85,1355.0,1349.0,1367.4,1371.44,3531763,3.5500152613638525,1575699.0,0.4462,1384.7
1367.4,1428.0,1374.25,1382.75,1385.33,6458817,3.567490465305057,3420107.0,0.5295000000000001,1428.0
1382.75,1385.0,1371.05,1373.85,1377.4,1567523,3.5265336991770075,723640.0,0.4615999999999999,1394.95
1373.85,1371.05,1357.65,1360.55,1368.77,1213863,3.518799925106869,514514.0,0.4239,1380.75
1360.55,1374.4,1360.25,1369.5,1367.74,1682940,3.528414088035965,937406.0,0.557,1374.4
1369.5,1379.7,1362.55,1370.6,1368.98,2529979,3.540335029481188,1818091.0,0.7186,1379.7
1370.6,1370.0,1365.25,1382.3,1382.68,1691270,3.5288776871031624,914080.0,0.5405,1393.9
1382.3,1385.95,1358.6,1366.45,1370.9,2700046,3.5422607621194944,1653969.0,0.6126,1389.0
1366.45,1368.0,1364.05,1377.6,1372.51,919579,3.510619369449272,382085.0,0.4155,1384.0
1377.6,1383.7,1368.05,1375.05,1380.4,1631888,3.527780145275166,822029.0,0.5037,1393.7
1375.05,1380.0,1372.0,1387.35,1383.25,962858,3.51222508242742,480196.0,0.4987,1391.0
1387.35,1330.0,1330.0,1389.2,1394.04,1756515,3.5302273695228004,798380.0,0.4545,1408.0
1389.2,1398.0,1381.25,1394.9,1392.15,1527047,3.5260773518595,814042.0,0.5331,1399.8
1394.9,1396.95,1381.0,1397.05,1392.28,1002039,3.513608202504164,440132.0,0.4392,1403.0
1397.05,1400.5,1370.0,1391.8,1396.04,1538248,3.526374430809979,569686.0,0.3703,1406.8
1391.8,1387.0,1353.2,1358.95,1367.54,1268179,3.5200698537172648,600651.0,0.4736,1387.0
1358.95,1356.0,1342.0,1366.0,1367.38,1443752,3.5238966801607408,564330.0,0.3909,1385.0
1366.0,1365.15,1342.25,1377.05,1368.65,1421621,3.5234684726760617,538106.0,0.3785,1386.7
1377.05,1382.5,1382.5,1406.95,1402.27,2044494,3.5348371778024306,1086155.0,0.5313,1413.7
1406.95,1410.0,1410.0,1420.75,1421.68,1562912,3.527377161632173,543671.0,0.3479,1430.0
1420.75,1429.0,1410.25,1414.6,1429.6,3280207,3.5490854000410264,1498383.0,0.4568,1444.4
1414.6,1391.0,1391.0,1406.75,1417.4,1527424,3.5266134361404227,728897.0,0.4772,1425.0
1406.75,1415.0,1400.0,1412.05,1416.15,3719836,3.5524241828143905,2505144.0,0.6735,1425.95
1412.05,1424.0,1402.1,1413.25,1422.11,3751615,3.5527882185096824,1819745.0,0.4851,1443.7
1413.25,1420.0,1372.5,1406.55,1394.22,7248366,3.5709204709779074,3689687.0,0.509,1429.8
1406.55,1305.1,1305.1,1405.45,1403.43,2988590,3.545872195087559,1527781.0,0.5112,1415.1
1405.45,1350.1,1331.15,1352.5,1364.64,7056818,3.56956293640149,3549889.0,0.503,1380.0
1352.5,1375.0,1319.05,1367.75,1348.27,3952391,3.552754191466741,1706344.0,0.4317,1375.0
1367.75,1371.0,1308.0,1316.2,1342.13,4747034,3.557858268671284,2363461.0,0.4979,1371.0
1316.2,1300.0,1248.2,1259.35,1268.95,5389119,3.559873826370587,2753832.0,0.511,1301.0
1259.35,1274.0,1263.3,1297.85,1287.35,3553116,3.548369524420892,1420056.0,0.3997,1306.9
1297.85,1311.0,1261.1,1288.65,1292.57,3450264,3.547640637728691,1313742.0,0.3807999999999999,1329.0
1288.65,1319.0,1290.0,1335.55,1317.43,3345797,3.54730372307789,1344827.0,0.4019,1340.0
1335.55,1338.0,1305.0,1318.2,1320.96,2411381,3.5379039724828045,904400.0,0.3751,1349.8
1318.2,1329.9,1307.0,1315.7,1322.3,2156009,3.5346735883257705,871063.0,0.4039999999999999,1334.6
1315.7,1315.7,1305.25,1326.75,1322.63,1581553,3.525601924380464,729639.0,0.4613,1331.7
1326.75,1309.0,1261.25,1285.35,1290.36,2687015,3.540366153245853,1409420.0,0.5245000000000001,1309.0
1285.35,1299.0,1279.0,1283.4,1292.89,2859247,3.542223170571152,1353386.0,0.4733,1309.9
1283.4,1283.4,1276.0,1300.15,1288.3,2567950,3.5390044455210323,993545.0,0.3868999999999999,1305.8
1300.15,1301.1,1297.1,1313.55,1308.08,1180894,3.516637727322458,441443.0,0.3738,1318.0
1313.55,1318.0,1316.0,1322.95,1324.75,1172767,3.516808644936175,545295.0,0.465,1335.0
1322.95,1320.0,1305.0,1340.0,1325.83,1198964,3.517488593262718,468049.0,0.3904,1343.8
1340.0,1347.0,1347.0,1375.25,1369.13,2414019,3.5389765871234267,1377579.0,0.5707,1379.95
1375.25,1376.0,1360.0,1376.05,1375.31,1906116,3.5322238486479742,920149.0,0.4827,1383.8
1376.05,1383.0,1350.0,1364.55,1372.58,1473727,3.524614168532263,851848.0,0.578,1383.0
1364.55,1360.0,1342.55,1350.0,1355.7,2133169,3.535090567963082,1295346.0,0.6072,1374.0
1350.0,1364.0,1346.0,1357.2,1358.17,2648059,3.5414275480779107,1775249.0,0.6704000000000001,1369.0
1357.2,1360.0,1353.2,1370.3,1365.37,2645527,3.5415529030953774,1763762.0,0.6667000000000001,1374.9
1370.3,1355.0,1305.25,1313.95,1328.94,3290334,3.547072876043448,2050513.0,0.6232,1358.8
1313.95,1320.5,1309.5,1340.75,1329.93,2661129,3.5409612526593883,1390507.0,0.5225,1346.0
1340.75,1348.0,1347.7,1363.25,1360.16,1990052,3.5331595933796085,1033782.0,0.5195000000000001,1368.95
1363.25,1363.0,1352.2,1358.85,1357.93,1213467,3.5185547790643734,458897.0,0.3782,1364.8
1358.85,1365.0,1362.0,1384.3,1380.32,1111931,3.516446908741321,532182.0,0.4786,1388.0
1384.3,1389.5,1370.6,1384.4,1379.68,1325433,3.521636993132056,610978.0,0.461,1390.0
1384.4,1385.15,1377.05,1386.6,1386.49,1677682,3.52872175010135,779279.0,0.4645,1398.4
1386.6,1384.0,1372.25,1387.5,1384.01,1099116,3.516181867507352,563446.0,0.5126,1393.0
1387.5,1375.25,1375.25,1411.95,1404.45,1520073,3.526201504637511,697998.0,0.4592,1415.9
1411.95,1418.1,1417.25,1457.75,1443.97,1697452,3.530256242975308,726735.0,0.4281,1464.0
1457.75,1465.0,1452.35,1475.8,1472.97,3820017,3.554311078298524,2222692.0,0.5819,1488.0
1475.8,1473.0,1473.0,1485.35,1488.21,2291918,3.5398908485361216,1335312.0,0.5826,1495.9
1485.35,1465.25,1460.6,1492.35,1484.93,2200255,3.538641697685379,1112709.0,0.5057,1499.5
1492.35,1495.0,1495.0,1541.45,1525.37,2386403,3.5417769192913338,916700.0,0.3841,1545.0
1541.45,1543.0,1525.3,1554.3,1546.35,2501245,3.543532069646061,1272319.0,0.5086999999999999,1560.0
1554.3,1554.0,1541.05,1582.95,1573.04,2380022,3.5425901386747607,1152158.0,0.4841,1589.6
1582.95,1582.0,1563.0,1598.4,1584.98,2062547,3.5386583389708384,958992.0,0.465,1600.0
1598.4,1610.0,1584.0,1596.85,1608.64,6204641,3.570570941923872,3182355.0,0.5129,1626.6
1596.85,1612.0,1532.0,1539.2,1554.78,3137369,3.5502180146357616,1494607.0,0.4764,1612.0
1539.2,1549.8,1501.0,1561.05,1540.19,2385514,3.5420461159889363,1087467.0,0.4559,1572.0
1561.05,1575.0,1575.0,1626.15,1600.79,3685012,3.5556611677276253,2149077.0,0.5832,1630.0
1626.15,1630.25,1577.1,1583.15,1594.64,3685098,3.5555520136552525,1791766.0,0.4861999999999999,1636.0
1583.15,1605.0,1596.0,1606.5,1608.6,2832701,3.548259802015308,1471907.0,0.5196000000000001,1618.0
1606.5,1608.5,1590.0,1593.15,1603.31,2145696,3.5401394421160006,1209961.0,0.5639000000000001,1614.4
1593.15,1590.0,1573.5,1598.25,1586.68,2307786,3.541947874871191,1187625.0,0.5146000000000001,1600.0
1598.25,1607.0,1575.0,1581.4,1597.16,1810733,3.535091446610472,917324.0,0.5065999999999999,1609.8
1581.4,1551.0,1531.25,1589.1,1580.1,3365965,3.552698699083709,1558498.0,0.4629999999999999,1600.0
1589.1,1610.0,1605.0,1620.25,1616.12,1910033,3.5369902981707364,1022503.0,0.5353,1627.0
1620.25,1620.5,1593.5,1598.5,1605.14,3468852,3.5540107009427424,2306236.0,0.6648000000000001,1625.9
1598.5,1601.0,1598.6,1634.7,1613.76,2843184,3.5484582220459733,1723544.0,0.6062,1648.0
1634.7,1645.1,1645.1,1685.25,1667.89,2854239,3.549518443066865,1923561.0,0.6739,1689.75
1685.25,1684.8,1670.1,1698.45,1692.24,2318273,3.543942265966683,1245226.0,0.5371,1706.0
1698.45,1710.0,1704.2,1760.95,1746.02,3239284,3.554458568073285,1824764.0,0.5633,1770.0
1760.95,1769.0,1738.15,1779.25,1763.48,3931802,3.5602666874896105,2086742.0,0.5307000000000001,1785.0
1779.25,1780.0,1750.0,1756.15,1764.1,1603841,3.534452256285627,647933.0,0.4039999999999999,1797.8
1756.15,1750.05,1717.05,1727.2,1736.61,2824875,3.5503812315564254,1535532.0,0.5436,1760.0
1727.2,1701.25,1701.1,1728.05,1721.3,2419081,3.545663056484196,1197877.0,0.4952,1737.0
1728.05,1739.9,1716.3,1723.9,1735.82,1540056,3.532795318838281,772388.0,0.5015,1750.0
1723.9,1722.0,1712.8,1756.9,1739.99,2321445,3.544785674728588,881426.0,0.3797,1768.0
1756.9,1750.0,1742.1,1752.85,1758.5,3083875,3.5532554975046446,1406067.0,0.4559,1780.0
1752.85,1755.0,1747.0,1758.8,1759.45,1866498,3.5387904962560706,894777.0,0.4794,1771.75
1758.8,1772.8,1747.35,1751.25,1762.13,1504954,3.5325611984563947,714180.0,0.4746,1779.9
1751.25,1769.0,1738.55,1741.95,1750.91,1394408,3.530141540087065,671949.0,0.4819,1769.0
1741.95,1739.0,1722.15,1745.4,1739.83,1810873,3.5375851986249414,756059.0,0.4175,1751.0
1745.4,1751.0,1682.3,1691.3,1708.05,2727682,3.5488985756718794,1291317.0,0.4734,1758.0
1691.3,1673.0,1660.0,1669.15,1687.36,2589690,3.5470536868940994,941233.0,0.3635,1706.8
1669.15,1664.0,1647.1,1657.05,1667.95,3453696,3.5549831790164386,1395468.0,0.4040999999999999,1697.85
1657.05,1800.0,1660.25,1666.15,1679.71,2155325,3.541618700554647,705731.0,0.3274,1800.0
1666.15,1674.9,1662.7,1698.9,1681.88,2972202,3.550921365706376,977573.0,0.3289,1711.85
1698.9,1698.3,1670.0,1675.4,1688.63,2240665,3.542896122160201,783573.0,0.3497,1709.8
1675.4,1686.0,1685.0,1696.05,1694.27,1996192,3.5396448985563898,973829.0,0.4878,1703.0
1696.05,1700.0,1668.15,1681.9,1698.12,1996976,3.539722168078802,571170.0,0.286,1710.0
1681.9,1697.8,1666.5,1671.6,1682.22,1424616,3.5295967591487307,412687.0,0.2897,1697.8
1671.6,1671.6,1670.1,1726.55,1701.83,2202023,3.542617964964448,770005.0,0.3497,1730.4
1726.55,1726.55,1722.0,1732.95,1734.57,1960094,3.5397975629527565,879067.0,0.4485,1748.8
1732.95,1735.0,1721.2,1734.35,1732.75,1621509,3.5342486329360367,544152.0,0.3356,1747.5
1734.35,1735.0,1698.65,1705.1,1709.9,2055653,3.5407628521988475,909325.0,0.4424,1735.0
1705.1,1708.0,1696.8,1709.15,1707.93,2889439,3.550551919753953,1712475.0,0.5927,1714.0
1709.15,1709.0,1700.0,1703.25,1710.43,1442066,3.530440883512095,586433.0,0.4067,1720.0
1703.25,1699.0,1692.65,1698.55,1704.02,1571971,3.532854389869173,754938.0,0.4802,1719.9
1698.55,1709.0,1686.35,1692.0,1693.93,2817089,3.5495871465896784,1522700.0,0.5405,1714.8
1692.0,1700.0,1689.0,1700.55,1700.38,2635833,3.54778365493034,1252970.0,0.4754,1711.0
1700.55,1704.0,1679.05,1684.3,1693.95,2737732,3.5487659872728714,1652754.0,0.6037,1712.0
1684.3,1676.1,1676.1,1707.3,1705.04,2680539,3.548346337952635,1611493.0,0.6012,1712.85
1707.3,1711.0,1709.0,1718.15,1721.44,2179332,3.542649735914827,813883.0,0.3735,1731.65
1718.15,1718.0,1680.5,1709.85,1698.09,1759660,3.536043382559799,441933.0,0.2511,1725.0
1709.85,1714.0,1685.0,1709.9,1716.59,1577879,3.5331787940812545,621762.0,0.394,1730.55
1709.9,1702.9,1701.0,1710.95,1711.57,1509831,3.5318045426482625,766756.0,0.5078,1719.45
1710.95,1715.05,1695.0,1702.7,1707.31,1126790,3.5231343114932514,615595.0,0.5463,1715.05
1702.7,1717.0,1686.15,1703.3,1706.73,1231205,3.525735766196614,608615.0,0.4943,1718.8
1703.3,1706.6,1706.6,1719.35,1719.25,1417920,3.5300968542055298,672306.0,0.4740999999999999,1725.1
1719.35,1729.8,1726.25,1773.05,1766.68,4454697,3.563861829570296,2389422.0,0.5364,1790.7
1773.05,1780.0,1767.25,1776.7,1778.43,1506972,3.532869464224969,851690.0,0.5652,1789.0
1776.7,1789.0,1780.1,1827.85,1820.41,3566387,3.5583950180654624,1817447.0,0.5096,1838.8
1827.85,1835.0,1803.55,1822.65,1822.6,3072600,3.5541753045767344,1743995.0,0.5676,1839.0
1797.75,1837.0,1792.0,1800.55,1816.39,2392662,3.546896769997615,960419.0,0.4014,1839.7
1800.55,1811.0,1795.6,1801.15,1814.08,2985750,3.553220738627127,1689702.0,0.5659000000000001,1838.8
1801.15,1783.0,1751.4,1780.15,1769.42,2210646,3.5438573371117044,1023110.0,0.4628,1792.0
1780.15,1810.0,1792.25,1810.2,1809.23,3094692,3.554169640808827,1759893.0,0.5687,1821.0
1845.8,1820.0,1776.2,1809.05,1796.5,3363768,3.5563502583425257,1434175.0,0.4264,1820.0
1809.05,1822.0,1807.55,1829.2,1824.87,1574985,3.534910498537545,629115.0,0.3994,1836.8
1829.2,1800.0,1800.0,1833.05,1825.3,1019447,3.522151567715863,425837.0,0.4177,1840.0
1833.05,1792.0,1725.0,1739.05,1744.84,4004899,3.560488330943726,2415004.0,0.603,1792.0
1739.05,1711.0,1683.2,1752.9,1730.33,5958453,3.5714833884153614,2209310.0,0.3707999999999999,1773.9
1752.9,1800.0,1781.0,1798.0,1796.87,2357903,3.546163402570175,995740.0,0.4222999999999999,1845.0
1798.0,1800.0,1735.3,1746.85,1772.41,3838397,3.5597265742675512,1525323.0,0.3974,1812.7
1746.85,1747.0,1715.3,1766.2,1765.66,4304130,3.5628709181553053,1375194.0,0.3195,1793.8
1766.2,1799.0,1735.0,1744.0,1768.37,3057645,3.5531712506837514,1178562.0,0.3854,1808.0
1744.0,1755.55,1742.1,1776.35,1763.81,1699023,3.536127938372561,517477.0,0.3046,1782.0
1776.35,1818.0,1792.0,1833.8,1818.04,2052305,3.5424918802463887,1111134.0,0.5414,1840.4
1761.45,1729.0,1632.6,1641.6,1692.96,6053146,3.5713127660817605,2440947.0,0.4033,1749.0
1641.6,1661.15,1613.5,1674.65,1670.06,6456317,3.5727419384851875,2174122.0,0.3367,1712.0
1674.65,1630.0,1508.9,1648.55,1591.27,7673196,3.576227367242572,2470910.0,0.322,1665.9
1527.6,1558.0,1550.2,1571.4,1572.33,4466997,3.5606331933003204,2312375.0,0.5177,1594.0
1571.4,1625.0,1610.0,1621.05,1638.98,4625862,3.5628038956722885,2253456.0,0.4871,1668.0
1621.05,1590.05,1506.45,1520.2,1548.95,5172738,3.5643691981590337,2802412.0,0.5418000000000001,1599.7
1391.95,1400.0,1286.8,1306.05,1369.26,7155727,3.570050165266721,2752207.0,0.3846,1440.0
1306.05,1329.95,1281.0,1320.9,1325.9,7029875,3.568643586039425,2130698.0,0.3031,1380.0
1320.9,1350.0,1323.5,1394.95,1389.72,6723686,3.5687135630417264,2031588.0,0.3021999999999999,1425.0
1394.95,1372.55,1305.5,1316.8,1332.61,4467280,3.5559225636677825,1296259.0,0.2902,1373.55
1316.8,1271.0,1195.4,1217.65,1246.17,7147612,3.567362660060384,3045867.0,0.4261,1296.9
1217.65,1200.0,990.0,1019.5,1105.38,9257453,3.5712722414930926,3548095.0,0.3833,1209.8
1019.5,1027.15,930.0,1077.0,1014.45,9895825,3.570733278907332,2807947.0,0.2838,1090.0
1077.0,1170.0,1120.0,1153.0,1146.9,1550317,3.5208073542211342,451664.0,0.2913,1170.0
1153.0,1200.0,1149.0,1201.75,1189.32,7771683,3.5684069803913148,3108343.0,0.4,1217.9
1375.45,1439.0,1397.1,1441.7,1424.46,7050582,3.570745859302749,2352827.0,0.3337,1455.0
1441.7,1450.0,1375.2,1451.6,1413.1,6263438,3.567183593770287,1597416.0,0.255,1464.0
1269.05,1199.7,1156.3,1170.55,1197.48,9580735,3.574482758127527,2720169.0,0.2839,1233.0
1170.55,1173.0,1151.3,1220.75,1204.32,7157451,3.5664366255248305,1368165.0,0.1912,1239.8
1220.75,1250.3,1235.0,1303.1,1277.65,4959086,3.557700639660328,1525287.0,0.3076,1308.75
1303.1,1280.1,1194.05,1207.7,1220.28,6816077,3.5654273737606257,2252791.0,0.3304999999999999,1290.0
1207.7,1200.0,1142.55,1162.2,1176.08,8267192,3.5698332167292093,1804809.0,0.2183,1206.6
1162.2,1189.4,1087.35,1146.75,1139.92,11272905,3.577656003772258,3253359.0,0.2886,1195.0
1146.75,1150.0,1078.35,1141.4,1113.44,7437912,3.5653050052716706,1679369.0,0.2258,1169.9
1141.4,1102.05,1070.35,1139.95,1126.62,7351488,3.565307376345193,1731659.0,0.2356,1152.0
1139.95,1151.25,1115.0,1132.45,1179.66,10156564,3.5756977237097693,3191708.0,0.3143,1221.85
1132.45,1085.0,1040.0,1056.05,1067.42,7752644,3.5652834666453064,2109401.0,0.2721,1099.0
1056.05,1065.0,1032.1,1124.35,1090.86,8694181,3.569133026258429,2459379.0,0.2829,1156.0
1124.35,1176.55,1075.0,1144.8,1125.04,7481339,3.565762765091628,1645175.0,0.2198999999999999,1176.55
1144.8,1170.0,1051.0,1071.8,1126.43,7571705,3.566137174124512,1809830.0,0.239,1188.8
1071.8,1066.65,1066.65,1138.9,1102.5,8489033,3.568759061472346,1961407.0,0.2311,1147.0
1138.9,1120.0,1091.0,1134.45,1140.15,7291509,3.5654131939505413,2349378.0,0.3222,1169.7
1134.45,1125.3,1098.15,1109.4,1148.44,6362857,3.561758228500943,1393337.0,0.219,1180.0
1109.4,1070.0,1025.0,1073.95,1060.85,7197583,3.5630044703274137,1609184.0,0.2236,1083.7
1073.95,1100.55,1050.0,1069.1,1068.56,6566724,3.5606060948818183,1116137.0,0.17,1114.0
1069.1,1084.0,1050.1,1159.1,1114.06,9266428,3.571519550391969,2333806.0,0.2519,1170.0
1159.1,1175.0,1103.0,1117.6,1139.02,6679613,3.562902770607228,889986.0,0.1332,1182.0
1117.6,1152.2,1107.0,1118.55,1144.04,6965801,3.564216364179247,1751139.0,0.2514,1174.7
1118.55,1148.7,1137.0,1227.2,1188.02,7518930,3.5674433275989847,1991852.0,0.2648999999999999,1234.0
1227.2,1250.0,1193.3,1259.0,1225.85,9088095,3.573659112386015,2517155.0,0.277,1297.7
1259.0,1240.0,1206.25,1307.1,1273.48,9928592,3.577203545280015,2128688.0,0.2144,1324.0
1307.1,1349.0,1272.2,1340.55,1317.23,9859348,3.5779519137626625,2672479.0,0.2711,1359.0
1340.55,1350.0,1325.65,1388.5,1360.61,7748498,3.572110282824145,1968123.0,0.254,1396.8
1388.5,1390.0,1330.1,1351.4,1356.35,8838463,3.575713557270893,3119731.0,0.353,1407.0
1351.4,1340.0,1282.55,1361.0,1327.42,10705844,3.5804647564067227,3216491.0,0.3004,1372.0
1361.0,1360.25,1322.5,1351.3,1357.67,8237002,3.5737658610460907,2098052.0,0.2547,1377.5
1351.3,1305.0,1279.0,1285.55,1320.32,4876273,3.558156919760722,846623.0,0.1736,1352.4
1285.55,1281.0,1246.4,1259.75,1263.03,3848915,3.550120013858411,399922.0,0.1039,1281.0
1259.75,1251.0,1230.15,1242.0,1243.04,4105712,3.551515915258097,1116884.0,0.272,1257.0
1242.0,1250.0,1204.0,1210.15,1241.83,3172515,3.5440646499913027,565850.0,0.1784,1275.0
1210.15,1200.0,1188.0,1246.3,1221.22,5854190,3.5611369722325543,1262496.0,0.2157,1251.95
1246.3,1260.05,1228.15,1250.5,1250.53,4507295,3.5543606243579937,637793.0,0.1415,1273.0
1250.5,1254.0,1216.0,1232.75,1243.19,4931305,3.556760720881728,974904.0,0.1977,1265.7
1232.75,1240.0,1235.1,1254.65,1250.04,2856335,3.5412174138562347,322652.0,0.113,1263.0
1254.65,1259.7,1252.0,1286.4,1279.92,4961862,3.557767152961824,849731.0,0.1712999999999999,1299.9
1286.4,1299.0,1295.1,1365.85,1335.85,5506969,3.561948396318385,1771203.0,0.3216,1377.0
1365.85,1360.0,1331.25,1370.9,1364.8,6029600,3.565125257882213,1610855.0,0.2672,1390.0
1370.9,1369.0,1175.0,1200.75,1263.92,8500550,3.5726417227457565,3108951.0,0.3657,1386.0
1153.25,1139.7,1085.0,1097.9,1102.52,7364584,3.564745853249909,2572120.0,0.3493,1145.0
1097.9,1094.7,1065.0,1077.55,1104.25,6580241,3.561597859011329,1645507.0,0.2501,1146.0
1077.55,1091.1,1091.1,1179.75,1146.34,6550391,3.562530393154792,2050177.0,0.313,1218.0
1179.75,1141.8,1107.5,1142.35,1135.06,6273731,3.5610248015728243,1563311.0,0.2492,1159.95
1142.35,1151.0,1139.9,1217.35,1197.25,6661824,3.5642401031157687,1682302.0,0.2525,1231.0
1217.35,1224.6,1208.0,1229.9,1233.18,4245780,3.5522493496188625,838057.0,0.1974,1249.95
1229.9,1216.8,1168.0,1183.65,1193.77,4647100,3.5539055872759,1213648.0,0.2612,1216.8
1183.65,1160.0,1110.0,1119.85,1151.81,4967385,3.554788410586971,1116456.0,0.2248,1182.9
1119.85,1149.9,1107.1,1136.3,1131.83,6995099,3.564031187726859,1602566.0,0.2291,1154.85
1136.3,1198.0,1120.0,1156.15,1154.59,8108608,3.5687678839894525,2365571.0,0.2917,1335.0
1156.15,1186.0,1170.0,1225.95,1208.82,4483385,3.55323757163784,1284361.0,0.2865,1233.45
1225.95,1248.0,1226.4,1274.0,1252.69,4592859,3.554947525461022,1399936.0,0.3048,1290.0
1274.0,1285.0,1241.25,1270.1,1263.11,6343343,3.564369469182357,1681315.0,0.2651,1295.0
1270.1,1238.0,1238.0,1323.6,1294.67,5559302,3.5613277726721457,1147682.0,0.2064,1330.8
1323.6,1290.0,1273.55,1280.0,1300.56,5365466,3.5604483902076804,1636919.0,0.3051,1352.8
1280.0,1290.0,1273.05,1306.2,1305.92,6910891,3.5677339189589383,1716632.0,0.2484,1334.7
1306.2,1315.0,1295.1,1307.5,1317.33,3966740,3.5521928611663807,820517.0,0.2068,1337.5
1307.5,1329.0,1271.15,1288.8,1287.97,4106585,3.552539887532397,914590.0,0.2227,1329.0
1288.8,1300.0,1295.6,1344.85,1329.19,4341063,3.555030243933968,1049000.0,0.2416,1350.0
1344.85,1355.0,1341.0,1389.7,1371.79,4437777,3.556560548489928,1269735.0,0.2861,1399.0
1389.7,1388.9,1372.35,1401.95,1396.35,6796751,3.5691523477860683,2195077.0,0.3229999999999999,1414.1
1401.95,1365.0,1361.0,1381.25,1376.35,4205287,3.5551185572331216,1083001.0,0.2575,1389.3
1381.25,1378.7,1345.3,1351.55,1361.91,3144540,3.54647290393786,575195.0,0.1829,1378.7
1351.55,1367.0,1361.0,1392.4,1389.58,2904652,3.54476394219083,851523.0,0.2932,1404.0
1392.4,1384.45,1311.1,1320.2,1341.81,4594188,3.556918406015382,1289640.0,0.2807,1397.05
1320.2,1301.15,1258.2,1267.3,1275.4,3828752,3.5502491005460213,1389483.0,0.3629,1307.0
1267.3,1267.0,1240.0,1295.15,1294.88,4574188,3.5557775362923487,797918.0,0.1744,1317.8
1295.15,1290.0,1282.1,1293.75,1295.64,3004383,3.5437168548262186,684578.0,0.2279,1309.0
1293.75,1256.05,1241.55,1253.4,1256.53,3677545,3.548662537522229,1098361.0,0.2987,1283.0
1253.4,1235.0,1201.35,1253.25,1231.08,4570169,3.5543085235029417,1050889.0,0.2299,1263.6
1253.25,1265.0,1262.55,1266.55,1274.82,2954972,3.5427689599762915,592828.0,0.2006,1286.0
1266.55,1258.0,1251.3,1290.8,1272.68,3839552,3.550268574901511,1406343.0,0.3663,1297.0
1290.8,1289.4,1246.55,1266.05,1265.67,4810161,3.556562186396284,1415537.0,0.2943,1293.0
1266.05,1228.7,1215.0,1225.65,1237.64,4937991,3.556671748650813,1247678.0,0.2527,1263.7
1225.65,1230.0,1175.0,1196.85,1225.07,5237026,3.5580570898961,1362694.0,0.2602,1251.95
1196.85,1155.35,1155.35,1211.1,1197.96,5976700,3.561179073907521,1263143.0,0.2113,1217.7
1211.1,1208.0,1142.25,1149.8,1165.91,7117449,3.5653618626651578,2116832.0,0.2974,1220.0
1149.8,1130.0,1115.3,1169.9,1147.84,4562909,3.552258570545608,728025.0,0.1596,1177.0
1169.9,1161.0,1138.15,1153.35,1149.09,3346831,3.5433673587824943,863475.0,0.258,1168.0
1153.35,1181.0,1158.0,1202.0,1197.22,4864919,3.555297901941292,1305872.0,0.2684,1214.6
1202.0,1229.9,1226.0,1284.25,1259.75,4113560,3.5519536052870024,1164849.0,0.2832,1293.8
1284.25,1284.25,1271.0,1327.6,1303.6,4526883,3.5556725142401326,953815.0,0.2107,1334.0
1327.6,1330.0,1293.15,1300.2,1315.8,4755486,3.557344194510578,944698.0,0.1987,1343.0
1300.2,1315.1,1315.1,1331.4,1341.93,4368767,3.55548471672866,978726.0,0.2239999999999999,1362.0
1331.4,1338.0,1320.1,1345.7,1337.32,4341169,3.55520522625315,1021021.0,0.2352,1353.85
1345.7,1339.0,1322.0,1339.2,1336.02,5105940,3.5598035411215765,1660313.0,0.3252,1359.9
1339.2,1354.0,1354.0,1438.45,1402.61,4971588,3.560428531996414,1492578.0,0.3002,1450.0
1438.45,1450.05,1440.0,1452.45,1456.78,6896741,3.570756344997189,1785204.0,0.2588,1475.0
1452.45,1450.0,1450.0,1532.2,1501.48,9567684,3.5807660850661227,2861664.0,0.2991,1549.0
1532.2,1549.7,1523.0,1565.5,1551.08,8215501,3.5774216187244927,2468747.0,0.3005,1579.0
1565.5,1554.0,1535.0,1548.75,1554.23,6744638,3.5719500494954923,1787131.0,0.265,1583.4
1548.75,1521.1,1495.0,1516.45,1514.23,6871088,3.5717392695315864,2296915.0,0.3343,1535.0
1516.45,1535.0,1515.0,1524.75,1538.06,5714483,3.5669862623572715,2089547.0,0.3657,1551.95
1524.75,1523.0,1497.35,1581.25,1547.09,4777855,3.5620841182329057,813903.0,0.1703,1594.0
1581.25,1610.0,1602.25,1661.35,1651.76,5489146,3.567863771993956,1924755.0,0.3506,1680.0
1661.35,1700.0,1645.6,1671.6,1681.61,5259028,3.5671606419575497,1348687.0,0.2565,1742.3
1671.6,1639.95,1605.0,1725.15,1657.62,9194966,3.582413658598661,3318188.0,0.3609,1739.0
1725.15,1750.0,1705.25,1735.75,1736.03,5193767,3.567707183677961,1022131.0,0.1968,1767.85
1735.75,1759.95,1723.0,1773.55,1754.26,3804850,3.559184049434857,903958.0,0.2376,1789.0
1773.55,1750.0,1733.15,1830.05,1798.92,6047211,3.5729908220715547,2083908.0,0.3446,1839.7
1830.05,1811.1,1718.35,1735.0,1773.95,6619758,3.575135470104382,2089147.0,0.3156,1840.0
1735.0,1750.1,1702.35,1716.95,1750.53,6420246,3.573905296197961,1788741.0,0.2786,1780.65
1716.95,1720.0,1688.3,1715.4,1724.67,4930249,3.5660510578970706,1424041.0,0.2888,1754.7
1715.4,1695.0,1684.7,1706.1,1708.77,5002628,3.5662011911097413,1142606.0,0.2284,1733.65
1706.1,1720.0,1691.0,1718.0,1713.04,4423560,3.562789056422919,1043575.0,0.2359,1733.0
1718.0,1717.0,1696.0,1763.7,1740.47,4239012,3.562030713214599,761586.0,0.1797,1774.9
1763.7,1750.0,1727.0,1788.85,1762.03,5475144,3.5696137208523377,1983521.0,0.3622999999999999,1802.0
1788.85,1791.0,1761.0,1785.55,1784.08,4197673,3.5624548789135018,1370436.0,0.3265,1807.0
1785.55,1781.0,1731.0,1737.15,1763.73,4024229,3.560931248166526,1060934.0,0.2636,1792.0
1737.15,1751.0,1745.85,1806.25,1787.05,4271409,3.562995975866757,1881500.0,0.4405,1820.0
1853.4,1853.0,1745.0,1775.15,1819.99,4201235,3.563044107139179,1285856.0,0.3061,1866.95
1775.15,1749.7,1717.1,1750.95,1740.57,4149470,3.5614262821082185,1405750.0,0.3388,1768.5
1750.95,1774.0,1766.0,1814.05,1788.73,3699051,3.5589351630900654,1324021.0,0.3579,1825.0
1063.75,1050.0,1011.0,1045.95,1031.62,5821983,3.556175317939495,2072064.0,0.3559,1058.0
1045.95,1062.5,1054.0,1063.5,1067.15,4130831,3.547306066705264,1523861.0,0.3689,1078.9
1063.5,1075.0,1067.2,1098.0,1086.9,2859884,3.5371929982043886,1110830.0,0.3884,1100.0
1098.0,1105.25,1091.2,1100.45,1105.31,4727337,3.552191124548969,2281472.0,0.4826,1118.65
1100.45,1104.9,1092.1,1099.65,1107.21,3980841,3.547302188425327,1773971.0,0.4456,1120.0
1099.65,1091.0,1080.3,1088.4,1093.39,3191869,3.540555896345168,1035850.0,0.3245,1107.0
1088.4,1088.0,1050.0,1055.0,1068.5,4725251,3.551207228343299,2428747.0,0.514,1094.1
1055.0,1060.0,1055.15,1080.35,1074.94,4670917,3.55104784097654,2027852.0,0.4341,1084.45
1080.35,1070.0,1062.15,1071.85,1071.41,2555542,3.533494824830135,879232.0,0.344,1078.0
1071.85,1073.7,1062.0,1071.8,1072.31,2958917,3.5377900629269114,1162375.0,0.3928,1082.0
1071.8,1080.0,1064.5,1071.25,1076.77,3531678,3.543042005753653,1386900.0,0.3927,1088.0
1071.25,1068.0,1063.0,1067.95,1074.34,3182678,3.539962427278355,1220305.0,0.3834,1084.0
1067.95,1068.0,1048.0,1051.6,1060.24,3354156,3.5411010011076227,1465924.0,0.437,1074.0
1051.6,1049.9,1038.1,1047.15,1045.76,3376882,3.540898215049749,1583013.0,0.4688,1055.0
1047.15,1054.8,1030.0,1034.95,1038.94,3245059,3.539553354569123,1268866.0,0.391,1054.8
1034.95,1035.0,1005.0,1007.65,1017.39,5025388,3.5515676103177403,2400051.0,0.4775999999999999,1035.0
1007.65,1001.0,990.0,1016.95,1014.94,5621862,3.5547103738344776,1552536.0,0.2762,1030.8
1016.95,1018.2,1011.3,1019.2,1020.79,3186287,3.538510649646273,785011.0,0.2464,1028.8
1019.2,1025.0,1021.4,1066.2,1051.2,4903897,3.551803334274367,1676075.0,0.3418,1067.9
1066.2,1075.0,1058.35,1076.3,1071.2,3691064,3.5441681891949504,1245899.0,0.3375,1083.8
1076.3,1079.0,1070.0,1080.25,1081.74,2782375,3.5362546183323174,1271973.0,0.4572,1089.0
1080.25,1079.8,1069.5,1076.05,1077.14,2121225,3.528196859800357,873929.0,0.412,1085.0
1076.05,1084.0,1081.35,1090.55,1090.28,4009836,3.5470675686550064,2150984.0,0.5364,1096.0
1075.5,1149.9,1065.4,1070.7,1078.03,4890040,3.55244475671592,2861065.0,0.5851,1149.9
1070.7,1079.9,1070.65,1088.0,1084.64,5415538,3.5555398979120327,2539975.0,0.469,1094.5
1088.0,1088.0,1078.0,1106.05,1103.49,5988404,3.5588986053246856,2522438.0,0.4211999999999999,1115.0
1106.05,1108.0,1096.0,1103.15,1104.79,3453926,3.5431411855399664,1253746.0,0.363,1113.8
1084.35,1088.0,1068.6,1088.6,1085.06,3511078,3.5430947640444987,1497490.0,0.4265,1092.0
1088.6,1086.0,1086.0,1121.7,1113.84,5610718,3.5573084876132324,3016976.0,0.5377000000000001,1124.8
1121.7,1125.8,1105.05,1110.75,1120.0,4289733,3.549782457149742,2557750.0,0.5962,1138.9
1110.75,1107.0,1091.95,1099.5,1105.59,3239525,3.541307080330575,1519653.0,0.4690999999999999,1116.45
1099.5,1100.0,1082.65,1085.0,1095.62,2986363,3.5386833427768427,1520965.0,0.5093,1106.05
1085.0,1095.0,1072.0,1077.5,1084.31,4418747,3.5497034332631023,2726964.0,0.6171,1097.1
1077.5,1075.0,1050.25,1054.05,1062.58,4254235,3.548030145131584,2315611.0,0.5443,1077.0
1053.85,1049.65,1036.7,1042.05,1045.5,3061478,3.538044541493751,1625799.0,0.5311,1054.4
1042.05,1034.0,1020.0,1027.55,1032.66,5678803,3.5554928307534506,2746015.0,0.4836,1050.0
1037.15,1032.9,1018.1,1046.2,1035.23,5333541,3.553770655511161,2154123.0,0.4039,1051.8
1046.2,1037.5,1035.55,1045.4,1046.54,2773369,3.5351961530990983,1095182.0,0.3949,1055.0
1045.4,1052.0,1024.1,1027.3,1037.43,3942831,3.5451486692200924,1795002.0,0.4553,1056.35
1027.3,1031.1,1031.1,1033.95,1039.18,3440695,3.5412576859388056,1578729.0,0.4588,1048.4
1033.95,1038.0,1014.0,1019.15,1027.44,2737193,3.5342759407079862,927033.0,0.3387,1038.0
1019.15,975.0,975.0,981.7,990.64,6830723,3.559574000038084,3359846.0,0.4919,1007.75
981.7,990.0,985.4,993.75,992.34,647435,3.4902385161077945,194115.0,0.2998,997.5
993.75,985.0,975.0,994.35,987.98,5919146,3.5554135257430604,2684910.0,0.4536,1004.35
994.35,993.75,982.7,993.25,991.87,3266918,3.5384015809688694,1319304.0,0.4038,998.0
993.25,999.9,982.0,985.1,989.41,4174214,3.54542672395769,2084065.0,0.4993,999.9
985.1,989.25,988.5,1015.15,1003.95,5360299,3.553035462610867,2570682.0,0.4796,1019.8
1015.15,1027.0,1007.6,1010.0,1016.13,3085557,3.537443737494516,1519059.0,0.4922999999999999,1027.0
1010.0,1010.1,1005.0,1017.75,1013.91,2301434,3.528814553819012,1029860.0,0.4475,1021.0
1017.75,1025.0,1022.05,1032.55,1029.06,3572783,3.542065308251233,2105966.0,0.5894,1037.8
1032.55,1030.0,995.0,997.8,1004.53,4533745,3.548244622009181,2357685.0,0.52,1038.35
997.8,995.0,977.15,983.2,984.36,4058388,3.5444664609948946,1862270.0,0.4589,995.0
983.2,995.3,970.0,977.95,985.82,2901188,3.534767140770992,1539374.0,0.5306000000000001,1000.0
977.95,974.0,970.0,975.35,976.1,2966309,3.535125429574951,1393982.0,0.4699,983.0
975.35,970.0,966.65,978.8,980.37,2854453,3.534131584395491,1442972.0,0.5055,985.7
978.8,980.1,959.15,963.1,968.68,4332580,3.5458901842590698,2486288.0,0.5739,985.0
963.1,969.0,966.25,978.95,983.6,5161233,3.551363905613776,2079040.0,0.4028,995.0
978.95,985.0,979.4,983.2,986.75,4162636,3.5452689866883778,2367365.0,0.5687,999.0
983.2,988.0,988.0,1024.8,1013.96,6085791,3.5569470542877792,3059326.0,0.5027,1028.0
1024.8,1040.0,1008.0,1014.0,1017.9,4750237,3.5499657226234604,2492410.0,0.5246999999999999,1040.0
1014.0,1022.0,1005.1,1009.8,1012.5,2691454,3.533356490788801,1087185.0,0.4039,1026.0
1009.8,1021.2,1002.0,1004.1,1012.96,2729580,3.53378035570451,1368626.0,0.5014000000000001,1027.0
1004.1,1006.5,988.05,990.35,996.13,3990953,3.544325906965872,2371709.0,0.5943,1011.8
990.35,995.0,989.3,1008.75,1009.65,5670503,3.5548071109699206,2822837.0,0.4978,1018.9
1008.75,1010.0,1007.0,1016.45,1013.43,3333605,3.539613174021735,1938618.0,0.5815,1020.0
1016.45,1015.0,1014.0,1021.6,1024.47,5105006,3.5522171759109984,2752980.0,0.5393,1033.0
1021.6,1022.0,1013.1,1028.05,1024.23,4144602,3.546218934406819,2385602.0,0.5756,1031.95
1067.95,1074.8,1065.8,1069.7,1074.14,4937276,3.5526164694338904,2663594.0,0.5395000000000001,1082.5
1069.7,1074.0,1064.1,1076.95,1073.07,3495591,3.5426452554757355,1907786.0,0.5458,1081.6
1076.95,1078.8,1070.15,1092.05,1083.87,4511717,3.550289804923148,2736665.0,0.6066,1096.5
1092.05,1062.0,1062.0,1073.95,1086.76,4678751,3.5514094633675177,2407406.0,0.5145000000000001,1099.0
1073.95,1077.95,1076.95,1091.4,1086.62,4572931,3.550749374045124,2545121.0,0.5566,1093.95
1091.4,1096.0,1077.4,1091.45,1087.84,5250073,3.554737214996025,3275617.0,0.6239,1097.0
1091.45,1097.0,1095.15,1100.45,1104.22,4131759,3.5482957128842734,2164724.0,0.5239,1111.0
1100.45,1103.7,1091.0,1093.3,1101.74,4628760,3.5514941717051784,3045977.0,0.6581,1109.95
1093.3,1096.0,1083.0,1088.15,1096.16,4329090,3.549426620415708,2550990.0,0.5893,1105.7
1088.15,1092.9,1071.3,1074.25,1078.12,4948302,3.5527863549550687,3122707.0,0.6311,1095.0
1074.25,1078.0,1077.0,1092.05,1089.63,2861856,3.537285894857496,1514561.0,0.5292,1098.5
1092.05,1096.5,1096.5,1125.9,1115.27,4551762,3.5513631696591017,3035202.0,0.6668000000000001,1129.65
1125.9,1128.0,1120.2,1123.2,1124.85,2853138,3.5381223532842383,1471813.0,0.5159,1133.0
1123.2,1125.0,1123.1,1129.7,1133.72,4621626,3.552270156418765,1940679.0,0.4199,1149.7
1129.7,1133.0,1101.5,1106.55,1118.21,3365528,3.542740478542455,1481049.0,0.4401,1136.5
1106.55,1108.2,1108.2,1124.7,1123.27,3846259,3.546726428218748,1701656.0,0.4424,1131.0
1124.7,1145.0,1122.65,1127.35,1129.83,2902957,3.5387535891505686,1367021.0,0.4709,1145.0
1127.35,1128.0,1111.3,1120.9,1120.82,3193600,3.5412896514023857,1718778.0,0.5382,1134.0
1120.9,1125.0,1087.05,1090.7,1108.72,5551581,3.5568748827388257,3095594.0,0.5576,1134.9
1090.7,1086.1,1071.15,1084.25,1083.79,4158779,3.54794591291462,1851637.0,0.4452,1095.0
1084.25,1079.8,1051.0,1061.8,1062.5,3746293,3.5443617887156216,1662797.0,0.4439,1079.8
1061.8,1069.85,1054.35,1063.2,1066.82,3828437,3.545105140890996,1735142.0,0.4532,1079.75
1063.2,1070.0,1048.15,1054.1,1058.74,4385951,3.5488031319164755,2312311.0,0.5272,1073.7
1054.1,1050.5,1050.05,1075.75,1073.94,5851352,3.5574657053476018,2325699.0,0.3975,1093.9
1075.75,1080.0,1080.0,1088.2,1089.19,5311168,3.555103431961652,2510950.0,0.4728,1096.0
1088.2,1080.0,1063.5,1071.25,1073.32,3806402,3.5451139362617483,1752779.0,0.4604999999999999,1097.8
1071.25,1063.0,1055.0,1061.25,1060.26,3193352,3.539676540436256,1671136.0,0.5233,1068.0
1017.25,1024.0,1019.15,1035.05,1029.37,5359600,3.553747706889928,2928229.0,0.5464,1039.9
1035.05,1040.0,1030.0,1033.6,1035.89,3616419,3.542608229892032,1822999.0,0.5041,1047.2
1033.6,1026.0,1018.1,1023.75,1024.91,2865346,3.5355385020347225,1375577.0,0.4800999999999999,1032.6
1023.75,1024.2,1013.5,1021.15,1025.61,3965640,3.544984543939535,1167607.0,0.2944,1039.0
1021.15,1010.0,1003.3,1020.65,1015.54,3423392,3.540444412060875,1317853.0,0.385,1023.55
1020.65,1019.8,1004.0,1007.85,1011.29,5454783,3.5537443392258696,3238532.0,0.5937,1023.3
1079.4,1089.0,1063.35,1067.8,1074.7,6017564,3.558284246879865,2941567.0,0.4888,1089.0
1067.8,1076.05,1064.05,1082.95,1076.89,3496020,3.5427518117228507,1224324.0,0.3502,1089.45
1082.95,1062.0,1062.0,1071.8,1080.44,2731043,3.5356771767562183,1317784.0,0.4825,1093.4
1071.8,1067.7,1035.0,1043.65,1055.71,4151458,3.5471392699862214,2032654.0,0.4896,1071.0
1043.65,1034.7,1009.0,1016.55,1015.35,4711513,3.549658461087061,2650147.0,0.5625,1034.7
1016.55,1020.0,1007.8,1020.6,1021.68,3530511,3.541512293654402,1261846.0,0.3574,1033.45
1020.6,1017.0,995.1,998.65,1004.26,5965445,3.556102824216629,3414303.0,0.5723,1017.75
998.65,1001.0,993.75,999.95,1003.39,4246454,3.5463264058041584,2332399.0,0.5493,1013.0
999.95,989.9,976.1,995.55,988.5,4381347,3.5467968902013123,2305283.0,0.5262,999.85
995.55,1018.0,1016.45,1022.65,1030.55,5652017,3.555299471225516,2949743.0,0.5219,1048.95
1022.65,1025.0,982.75,985.65,996.06,5770796,3.554920938888793,3335419.0,0.578,1025.0
985.65,994.9,991.0,1008.05,1002.8,3137663,3.5375466574445293,1444459.0,0.4604,1010.0
1008.05,1011.0,1001.6,1022.25,1017.94,6264345,3.55788333398428,3431727.0,0.5478000000000001,1027.7
1022.25,1029.95,1014.5,1036.65,1031.13,4008272,3.5454480663012617,2070635.0,0.5166,1039.0
1036.65,1030.15,1028.75,1045.6,1040.81,3782780,3.5440458611995425,2321469.0,0.6137,1048.5
1045.6,1043.3,1004.1,1010.55,1018.22,4449630,3.5480952349500026,1886844.0,0.424,1045.0
1010.55,1015.0,1003.35,1011.05,1012.91,4509546,3.548329619568172,2378440.0,0.5274,1021.0
1011.05,1019.9,1019.9,1030.8,1030.93,3910363,3.544728578439779,2088739.0,0.5342,1038.0
1030.8,1031.0,1022.45,1031.2,1030.41,3220285,3.539091319360564,1909686.0,0.593,1036.0
1031.2,1015.0,1000.0,1007.75,1007.31,3086645,3.537200357251708,1589223.0,0.5149,1015.0
1007.75,1009.7,995.1,996.4,1003.52,3480569,3.5405796129833185,1642772.0,0.472,1012.7
996.4,1000.2,1000.0,1007.05,1007.98,3484176,3.5407380431041515,1774698.0,0.5094,1015.0
1007.05,1010.0,1007.15,1015.35,1013.36,3191686,3.538347612359555,1925322.0,0.6032000000000001,1017.45
1015.35,1025.0,1021.0,1046.4,1040.47,5327604,3.553883060836079,2323869.0,0.4362,1050.85
1046.4,1054.9,1049.1,1063.5,1060.73,3632863,3.5434250894677404,1593968.0,0.4388,1070.0
1063.5,1065.2,1050.1,1066.1,1061.88,4341443,3.5485948807270224,1864042.0,0.4294,1069.9
1066.1,1070.0,1055.1,1057.95,1061.68,2704841,3.534885595698093,1389888.0,0.5139,1072.65
1057.95,1063.3,1058.3,1071.4,1068.57,4811174,3.5517258545169867,2067866.0,0.4297999999999999,1077.0
1071.4,1080.2,1050.55,1054.35,1070.29,8749692,3.568775877510111,3071175.0,0.351,1089.8
1054.35,1061.0,1061.0,1065.65,1067.11,2695660,3.5349351535379334,1349181.0,0.5005,1071.7
1065.65,1063.0,1056.95,1063.8,1064.44,2950749,3.5374953957135284,1203119.0,0.4077,1074.8
1063.8,1059.7,1054.0,1058.7,1060.08,2665095,3.5344095901843,1448356.0,0.5435,1067.5
1058.7,1059.0,1047.3,1052.05,1057.19,4298567,3.5481821711307653,2139010.0,0.4976,1065.8
1052.05,1050.0,1043.0,1062.95,1054.46,4646050,3.5503424127856382,1739590.0,0.3744,1068.0
1090.15,1091.0,1064.2,1067.45,1073.67,3249076,3.540543188820943,1606362.0,0.4944,1091.0
1067.45,1060.0,1057.5,1089.85,1085.0,6088910,3.55889161335639,2873372.0,0.4719,1093.95
1089.85,1084.0,1066.5,1076.25,1074.96,3042649,3.5386726802282475,1347366.0,0.4428,1086.35
1076.25,1076.0,1065.3,1068.95,1074.88,2502708,3.5329789168116306,1125994.0,0.4499,1083.95
1068.95,1070.0,1062.7,1068.3,1068.03,1462821,3.5169745737527145,794530.0,0.5431,1073.15
1068.3,1065.5,1065.5,1073.9,1075.29,2115540,3.5280675715454586,1062214.0,0.5021,1081.9
1073.9,1074.0,1051.0,1053.55,1060.35,3140408,3.539193702540792,1542533.0,0.4911999999999999,1074.8
1053.55,1060.0,1055.25,1057.1,1062.34,2737949,3.5352583798640467,1496329.0,0.5465,1069.55
1057.1,1063.95,1053.55,1057.65,1058.15,2965846,3.537471290337609,1649899.0,0.5563,1066.0
1057.65,1060.0,1052.05,1056.25,1058.96,2871831,3.536556307043146,1419028.0,0.4941,1067.95
1056.25,1057.25,1057.25,1074.3,1068.46,3438642,3.542045325144519,1768626.0,0.5143,1077.75
1074.3,1080.0,1067.25,1070.45,1075.25,3650519,3.543958058041572,2275028.0,0.6232,1094.45
1070.45,1071.95,1068.1,1073.45,1073.7,3172106,3.5398486109669216,1922206.0,0.606,1080.9
1073.45,1071.05,1060.0,1062.95,1064.33,2006855,3.5262164444504456,992241.0,0.4944,1074.0
1062.95,1058.1,1053.8,1056.05,1059.34,2242066,3.529333495536448,1209930.0,0.5396,1065.9
1056.05,1057.0,1049.1,1052.95,1058.77,1564673,3.51871298600056,677680.0,0.4331,1065.9
1052.95,1058.9,1055.65,1058.4,1058.98,2245764,3.5293719300933324,1353979.0,0.6029,1063.0
1058.4,1058.4,1047.6,1059.0,1053.89,3629863,3.5432141188091144,2284619.0,0.6294,1060.85
1059.0,1063.95,1056.8,1060.45,1064.46,3152167,3.539414507143068,1529864.0,0.4853,1070.9
1060.45,1063.5,1050.25,1053.1,1058.09,2083245,3.527142217988303,1009718.0,0.4847,1067.4
1053.1,1058.85,1051.1,1053.5,1056.17,2773497,3.5354645819560764,1349522.0,0.4866,1061.15
1010.15,1014.95,1007.25,1009.65,1012.94,4398414,3.5476124238303512,2431295.0,0.5528000000000001,1020.35
1009.65,1016.0,1011.4,1014.55,1015.75,2897730,3.5356043132489394,1759216.0,0.6071,1021.8
1014.55,1019.15,1014.0,1027.75,1025.63,4595476,3.549231550508695,2894829.0,0.6299,1030.9
1027.75,1028.0,1012.55,1016.05,1018.07,4187240,3.5463402405676434,2668383.0,0.6373,1031.0
1016.05,1019.95,1005.05,1007.05,1012.53,4184906,3.546166796195291,2792198.0,0.6672,1023.7
1007.05,1008.9,998.5,1000.1,1002.86,4561587,3.5483729239652027,2826362.0,0.6196,1010.1
1000.1,1000.0,992.0,993.6,997.06,5086803,3.551337043165287,3382961.0,0.665,1006.0
993.6,991.0,986.3,987.9,993.1,4569314,3.548140090903205,2804668.0,0.6138,1002.4
987.9,989.8,980.1,983.25,986.04,5009919,3.5505809520847,2407475.0,0.4805,994.9
983.25,980.0,970.0,972.6,973.32,5694088,3.5538776313453786,3535140.0,0.6208,983.25
972.6,970.5,970.5,979.1,982.51,6974575,3.559932297180352,3647530.0,0.523,993.8
979.1,980.0,975.0,976.9,982.13,3206742,3.5375742115571827,1648212.0,0.514,991.9
976.9,980.0,970.0,970.65,975.07,3380458,3.5388979145224138,1787871.0,0.5289,984.95
970.65,973.0,958.35,964.6,965.77,5682424,3.5535961471750803,3395919.0,0.5976,977.0
964.6,963.7,963.7,977.2,979.22,4723202,3.5486881479437056,2505478.0,0.5305,984.9
977.2,977.2,972.5,988.65,986.3,4799377,3.5493553215993656,2013630.0,0.4196,993.4
988.65,992.05,975.6,976.9,981.2,3095800,3.5365221989160167,1761321.0,0.5689000000000001,992.05
976.9,976.9,967.3,972.4,973.55,4406206,3.5465205323735702,2572422.0,0.5838,981.0
972.4,970.0,965.5,967.8,971.54,4256327,3.545463038879773,2519415.0,0.5919,977.85
967.8,970.0,955.05,956.45,961.0,6362576,3.556685546144809,2887829.0,0.4539,973.0
956.45,958.9,946.55,949.6,952.19,5558199,3.552557822392384,2759230.0,0.4964,960.9
949.6,952.1,945.0,947.95,951.71,2722106,3.5318778060903595,1388427.0,0.5101,964.8
936.2,945.0,936.0,937.45,939.92,4045759,3.543041188227021,2579372.0,0.6375000000000001,946.65
937.45,940.0,924.2,925.7,928.28,3300811,3.536774979452165,2124268.0,0.6436000000000001,941.6
962.3,955.1,952.0,959.6,958.07,2659076,3.5313871743865155,1261520.0,0.4744,964.7
959.6,962.95,955.2,958.55,960.65,2311961,3.52736413342954,1092142.0,0.4724,967.2
992.5,995.5,984.35,988.15,992.17,4451190,3.54735920356059,1944386.0,0.4368,1003.0
1013.9,1012.1,997.2,1000.35,1008.02,4238156,3.546402628905745,1949359.0,0.46,1015.35
1041.4,1042.0,1025.05,1035.15,1036.17,4880691,3.551254163196974,2534481.0,0.5193,1048.5
1035.15,1034.0,1015.0,1020.05,1024.1,5914047,3.556414236888059,3647735.0,0.6168,1043.7
1020.05,1020.05,996.0,997.65,1004.65,5264383,3.55253830140706,3146410.0,0.5977,1024.0
997.65,1000.0,992.1,1001.65,1002.2,5181769,3.552015076712247,3277432.0,0.6325000000000001,1009.0
1001.65,1008.0,1005.1,1010.2,1012.7,3763708,3.543108242338336,2222366.0,0.5905,1019.9
1010.2,1008.3,993.0,998.5,1001.01,4499090,3.547922674035255,2808100.0,0.6241,1012.0
998.5,1000.0,995.0,999.0,1002.12,4066504,3.545040501747455,2338628.0,0.5751,1009.0
987.25,992.0,990.0,1007.9,1001.69,4366861,3.5470831690387765,2639197.0,0.6043999999999999,1010.0
1007.9,1014.95,1014.95,1017.85,1019.12,4837519,3.550523195891741,3025343.0,0.6254,1025.8
1017.85,1016.0,1009.0,1023.85,1022.82,5243466,3.552937785302371,2865816.0,0.5465,1031.8
1039.15,1046.7,1030.55,1049.65,1044.01,4769466,3.5508091779643127,2255201.0,0.4728,1054.8
1069.2,1068.0,1046.15,1055.6,1054.85,3195565,3.539548371307389,1545092.0,0.4835,1069.4
1055.6,1056.1,1054.7,1073.05,1068.54,5478523,3.5554429420144302,3599095.0,0.6569,1074.0
1073.05,1075.0,1054.2,1059.0,1072.72,5580792,3.556082737655177,3281063.0,0.5879,1081.5
1059.0,1060.0,1035.6,1040.35,1051.28,2652016,3.534022825763261,1279952.0,0.4826,1068.0
1040.35,1042.25,1033.25,1047.45,1043.16,5076676,3.5525757822314805,3083642.0,0.6074,1064.95
1047.45,1065.0,1039.25,1044.4,1055.76,4246988,3.5477955717159992,1995112.0,0.4698,1068.7
1044.4,1039.4,1038.0,1049.45,1051.43,4167720,3.547134854734791,2044822.0,0.4906,1064.4
1081.65,1085.45,1074.35,1081.8,1085.68,4486466,3.5501766278520632,2316384.0,0.5163,1093.8
1081.8,1088.0,1086.0,1090.35,1094.53,4118875,3.5479521339347166,1993559.0,0.484,1101.9
1090.35,1090.9,1087.1,1098.85,1096.18,3530281,3.543547168143489,1806691.0,0.5118,1100.95
1098.85,1098.0,1083.25,1092.75,1100.08,5016615,3.553756332603873,2549296.0,0.5082,1110.0
1082.0,1087.7,1080.5,1096.25,1094.42,6794099,3.562251894327919,3488923.0,0.5135000000000001,1107.2
1093.2,1095.4,1070.3,1074.85,1078.47,4654108,3.551038485747309,2849720.0,0.6123,1095.4
1074.85,1082.0,1062.65,1065.3,1072.87,4557947,3.5502896289886547,2662019.0,0.584,1084.9
1065.3,1077.9,1075.0,1105.05,1094.63,5557273,3.5565392314721462,3334332.0,0.6,1107.0
1105.05,1114.0,1100.3,1105.7,1108.92,1458927,3.518010374523934,645509.0,0.4425,1117.5
1105.7,1113.9,1100.55,1111.85,1111.42,5112060,3.554588806406361,3377619.0,0.6607,1119.0
1111.85,1112.25,1097.25,1108.55,1108.94,3522480,3.5438177735850966,1866474.0,0.5299,1120.5
1108.55,1106.7,1099.2,1102.2,1108.42,2719925,3.5363030766804995,1355255.0,0.4983,1116.9
1102.2,1106.0,1076.0,1079.9,1091.5,2900734,3.5377282327451267,1416230.0,0.4882,1111.8
1079.9,1080.15,1057.0,1061.85,1068.62,4373231,3.548986708406711,2038164.0,0.4661,1087.4
1061.85,1067.1,1038.2,1054.7,1050.29,3676745,3.543486034010522,1819302.0,0.4947999999999999,1067.9
1054.7,1059.0,1026.55,1030.5,1038.54,4533561,3.5492010441607555,2436217.0,0.5374,1059.0
1030.5,1049.8,1014.0,1032.95,1032.57,5206393,3.5530062333722454,2463409.0,0.4732,1049.8
1032.95,1036.0,987.1,996.25,1010.74,5674916,3.554860160480448,2925771.0,0.5156000000000001,1036.0
996.25,1003.5,997.2,1012.25,1008.99,4333195,3.547069437406412,2686079.0,0.6199,1016.45
995.6,999.0,986.05,996.05,1006.59,4503970,3.548113920031659,2334031.0,0.5182,1017.8
962.35,969.5,962.4,998.4,988.7,5350926,3.552546775157419,2925230.0,0.5467000000000001,1002.45
985.6,985.0,983.05,988.8,989.77,4280638,3.5461634550727523,2105953.0,0.492,997.4
988.8,999.0,995.05,1011.15,1003.87,5676667,3.5546740238774035,3093288.0,0.5449,1013.45
1011.15,1014.0,998.0,1005.9,1012.08,4489664,3.548178817783483,2016063.0,0.449,1024.0
1005.9,1015.85,1013.0,1020.15,1023.39,4066554,3.545647122882517,2330006.0,0.573,1030.0
1020.15,1020.0,1020.0,1030.75,1032.36,5119800,3.552519777506333,2623398.0,0.5124000000000001,1039.7
1030.75,1024.9,1011.15,1020.55,1019.49,3885305,3.5442206351365426,2133541.0,0.5491,1027.75
984.5,986.8,979.35,1023.9,1010.61,6064152,3.556751035214807,3190596.0,0.5261,1030.0
1023.9,1024.05,1010.0,1041.75,1027.64,3848074,3.5441722953235733,1527832.0,0.397,1046.0
1041.75,1043.0,1042.0,1055.25,1053.11,4590209,3.5499581516080445,2362569.0,0.5147,1060.0
1055.25,1054.0,1036.0,1053.9,1052.31,4899915,3.551810167227979,2429902.0,0.4959,1064.0
1053.9,1057.7,1040.05,1056.85,1053.16,3550077,3.542550889588733,1647612.0,0.4640999999999999,1060.0
1056.85,1045.0,1044.6,1056.75,1058.32,3624895,3.543295710041818,1838738.0,0.5073,1068.0
1056.75,1059.9,1058.25,1073.15,1067.45,3677847,3.543963187102352,2111665.0,0.5742,1074.9
1073.15,1072.8,1048.35,1056.05,1062.0,3458953,3.5420402460060605,1677543.0,0.485,1075.0
1056.05,1057.8,1050.5,1059.4,1058.88,3335014,3.540897918368724,1890533.0,0.5669,1064.7
1059.4,1053.0,1050.0,1059.7,1058.13,2160796,3.528216808589628,1298501.0,0.6009000000000001,1064.5
1059.7,1058.3,1051.15,1055.25,1060.51,1321679,3.513747439937761,592461.0,0.4483,1068.8
1055.25,1056.3,1042.25,1047.9,1049.9,2024641,3.526074447491784,1100985.0,0.5438000000000001,1059.7
1047.9,1048.3,1046.3,1048.6,1050.21,2556591,3.532923074193884,1730697.0,0.677,1055.0
1048.6,1052.4,1046.25,1051.2,1051.3,3328572,3.540633433153831,2243354.0,0.674,1055.75
1051.2,1058.05,1053.2,1058.7,1060.46,2279759,3.529853323593738,1338812.0,0.5872999999999999,1066.5
1058.7,1065.0,1052.6,1055.6,1059.73,2379838,3.5310916577057707,1587647.0,0.6670999999999999,1066.5
1055.6,1060.0,1057.3,1077.1,1069.5,5033831,3.553047184656528,2806884.0,0.5576,1079.9
1077.1,1080.0,1070.0,1075.8,1081.42,5930189,3.558045080448328,3520329.0,0.5936,1090.0
1075.8,1078.0,1074.55,1085.6,1082.75,4974697,3.553061462941041,2712737.0,0.5453,1091.4
1085.6,1081.3,1058.0,1065.4,1069.47,4085949,3.5470539838492234,2349652.0,0.5751,1087.75
1065.4,1065.4,1021.2,1033.45,1050.71,4223855,3.5475004233047485,2587743.0,0.6126,1070.45
1033.45,1040.0,998.6,1013.75,1026.3,4833870,3.5507031085435243,2126244.0,0.4399,1048.7
1013.75,1020.65,1003.0,1030.8,1019.66,5301987,3.5531668248108743,2472974.0,0.4664,1035.65
1030.8,1030.0,1011.1,1015.35,1023.38,5562896,3.554645623907444,3041017.0,0.5467000000000001,1039.15
1015.35,1014.05,998.0,1001.5,1012.62,4368638,3.547407589603332,2138859.0,0.4896,1029.8
1001.5,1003.0,992.05,997.9,1000.13,3210798,3.5381392152008324,1496866.0,0.4662,1008.0
997.9,1004.85,990.0,994.85,996.6,3399381,3.5396942443655344,1734512.0,0.5102,1008.0
994.85,999.6,975.0,980.15,993.27,5369775,3.55277962641254,3399725.0,0.6331,1005.0
969.85,975.0,973.0,986.8,985.11,4463927,3.547235881734695,2167658.0,0.4856,992.5
986.8,995.1,964.1,971.6,973.67,5084310,3.5506417880664647,2998026.0,0.5897,995.9
971.6,977.1,956.25,958.5,970.32,4646080,3.54795178041397,2532493.0,0.5451,984.95
913.0,908.85,903.1,919.3,918.4,5790572,3.552695862987352,2968135.0,0.5126,928.85
921.3,928.0,915.0,943.9,934.37,3896824,3.5417841374295937,1718754.0,0.4411,947.5
943.9,947.4,913.15,920.0,927.16,4735179,3.5471885302081585,2625073.0,0.5544,947.4
920.0,925.7,914.4,929.05,926.96,3334195,3.537026361054744,1534561.0,0.4602,938.8
929.05,935.7,911.25,915.25,918.84,4499736,3.5454582668214307,2666292.0,0.5925,935.7
914.3,912.5,885.1,899.65,900.33,6479831,3.555344938277276,3068933.0,0.4736,920.8
899.65,899.95,888.05,909.95,899.83,4574486,3.545330587483293,2158728.0,0.4719,915.0
909.95,906.1,894.1,914.8,907.41,6890857,3.557324123141484,3188244.0,0.4627,918.25
914.8,914.4,911.3,941.7,930.5,6232645,3.5551754703402563,3362053.0,0.5394,944.8
941.7,938.3,938.1,944.15,946.12,2523913,3.5294912822911293,974826.0,0.3862,950.8
944.15,947.85,936.25,953.95,947.93,3221065,3.536672700672701,1564048.0,0.4856,955.45
953.95,956.05,932.0,935.55,948.71,3599714,3.5399268323416457,1450865.0,0.4031,963.0
935.55,936.1,934.2,956.35,949.02,5858555,3.5539690209156887,3174305.0,0.5418000000000001,960.9
964.2,980.7,954.55,966.25,969.01,3451930,3.5393244433375304,1505965.0,0.4363,982.25
966.25,970.2,960.0,964.25,979.06,5140248,3.551114270965684,2047716.0,0.3984,994.3
964.25,973.7,967.2,988.85,982.71,2885282,3.534514479273284,1340011.0,0.4644,992.7
988.85,975.2,968.1,977.4,977.06,4461643,3.5469845786050467,1943040.0,0.4355,985.0
977.4,984.65,978.1,982.2,985.27,3524743,3.540413099333619,1740191.0,0.4936999999999999,994.8
982.2,974.1,964.0,977.05,973.12,2702156,3.532313224129994,1227226.0,0.4542,983.3
977.05,978.0,978.0,984.95,985.54,2756185,3.533262291603968,1379328.0,0.5004,992.4
984.95,988.7,968.1,993.85,991.87,7422840,3.561971368889888,3334723.0,0.4493,1004.4
993.85,992.7,982.0,984.75,986.71,2252418,3.5273839140195493,1109340.0,0.4925,993.0
984.75,978.8,972.15,992.05,984.93,3428848,3.539602833894826,1694202.0,0.4941,994.9
1037.25,1045.0,1038.1,1047.1,1045.04,4709984,3.550477197991826,2168821.0,0.4604999999999999,1055.0
1047.1,1039.3,1028.0,1030.85,1037.51,2830269,3.535535605267401,1274804.0,0.4504,1048.8
993.0,999.05,981.1,990.3,991.16,3553732,3.54082344749166,1538191.0,0.4328,1000.0
990.3,993.05,992.15,999.65,1000.12,2238646,3.5276003274754624,1049583.0,0.4688,1004.9
999.65,999.85,995.8,1013.25,1008.42,2610417,3.5323451896444364,1351859.0,0.5179,1016.65
1013.25,1015.9,1003.85,1010.3,1011.91,2567887,3.531965668679676,1312332.0,0.5111,1021.95
1010.3,1023.9,1010.0,1026.6,1019.91,3518453,3.5413630468634225,2205659.0,0.6269,1029.95
1026.6,1026.25,1014.3,1025.7,1023.95,4361259,3.547679277099589,2432874.0,0.5578000000000001,1036.35
1025.7,1020.0,1019.6,1022.75,1026.91,4137811,3.546247004784389,2729845.0,0.6597,1032.0
1022.75,1027.5,1024.1,1032.5,1031.87,2801842,3.535082494475843,1698110.0,0.6061,1037.5
1049.1,1049.05,1031.0,1036.4,1044.03,4291094,3.547771487367482,2621285.0,0.6109,1065.9
1036.4,1040.0,1029.0,1050.65,1042.46,2997121,3.537341844358635,1459182.0,0.4869,1054.8
1050.65,1052.5,1040.0,1047.65,1048.1,2458823,3.531724060062099,1220101.0,0.4962,1059.0
1047.65,1045.0,1040.0,1044.85,1044.8,2076283,3.5266722022033634,1106936.0,0.5331,1054.25
1044.85,1045.05,1035.1,1041.9,1040.03,2323242,3.529837010132108,1382573.0,0.5951,1047.55
1041.9,1042.0,1020.65,1023.9,1030.8,2742024,3.5344227179370367,1603511.0,0.5848,1050.9
1023.9,1013.0,1003.65,1005.3,1009.07,2582208,3.5320461339119937,1635424.0,0.6333,1019.45
1005.3,1001.85,996.6,1021.8,1013.38,4369725,3.547436264354196,2822759.0,0.6459999999999999,1024.0
1021.8,1018.65,1005.0,1020.95,1015.12,3240001,3.5388346012969376,1841093.0,0.5682,1024.85
1020.95,1019.2,1000.6,1009.15,1025.46,3381601,3.5403703492426923,1578172.0,0.4667,1044.7
1009.15,1004.7,998.75,1011.65,1008.5,2748246,3.5338506589868177,1104768.0,0.402,1017.45
1011.65,1016.0,1008.2,1025.9,1019.78,2357930,3.5296951436912964,1276303.0,0.5413,1030.5
1025.9,1034.8,1030.0,1040.6,1036.44,3413753,3.540953292645117,1729127.0,0.5065,1044.2
1040.6,1014.0,1005.15,1009.35,1012.58,4146270,3.5459007144486883,2302035.0,0.5552,1021.0
1009.35,1009.0,997.55,1001.15,1001.96,4035044,3.544811775197155,2517825.0,0.624,1009.0
1001.15,1005.0,980.1,986.1,990.45,5648346,3.5541461662503915,3639739.0,0.6444,1009.1
972.4,975.0,971.3,983.75,980.0,3414200,3.5393326996339307,2035343.0,0.5961,988.0
983.75,983.9,961.3,964.75,970.04,3110913,3.536330802774897,1940092.0,0.6236,986.8
964.75,965.1,941.05,943.9,953.2,5035348,3.5497536026058745,3226942.0,0.6409,967.4
943.9,945.0,940.0,947.65,949.26,2667162,3.5312054897653984,1199226.0,0.4496,956.75
947.65,945.0,943.65,949.95,954.48,4476339,3.54640548075696,2738858.0,0.6119,963.55
949.95,953.0,949.1,955.05,954.27,2952486,3.534329615598231,1766934.0,0.5985,960.0
955.05,960.0,951.4,959.3,958.97,1831616,3.5204459809437214,913707.0,0.4989,966.05
959.3,959.3,946.55,950.75,957.62,1861439,3.520881837614305,1053350.0,0.5659000000000001,963.9
950.75,954.0,943.5,955.45,951.27,1873699,3.520879348870478,963324.0,0.5141,958.4
955.45,951.5,941.0,945.5,947.64,2107305,3.5242353704678675,1305251.0,0.6194,954.75
945.5,945.25,937.95,948.0,951.29,3178684,3.536390124127968,1783558.0,0.5611,962.0
948.0,950.0,941.55,945.0,946.47,1601945,3.516084068550671,804970.0,0.5025000000000001,951.4
945.0,945.65,917.25,920.65,926.0,3973699,3.54208945428565,2178718.0,0.5483,946.8
920.65,920.0,898.35,901.85,904.39,5672247,3.5516637018685,3466835.0,0.6112,923.85
901.85,908.4,904.75,915.5,914.56,4131089,3.5428536947950016,2628469.0,0.6363000000000001,922.0
915.5,918.45,910.3,923.2,920.17,3171245,3.5353529381223865,1924662.0,0.6069,925.8
923.2,919.0,903.3,909.4,911.46,3391416,3.5370307923439914,2106016.0,0.621,922.0
909.4,906.0,906.0,915.75,916.13,2538967,3.528720975826277,1702167.0,0.6704000000000001,920.9
915.75,914.1,901.0,906.0,908.12,2997245,3.533321846038437,1621620.0,0.541,914.1
933.85,934.1,934.1,945.45,946.83,3459497,3.5387156684374057,2217306.0,0.6409,952.9
945.45,948.95,934.25,938.85,942.7,1729109,3.518233168545368,815757.0,0.4718,953.0
938.85,945.0,937.3,951.85,949.45,3219213,3.5367027144612715,1864908.0,0.5793,955.9
951.85,952.0,943.65,946.8,947.83,1838452,3.520210304472601,901415.0,0.4903,958.65
946.8,936.55,936.55,951.05,947.09,2152963,3.524849682243216,1066759.0,0.4955,954.7
951.05,960.5,931.5,934.6,951.69,4368279,3.545616352056896,1035791.0,0.2371,967.0
934.6,934.65,928.15,937.75,935.29,1405741,3.51183954333843,476631.0,0.3390999999999999,940.8
937.75,933.55,933.55,958.25,950.55,4025919,3.5432243090081608,2424958.0,0.6023,960.0
958.25,955.25,943.95,949.2,948.28,3247038,3.5369171070791654,2083780.0,0.6417,955.95
949.2,947.5,947.0,954.0,953.65,2092020,3.524207242069249,1117870.0,0.5343,957.85
954.0,955.1,932.05,944.5,942.51,2530136,3.529451482219222,1358091.0,0.5368,956.0
944.5,943.25,921.0,925.6,926.27,2954066,3.533475967668072,1677508.0,0.5679,943.25
925.6,925.3,910.0,911.35,915.92,4335560,3.5442933364751954,2835346.0,0.654,931.75
911.35,912.0,898.6,900.55,906.48,4607486,3.545750456323424,2347059.0,0.5094,918.9
900.55,901.0,884.1,887.55,890.99,5707528,3.551413251465492,3342006.0,0.5855,901.0
887.55,891.3,865.2,868.75,874.93,5035618,3.5472905101256376,2956775.0,0.5872,893.3
868.75,875.0,828.1,833.25,847.35,6926078,3.555515171806665,3350325.0,0.4836999999999999,875.0
833.25,839.9,837.3,848.65,848.14,3980489,3.539592642459143,1798284.0,0.4518,855.0
848.65,853.35,834.15,845.8,842.78,4596259,3.5435757883125887,2343085.0,0.5098,858.15
845.8,846.55,845.9,870.5,863.74,4734842,3.545143487542049,2467225.0,0.5211,872.7
871.4,866.7,861.85,871.55,874.41,3280025,3.5348490922401594,1744078.0,0.5317000000000001,881.8
871.55,878.9,862.0,871.1,868.86,2336039,3.5247142972991186,1063116.0,0.4551,878.9
871.1,875.7,872.1,885.25,879.81,2841435,3.5308344625854904,1660105.0,0.5842,888.0
885.25,888.7,887.0,898.5,895.72,4970476,3.5475917289746923,2933798.0,0.5902000000000001,902.0
898.5,907.0,856.7,861.95,870.02,6555284,3.5546970839257943,3650883.0,0.5569,907.0
861.95,874.4,865.0,868.4,870.02,3771511,3.5387663381815497,2279704.0,0.6045,879.4
845.95,848.85,840.7,852.9,850.04,6143838,3.5521765875180407,3114346.0,0.5069,858.5
852.9,858.0,855.25,870.7,864.21,4603204,3.5443449548023427,2539009.0,0.5516,874.9
870.7,873.0,852.0,854.85,858.61,4785969,3.545281517046863,2972609.0,0.6211,874.0
854.85,854.0,847.0,853.3,854.56,2194126,3.522376472781436,885377.0,0.4035,859.95
853.3,847.5,845.7,847.75,849.72,2986757,3.531275783932736,1668966.0,0.5588000000000001,857.4
847.75,853.05,851.1,865.45,860.62,3892719,3.539369566742646,2135723.0,0.5486,869.7
865.45,863.3,859.35,867.55,867.88,3043021,3.5324404036379367,1386733.0,0.4557,877.9
867.55,867.7,865.0,873.2,871.34,2332976,3.524759665187874,1168716.0,0.501,876.0
873.2,871.9,864.2,867.6,869.0,1504709,3.5116761277084088,710186.0,0.472,873.9
867.6,867.5,866.0,879.45,874.18,2245330,3.523726814357685,1088143.0,0.4846,881.4
879.45,886.0,868.8,876.2,877.9,2555594,3.527661381849684,1272175.0,0.4978,886.8
876.2,875.95,857.55,860.85,866.59,1802647,3.5169711951804783,893671.0,0.4958,875.95
860.85,866.0,862.5,873.35,871.82,3498193,3.5366388118795613,2078359.0,0.5941,877.0
873.35,892.0,879.15,882.85,884.58,5007164,3.547443290751958,2423803.0,0.4841,892.0
882.85,888.25,869.4,871.5,876.83,4677273,3.545224514163541,2545389.0,0.5442,890.15
871.5,875.0,859.15,860.85,865.07,3126064,3.533132299468036,1988535.0,0.6361,875.0
837.35,840.0,823.15,827.95,835.82,4890181,3.545126699245891,2679709.0,0.5479999999999999,847.25
827.95,838.0,821.35,830.85,828.7,3255486,3.533062423226693,1661701.0,0.5104,838.0
830.85,827.55,818.5,837.3,829.55,3787775,3.537506778079748,1793988.0,0.4736,838.9
837.3,826.75,823.1,825.05,828.4,3219680,3.532728733992131,1649112.0,0.5122,836.2
825.05,828.0,810.05,812.35,820.84,3140142,3.531729546146466,1469924.0,0.4681,831.65
812.35,799.5,779.0,792.0,789.79,5994097,3.549358173555289,3040193.0,0.5072,799.5
792.0,776.7,767.0,780.65,781.35,5084300,3.544305084225328,2142216.0,0.4213,796.4
780.65,753.0,753.0,765.3,765.19,7463019,3.554733993555811,3586853.0,0.4806,779.0
765.3,785.35,765.0,772.75,776.76,4056543,3.537588416141741,2057041.0,0.5071,790.0
772.75,768.35,765.0,772.2,776.23,2489305,3.5232642871166364,948672.0,0.3811,784.95
772.2,783.0,758.0,760.9,767.38,3936767,3.536362589670571,2262471.0,0.5747,783.0
760.9,760.0,754.7,759.15,765.21,2580004,3.5238979454282484,1340975.0,0.5197999999999999,772.3
759.15,760.5,751.0,755.0,759.89,3096352,3.5290578801462416,1332358.0,0.4303,774.4
755.0,757.7,737.0,741.2,747.18,3914915,3.5354231324777103,1994411.0,0.5094,760.0
741.2,731.05,721.3,732.55,729.26,4663092,3.539803256482988,2335146.0,0.5008,739.0
732.55,731.0,725.6,757.0,741.8,3552807,3.532379390400312,1357416.0,0.3821,759.85
757.0,760.35,747.5,765.25,760.12,4008613,3.5366126053603963,2337942.0,0.5832,772.0
765.25,764.0,756.0,761.3,762.17,2968791,3.5279112244761035,1682164.0,0.5666,769.5
761.3,761.6,750.25,753.5,757.21,4849218,3.5420282417971385,2971967.0,0.6129,769.0
753.5,751.0,712.0,719.4,735.29,4457788,3.5387351460478764,2261771.0,0.5074000000000001,756.1
719.4,731.1,728.35,755.05,747.58,4186930,3.537395048194217,2195594.0,0.5244,759.9
805.45,794.5,782.95,788.85,789.07,4567377,3.54148763793758,2141609.0,0.4689,799.0
788.85,783.2,776.5,821.5,801.44,7162305,3.55488156785428,3400142.0,0.4747,825.5
833.5,833.5,814.5,852.45,837.02,8065388,3.559506838476343,3310878.0,0.4105,859.0
852.45,852.15,823.7,825.75,837.29,6757863,3.5544709801652594,3241788.0,0.4797,858.55
825.75,810.35,795.25,806.3,808.08,4246961,3.540068950047401,1251431.0,0.2947,822.45
806.3,813.2,796.75,810.25,811.99,5806114,3.549238856866164,2018672.0,0.3477,824.75
810.25,813.9,805.2,825.4,816.77,4694876,3.543283299160973,1294762.0,0.2758,829.75
825.4,833.0,813.55,836.3,827.65,4664709,3.5434793182967184,1512161.0,0.3242,838.6
836.3,850.0,821.0,825.65,832.76,6128496,3.551515853781164,2835648.0,0.4627,850.0
825.65,825.0,815.6,821.55,822.54,2924971,3.529711309929281,1053425.0,0.3601,829.15
821.55,823.0,816.3,851.8,837.43,4214600,3.540882048434377,1566868.0,0.3718,853.95
851.8,850.9,832.3,837.6,838.76,3892821,3.5386232402660114,1243401.0,0.3194,850.9
837.6,823.95,780.0,786.35,803.06,6239874,3.550990623719596,2585867.0,0.4144,827.9
786.35,773.9,764.1,770.6,777.84,8803427,3.559911941524973,3098528.0,0.352,792.6
770.6,769.2,747.55,759.2,758.17,6217951,3.54923772989522,3042657.0,0.4893,770.7
759.2,774.0,772.0,797.2,787.17,5039564,3.544264022439809,2478936.0,0.4919,800.7
797.2,799.75,789.1,797.2,797.08,5722488,3.548288591673692,2187171.0,0.3822,806.3
797.2,790.5,784.45,807.7,798.21,7203038,3.5549283861036325,3675036.0,0.5102,812.75
807.7,803.5,792.5,808.35,809.05,7987653,3.5582636369034835,3601078.0,0.4508,822.9
808.35,791.2,784.1,788.2,791.13,4825259,3.5431529067535648,2473572.0,0.5126,799.9
788.2,784.0,765.25,771.6,778.35,6000741,3.548970452973313,2578492.0,0.4296999999999999,790.8
771.6,772.55,761.75,767.0,768.93,4739596,3.541810825598445,1800308.0,0.3797999999999999,777.9
767.0,786.7,784.9,802.9,795.33,4551326,3.541614581896188,2278876.0,0.5007,808.0
802.9,804.25,804.2,829.25,821.32,3393633,3.5340151275026974,1235323.0,0.364,830.9
829.25,835.0,822.5,827.0,830.94,3592510,3.5360150645901696,1344026.0,0.3741,841.4
827.0,829.4,826.05,849.65,838.85,3947624,3.539032349100249,1428349.0,0.3618,851.9
849.65,850.0,842.1,846.9,849.78,4195352,3.5411733726166,1555746.0,0.3707999999999999,858.0
846.9,842.0,841.5,866.9,860.41,4085035,3.5407614252329545,1179539.0,0.2887,869.7
866.9,867.0,831.15,833.8,840.34,5040808,3.546157528970345,1900108.0,0.3769,868.85
833.8,825.0,811.35,819.9,817.64,4182965,3.539969695889768,1932200.0,0.4619,826.4
819.9,825.5,824.1,843.0,836.18,2713867,3.5279959980240045,949120.0,0.3497,845.0
843.0,834.85,822.0,838.7,829.69,2279371,3.5226296923240485,572567.0,0.2512,840.9
838.7,840.0,831.1,835.75,841.53,2364175,3.524125277403106,563838.0,0.2385,849.2
835.75,848.0,843.55,846.5,848.33,2075894,3.520522919869399,743502.0,0.3582,854.0
846.5,855.0,842.15,875.95,865.09,5197046,3.5478732420287327,2595471.0,0.4994,880.95
875.95,879.0,871.05,873.6,874.74,737231,3.4903524530084247,226438.0,0.3071,881.5
873.6,899.7,884.1,900.0,894.68,5606883,3.551021621537357,3574282.0,0.6375000000000001,904.0
900.0,898.0,872.55,877.55,885.78,3628082,3.5381614993532624,2282284.0,0.6291,899.3
877.55,870.5,857.6,860.6,866.16,3745221,3.538434035073175,2094502.0,0.5592,878.5
860.6,855.0,855.0,871.8,871.79,3143275,3.53351857956858,1165666.0,0.3707999999999999,880.95
871.8,867.75,863.0,885.9,876.45,3666997,3.5381638764938503,1628434.0,0.4441,889.35
885.9,905.0,872.65,879.95,883.47,4171957,3.5421377055200614,1934117.0,0.4636,905.0
879.95,879.0,868.5,883.7,878.49,2313308,3.5247511152119846,880382.0,0.3806,885.0
883.7,890.05,861.15,864.95,877.66,2666312,3.528898382441282,1341489.0,0.5031,892.65
864.95,859.0,850.1,885.35,868.89,4969253,3.5467085284573714,2188629.0,0.4404,888.8
885.35,891.4,873.0,876.7,887.05,3656473,3.5384298070297167,1599468.0,0.4374,896.0
876.7,871.0,856.25,861.45,868.12,2262503,3.523746288892396,734879.0,0.3248,878.0
861.45,859.1,837.35,848.1,846.91,3043186,3.53172662568084,1167846.0,0.3838,859.1
848.1,845.05,806.25,809.95,825.29,5538055,3.5483469666406977,2496531.0,0.4508,848.65
809.95,800.3,787.0,808.1,796.95,4958044,3.544149467467036,2213676.0,0.4465,811.95
808.1,800.0,781.5,786.35,787.84,4049501,3.537949708007413,1872769.0,0.4625,800.0
786.35,788.1,786.6,795.2,795.93,4382352,3.540540006897911,2067545.0,0.4718,804.45
795.2,789.9,755.8,773.4,771.24,5419769,3.5457733406724867,2440926.0,0.4504,789.9
773.4,775.0,753.15,773.15,765.19,6367715,3.550186084968208,2970823.0,0.4664999999999999,778.0
773.15,769.7,751.0,753.8,761.33,3699725,3.5343217427388405,1426502.0,0.3856,771.25
753.8,765.0,762.55,783.8,775.38,2522069,3.523617556998479,862242.0,0.3419,785.8
783.8,782.0,759.15,765.0,766.74,4803440,3.5421155456112268,1900259.0,0.3956,782.0
765.0,756.7,753.1,778.25,768.64,4569146,3.5407384779482043,1758653.0,0.3849,783.3
778.25,799.0,795.2,799.0,802.46,4714967,3.5428952681363493,2150970.0,0.4562,810.75
799.0,797.0,786.55,812.05,801.17,4479880,3.5413679707835617,1908629.0,0.426,815.0
812.05,808.35,798.35,806.75,805.48,3160834,3.531368865641878,1298648.0,0.4109,812.2
806.75,807.0,803.2,809.8,812.64,3514150,3.534723041384686,1494520.0,0.4253,819.5
809.8,802.0,772.1,778.85,784.38,4442697,3.540512576628992,1881423.0,0.4235,807.7
778.85,769.9,752.7,755.7,760.14,5044876,3.543284668473064,2270158.0,0.45,769.9
755.7,760.55,724.0,727.5,740.66,5097034,3.5428311179194143,2029684.0,0.3982,762.0
727.5,723.9,721.0,742.3,734.72,5228468,3.5433345201423503,1895012.0,0.3624,746.0
742.3,738.0,733.4,741.9,745.66,5304706,3.5441801919662144,1866481.0,0.3519,753.9
741.9,731.9,723.5,750.15,741.04,6611139,3.550342482073232,2736620.0,0.4139,754.5
750.15,749.0,716.05,721.85,741.45,5828713,3.5467352248206736,1943797.0,0.3335,844.6
721.85,719.2,715.15,735.3,726.75,4714116,3.540019311432546,1953018.0,0.4143,739.9
735.3,741.7,709.2,713.45,724.03,5550563,3.544638668945873,2348730.0,0.4232,741.7
713.45,727.0,722.7,748.0,733.89,4563405,3.5393597794198746,2102943.0,0.4608,753.75
748.0,741.35,733.0,754.55,744.42,4473719,3.539197133445762,1795630.0,0.4014,760.3
754.55,760.0,742.4,746.4,757.91,3511075,3.5326619181775003,868928.0,0.2475,769.75
746.4,747.05,745.55,761.0,757.75,2376469,3.521182680200146,498900.0,0.2098999999999999,764.8
761.0,766.0,745.35,753.05,757.23,3074308,3.528745448837657,793411.0,0.2581,768.7
753.05,757.7,735.35,739.05,743.8,2829068,3.5257768006084547,819451.0,0.2897,758.5
739.05,733.65,707.2,711.9,720.1,5449524,3.543950464914842,2101882.0,0.3857,739.0
711.9,713.0,689.0,692.95,703.06,6662330,3.549052621152082,2317483.0,0.3478,720.55
692.95,696.8,687.15,706.55,698.54,4299217,3.5361903116817226,813671.0,0.1893,709.75
706.55,712.25,710.35,724.65,719.42,4683491,3.539536043120643,1909861.0,0.4078,726.9
724.65,727.4,713.35,716.15,721.45,4238367,3.536714734072397,1413675.0,0.3335,730.95
716.15,715.0,694.1,699.5,709.52,6619586,3.5491303381661883,3000205.0,0.4532,724.95
699.5,697.05,696.65,717.55,710.55,4703147,3.5392973822441656,1331569.0,0.2831,724.0
717.55,716.7,713.3,714.75,716.26,460231,3.485733407347956,113393.0,0.2464,718.9
714.75,714.45,702.45,706.25,707.61,4202878,3.535905878233279,1668519.0,0.397,714.45
706.25,712.0,712.0,736.2,727.18,4507724,3.538736642509614,1708335.0,0.379,739.0
736.2,737.9,731.5,748.25,743.19,4842143,3.5414446194944875,2180554.0,0.4503,753.0
748.25,747.5,732.6,736.9,741.89,3251624,3.5297896419757526,1150517.0,0.3538,752.95
736.9,742.0,728.1,731.8,738.89,4692930,3.540369010076011,2195829.0,0.4679,750.95
731.8,729.95,711.0,712.95,717.18,4067488,3.535343054206248,2087348.0,0.5132,729.95
712.95,716.0,716.0,742.05,734.03,5197636,3.543136370769699,2414189.0,0.4645,744.4
779.75,789.0,782.1,785.65,788.82,5483508,3.5467604621098068,2746438.0,0.5009,795.95
792.65,755.3,755.2,771.55,769.6,6457585,3.550753502346408,2654054.0,0.411,779.75
771.55,774.6,770.4,783.75,783.24,5095499,3.5444382074724192,2558787.0,0.5022,791.6
783.75,788.7,782.8,790.95,789.66,3837205,3.536450274068846,1517603.0,0.3954999999999999,795.0
790.95,800.0,799.0,820.4,814.0,5565491,3.5480928318097886,2661983.0,0.4783,827.9
820.4,813.9,792.2,794.75,803.83,4829091,3.54363623355052,2679776.0,0.5549000000000001,818.85
817.1,818.9,816.0,831.2,826.27,3776806,3.537307203990862,1832664.0,0.4852,834.0
831.2,835.0,824.15,829.25,833.57,4901979,3.545118558945805,2900671.0,0.5917,842.7
829.25,830.0,815.65,838.3,826.6,4569209,3.542844565229609,2548465.0,0.5577000000000001,840.0
838.3,845.9,824.1,833.0,834.95,3984412,3.539166509468595,2020383.0,0.5071,849.5
833.0,842.0,834.25,844.55,846.3,4815977,3.5450452173175484,2188488.0,0.4543999999999999,852.7
844.55,847.0,845.0,858.4,857.42,3647626,3.53737130120943,1550682.0,0.4251,864.7
858.4,856.75,842.6,853.85,851.68,4309191,3.5420138230362364,2324014.0,0.5393,859.9
853.85,850.35,838.0,843.25,844.92,3417975,3.535049959899258,1891778.0,0.5535,859.0
843.25,841.1,841.0,849.25,851.1,3493699,3.5359009434970083,1858717.0,0.532,858.8
849.25,846.9,843.0,848.9,851.25,3134221,3.532737701731215,1852155.0,0.5909000000000001,856.4
843.55,848.0,830.1,833.4,845.82,5748129,3.5501235014827484,3000043.0,0.5219,857.4
833.4,832.0,826.6,839.6,841.68,4367293,3.542059593110692,2335523.0,0.5347999999999999,849.9
839.6,833.5,814.5,819.95,823.53,4285036,3.540877057198144,2539627.0,0.5927,841.7
819.95,821.8,765.35,781.45,794.49,6348215,3.5511768152114365,3658232.0,0.5763,825.6
781.45,789.05,787.7,796.5,795.37,5289418,3.545960043199065,3391505.0,0.6412000000000001,800.35
796.5,805.05,804.15,820.75,818.27,6365349,3.5520997445699978,3486982.0,0.5478000000000001,827.9
820.75,811.8,801.1,810.95,807.58,2962594,3.5295477671501136,1360574.0,0.4593,818.7
810.95,816.25,805.75,814.1,812.82,2900087,3.529112308854337,1384143.0,0.4773,818.0
814.1,811.0,811.0,813.45,813.64,118842,3.485733407347956,29097.0,0.2448,815.05
813.45,812.05,794.25,797.5,800.32,2988613,3.5295394612216624,1894191.0,0.6338,814.0
761.8,775.3,769.2,773.8,774.3,3942927,3.53666943271294,2601431.0,0.6598,779.6
773.8,790.0,779.7,798.55,791.46,3438333,3.5333159154266807,1518727.0,0.4417,803.0
798.55,803.45,803.3,819.95,814.17,3684077,3.5361543029569105,1942939.0,0.5274,821.95
819.95,828.0,806.7,814.5,816.64,4028509,3.53884193217932,2340802.0,0.5811000000000001,830.0
814.5,818.0,793.4,796.65,804.07,4630686,3.542431489074504,2601054.0,0.5617,821.2
796.65,780.0,767.35,772.35,782.66,5753096,3.5479167603242976,3231523.0,0.5617,797.7
772.35,781.0,751.1,755.1,760.68,3652448,3.53392157261458,1850480.0,0.5065999999999999,783.0
755.1,756.1,750.3,760.55,759.86,2389920,3.521431769662956,886518.0,0.3709,766.4
760.55,760.0,755.1,768.05,764.34,3248548,3.5306352632914737,1422844.0,0.438,773.5
744.05,743.9,727.0,730.1,733.37,5288348,3.54361083513876,3304093.0,0.6248,743.9
731.05,730.0,720.5,725.7,728.27,4131114,3.536242644976088,2388359.0,0.5781000000000001,735.9
725.7,718.0,718.0,724.65,725.25,5480717,3.5443216200301886,3477313.0,0.6345000000000001,729.7
724.65,729.5,727.1,750.6,742.83,3949204,3.535507497490053,2038825.0,0.5163,753.0
750.6,749.35,739.05,740.55,744.1,2564862,3.5228991306812936,870346.0,0.3393,750.85
740.55,744.25,744.25,752.7,754.98,4003770,3.5363795486435494,2000389.0,0.4996,762.9
752.7,745.0,743.45,747.0,747.85,2700412,3.524566117124451,1193802.0,0.4421,757.0
747.0,740.05,734.1,742.15,741.61,2608520,3.5232984160722096,1388637.0,0.5323,748.0
742.15,746.0,738.1,742.65,742.39,1913265,3.514142797713204,1021252.0,0.5338,747.0
742.65,739.0,726.3,730.3,732.04,3726842,3.533389645991589,2305996.0,0.6188,739.0
730.3,733.3,733.3,743.3,740.81,2692505,3.5242010958448424,1467444.0,0.545,745.6
743.3,746.05,737.5,751.55,753.58,3249224,3.5302263710210005,1527141.0,0.47,762.0
751.55,747.1,736.0,748.1,745.73,2404246,3.5210532623931106,1197296.0,0.498,753.45
748.1,754.8,740.35,746.4,745.68,3175927,3.529248393753109,1853918.0,0.5837,754.8
746.4,750.0,742.7,748.6,749.83,3428345,3.5316513931329543,1863243.0,0.5435,756.8
748.6,753.9,738.5,741.65,745.07,4205746,3.537427535363688,2719719.0,0.6467,753.9
741.65,740.05,728.0,730.85,732.78,3410977,3.5308291780312264,1632941.0,0.4786999999999999,741.0
730.85,725.85,724.2,736.3,737.9,5053199,3.5424730398622595,2532023.0,0.5011,745.75
736.3,739.0,723.7,735.1,731.22,3809316,3.533996193757712,2557140.0,0.6713,740.5
735.1,734.1,728.05,736.3,735.38,3105631,3.528183468871687,1984195.0,0.6389,742.9
736.3,737.1,733.6,745.05,741.21,3469984,3.531666097426055,2185542.0,0.6298,749.0
745.05,741.3,736.5,742.0,740.84,2857701,3.525955835679111,1674332.0,0.5859000000000001,747.15
742.0,739.8,739.0,739.95,740.02,184780,3.485733407347956,126872.0,0.6866,741.3
739.95,737.5,737.5,745.1,744.36,2776770,3.525249494357633,1936747.0,0.6975,747.9
745.1,747.9,740.0,743.55,744.64,2861902,3.5261493817669227,2098178.0,0.7331000000000001,751.4
743.55,738.5,735.15,738.85,739.96,1897162,3.5137933851685714,1243563.0,0.6555,744.45
738.85,733.4,722.0,726.45,730.63,3778468,3.533735178637531,2269296.0,0.6006,740.0
726.45,715.0,705.1,715.7,712.61,4591050,3.538680774316552,2885022.0,0.6284000000000001,722.0
715.7,718.0,699.0,708.35,708.09,3885415,3.533634987932799,1846331.0,0.4752,718.9
708.35,702.0,691.05,695.1,697.35,3670660,3.5315265811379315,1734379.0,0.4725,708.3
695.1,697.25,690.55,694.15,699.89,3391819,3.5293184658480428,1678739.0,0.4949,708.4
694.15,693.0,688.3,697.2,696.57,3042510,3.5259865335096854,1515336.0,0.4981,703.0
697.2,698.0,678.55,681.3,689.34,4081094,3.5342860804291627,2283455.0,0.5595,702.8
681.3,679.0,674.1,681.65,681.37,3696346,3.531051877834127,2172691.0,0.5878,688.0
681.65,675.0,673.05,676.1,676.94,3101760,3.525712738116657,1894078.0,0.6106,682.8
676.1,680.25,677.8,685.15,684.71,3560488,3.530098499031072,2188419.0,0.6146,689.85
685.15,676.9,675.0,688.55,686.29,2363960,3.5180933251693984,1232477.0,0.5214,696.4
688.55,686.5,686.0,695.5,696.19,2334127,3.5181415113164225,1264425.0,0.5417000000000001,700.7
695.5,704.6,688.75,691.1,696.04,2938047,3.5249355588007045,1828277.0,0.6223,704.6
691.1,685.2,679.55,686.85,686.04,2583348,3.520711185553341,1513352.0,0.5858,689.95
686.85,694.0,686.1,695.3,693.06,2399818,3.5188304616205515,1402172.0,0.5843,700.0
695.3,695.0,688.55,691.2,691.44,3085023,3.5261773590366663,1938658.0,0.6284000000000001,695.3
691.2,692.0,692.0,701.65,700.04,2575102,3.521213944102793,1684288.0,0.6541,703.0
701.65,702.2,697.55,701.85,704.69,3434316,3.529884162445997,2400425.0,0.6990000000000001,709.8
701.85,699.65,695.15,706.25,703.25,3521032,3.5305546604074363,2235469.0,0.6349,708.65
705.6,707.35,678.05,685.25,693.37,4096569,3.534566367509837,2488962.0,0.6076,709.45
685.25,677.0,673.4,692.75,686.83,3261847,3.527619161424038,1915088.0,0.5871000000000001,697.0
692.75,696.0,695.1,702.55,700.86,3036638,3.5261105134411093,1897379.0,0.6248,706.0
702.55,704.45,698.5,715.9,710.2,5315222,3.5428288881793195,3496219.0,0.6578,718.0
715.9,721.05,716.25,721.25,724.75,6387716,3.5487160074206283,3214601.0,0.5032,731.9
721.25,718.0,712.3,729.7,722.57,2907005,3.525724187798513,1283417.0,0.4415,731.9
729.7,732.7,718.1,722.25,729.44,2275396,3.518769110658472,1126866.0,0.4952,736.4
722.25,715.0,714.4,722.95,721.99,2734310,3.5238966658842275,1597362.0,0.5842,726.0
722.95,722.25,712.4,716.3,716.7,2274408,3.5182337114424715,1234446.0,0.5428000000000001,723.95
716.3,716.0,711.05,716.35,715.76,1709717,3.509696200164216,887896.0,0.5193,720.8
716.35,718.5,718.5,726.75,725.6,2271367,3.518560103415799,1378193.0,0.6068,729.8
726.75,730.35,712.0,718.9,719.94,2293698,3.518617817928026,1214792.0,0.5296000000000001,734.5
718.9,717.0,717.0,737.45,730.64,1783875,3.511579578028205,721432.0,0.4044,739.4
737.45,738.0,733.0,737.4,738.14,2357462,3.52016936984871,1321535.0,0.5606,742.95
737.4,734.0,710.4,718.7,716.92,5168092,3.542289135654292,2943745.0,0.5696,734.0
718.7,713.55,703.55,711.0,709.6,4372864,3.537142116079257,2649186.0,0.6058,714.9
711.0,714.2,712.0,716.2,717.79,2540620,3.5215553123948613,1146007.0,0.4511,722.95
716.2,717.5,714.45,723.5,720.12,3676587,3.5325133205112924,1840218.0,0.5005,725.5
723.5,726.4,718.0,722.5,722.47,1761932,3.510874177281041,804837.0,0.4568,729.6
722.5,724.4,716.65,719.9,721.43,2720915,3.5237287419237773,1743425.0,0.6406999999999999,727.8
719.9,725.1,725.1,737.85,733.77,3833575,3.5342830110816705,2398203.0,0.6256,740.9
737.85,735.5,730.15,737.4,735.36,1561673,3.507793802322167,685482.0,0.4389,740.8
737.4,739.95,731.3,736.35,736.89,2353246,3.5200663220183257,1380759.0,0.5867,742.65
736.35,740.0,728.85,734.25,733.14,2136594,3.517052347430053,1091017.0,0.5106,740.0
734.25,734.95,732.05,738.7,738.79,1784218,3.5119164236171243,881405.0,0.494,742.4
738.7,738.0,729.5,734.85,733.31,2116579,3.516779580232285,1114362.0,0.5265,738.0
734.85,729.0,726.1,731.8,730.75,1782674,3.511564001270689,892118.0,0.5004,733.8
731.8,731.45,730.8,739.7,737.48,1365637,3.503853060899534,621393.0,0.455,742.0
739.7,733.45,722.0,725.65,728.54,2728637,3.5241016685035254,1709119.0,0.6264000000000001,736.6
725.65,721.9,717.1,721.2,722.97,2301028,3.518836950391476,1419459.0,0.6169,729.8
721.2,720.0,715.0,718.5,721.11,2599717,3.5223709626584863,1556102.0,0.5986,726.5
718.5,720.0,715.05,720.35,720.59,1670329,3.509200057776823,860712.0,0.5153,724.15
720.35,724.8,717.3,719.35,722.26,2605134,3.5224796836326657,1836149.0,0.7048000000000001,727.95
719.35,718.0,712.2,715.8,715.42,1955014,3.5136833609384133,1126804.0,0.5764,721.85
715.8,720.2,718.0,727.8,724.95,2670132,3.5233167517024286,1587202.0,0.5944,729.9
727.8,722.3,717.05,722.65,723.51,2836027,3.525034877202055,1601541.0,0.5647,728.85
722.65,715.0,713.3,719.0,719.63,2336356,3.519151408695171,1275628.0,0.546,725.8
719.0,721.0,718.35,724.5,722.79,1836693,3.51212787907632,923045.0,0.5025999999999999,726.85
724.5,720.4,712.15,719.25,717.39,1999696,3.514438429353421,1125917.0,0.563,724.55
719.25,720.9,706.65,710.15,713.28,3204015,3.5282035788826747,2224274.0,0.6942,720.9
710.15,719.0,716.15,721.0,721.34,3078195,3.527356729978491,2077735.0,0.675,726.8
721.0,723.0,721.85,729.6,727.07,1591825,3.508027198224435,1008612.0,0.6336,731.8
729.6,731.6,721.0,743.6,736.08,3081258,3.527980287254474,1810528.0,0.5876,746.1
743.6,740.25,738.6,746.75,746.09,3298891,3.530377890531202,1907157.0,0.5781000000000001,750.9
746.75,742.1,736.75,739.55,741.94,1822852,3.5126822016290906,1137410.0,0.624,747.6
739.55,735.0,730.55,742.55,739.12,2501572,3.5219632569267816,1505516.0,0.6018,748.0
786.05,786.05,777.75,783.75,786.49,4496299,3.5409383212790657,1591940.0,0.3540999999999999,795.95
783.75,785.05,782.55,790.8,792.54,4199284,3.539177661267063,2301766.0,0.5481,799.0
790.8,788.9,776.65,780.15,783.59,2914451,3.5281823205444343,1668461.0,0.5725,796.4
780.15,777.65,774.15,782.1,783.51,2440868,3.522959955188949,1212556.0,0.4968,789.0
782.1,779.5,779.5,788.15,786.75,1413458,3.506829286674805,733280.0,0.5188,790.0
788.15,787.9,787.0,799.55,797.0,3773614,3.53623284016066,2410278.0,0.6386999999999999,802.0
799.55,802.05,799.1,816.15,813.36,4944737,3.5446607552676426,2800341.0,0.5663,821.85
816.15,817.9,809.65,816.1,817.6,3275638,3.532848958826581,1703222.0,0.52,824.9
816.1,816.0,812.3,814.25,816.52,2527532,3.5252048699563163,1574678.0,0.623,823.9
814.25,809.2,805.7,807.8,809.8,1999746,3.518039056530032,1227620.0,0.6139,815.5
807.8,810.55,787.95,794.5,800.02,3808432,3.5366103959325748,2515703.0,0.6606000000000001,811.4
794.5,791.75,778.7,782.1,784.18,3455630,3.5331924522204825,2103121.0,0.6086,794.5
782.1,786.0,783.5,787.35,788.68,2092529,3.51860005974582,1245556.0,0.5952000000000001,796.2
787.35,786.85,778.55,790.2,785.52,2005624,3.517222773493633,1071872.0,0.5344,793.9
790.2,791.0,780.3,782.15,787.32,2021201,3.51752060545205,1032209.0,0.5107,797.5
782.15,779.75,768.6,783.4,780.44,6227911,3.5501154097119167,3013801.0,0.4839,791.85
783.4,780.0,762.7,766.4,770.65,3378863,3.53202720871504,2198137.0,0.6506000000000001,784.4
766.4,768.0,760.05,763.05,764.13,2237861,3.519652548857924,1409015.0,0.6296,769.95
763.05,763.95,762.2,779.6,773.88,2001239,3.5167147852386056,980792.0,0.4901,781.15
779.6,775.25,764.2,771.15,770.94,3012632,3.5286772782341966,1892753.0,0.6283,779.95
771.15,766.3,764.0,768.2,769.14,1212105,3.501527278334276,385824.0,0.3182999999999999,774.6
768.2,778.7,778.5,791.75,790.48,3159455,3.530805790661676,1805517.0,0.5715,796.5
791.75,793.5,793.2,796.0,795.39,166487,3.485733407347956,45312.0,0.2722,799.0
796.0,800.0,789.15,792.05,793.11,2006068,3.517515069339169,1356542.0,0.6762,803.35
792.05,789.5,783.2,791.0,791.39,3122198,3.530492084405702,2025566.0,0.6487999999999999,795.85
791.0,793.5,789.45,798.1,794.67,1776753,3.513964813888522,869908.0,0.4896,799.7
798.1,798.1,794.3,799.15,802.23,2669369,3.5262921196144483,1450557.0,0.5434,808.5
873.75,870.2,851.3,855.6,860.8,3953604,3.5398261333985044,2536600.0,0.6416,873.9
855.6,840.7,828.25,832.5,839.09,3499635,3.5355363851197152,2389205.0,0.6827,848.3
850.3,850.0,832.75,836.35,845.74,3407033,3.534984612489117,1696675.0,0.498,857.8
836.35,838.0,830.25,839.75,839.53,3163188,3.5326014833086985,1669471.0,0.5278,844.8
839.75,838.0,833.85,844.75,842.59,3807711,3.538113063226144,2243761.0,0.5893,849.7
829.85,837.0,834.35,837.2,841.02,3227049,3.5332373527368715,1966134.0,0.6093000000000001,847.9
837.2,840.0,829.25,833.5,834.99,1991469,3.5188242696284324,972193.0,0.4882,842.3
833.5,834.45,834.25,846.1,845.93,5006639,3.546152668478564,2908157.0,0.5809000000000001,853.45
846.1,850.55,849.1,852.9,853.87,2886232,3.53041597223062,1522797.0,0.5276,858.9
852.9,859.9,682.35,857.8,846.95,3592138,3.53656769394612,1052935.0,0.2930999999999999,862.0
857.8,854.55,816.25,819.4,828.39,4775793,3.5441852982802984,2860535.0,0.599,854.55
819.4,825.5,813.1,815.3,819.34,2651961,3.5267202718379207,1291748.0,0.4871,826.7
815.3,811.0,807.4,816.0,816.42,2144325,3.520348108230694,872057.0,0.4067,822.3
816.0,819.0,809.3,819.95,816.32,2710338,3.527251629872448,1226282.0,0.4524,822.0
819.95,818.8,816.05,818.9,820.73,2429045,3.524185311546655,1517173.0,0.6246,826.4
818.9,819.0,819.0,823.05,824.08,2555825,3.52580372063873,1007657.0,0.3943,829.9
823.05,838.9,810.0,812.45,822.71,5068137,3.545702081964812,2186840.0,0.4315,839.95
812.45,816.05,801.55,805.15,805.58,4780912,3.5434093033717406,3090416.0,0.6464,817.4
811.3,807.7,799.35,802.8,804.11,2891282,3.528706932198215,1765227.0,0.6104999999999999,810.5
802.8,795.2,791.7,815.6,810.4,3237961,3.5322522835963404,1741399.0,0.5378000000000001,816.95
815.6,813.5,804.8,809.95,809.42,2170107,3.520446998920224,1242475.0,0.5725,814.8
809.95,810.1,807.2,810.4,812.99,4127449,3.539416604986248,2609363.0,0.6322,818.7
810.4,803.2,792.15,798.95,798.26,1936406,3.516657947757249,890238.0,0.4597,806.0
798.95,802.35,802.35,811.2,810.81,2511242,3.5248076045993844,1593965.0,0.6347,814.4
811.2,810.0,799.15,803.25,805.21,2134370,3.5198012254948488,1300443.0,0.6093000000000001,811.8
803.25,803.15,798.0,805.5,803.84,2153819,3.5200190908308966,1401827.0,0.6509,807.35
805.5,795.0,788.7,807.1,801.72,4201156,3.539525162945384,2306706.0,0.5491,808.8
807.1,812.0,802.5,807.95,806.54,2639614,3.526120049102782,1617690.0,0.6129,814.9
807.95,803.65,801.85,806.15,805.78,1158128,3.50155698996816,541538.0,0.4676,808.95
806.15,804.0,796.25,805.45,800.49,3531643,3.5344285792770296,2377693.0,0.6733,807.4
805.45,802.0,798.0,800.85,802.34,2381384,3.5229327582321925,1518012.0,0.6374000000000001,805.3
800.85,793.0,789.75,796.6,793.77,2837737,3.527778060522518,1910385.0,0.6731999999999999,798.3
796.6,793.35,785.0,787.65,792.48,2421910,3.5230657129071883,1241188.0,0.5125,803.5
787.65,785.85,779.0,786.65,782.91,2894127,3.527951644282868,1900410.0,0.6566,789.4
786.65,789.15,783.4,789.6,789.24,765533,3.488363258518983,461881.0,0.6033,792.2
789.6,788.85,777.05,784.6,781.69,3486440,3.53335889622482,2534492.0,0.7270000000000001,788.85
784.6,787.4,771.0,775.15,782.62,3281968,3.5316267722026016,2355224.0,0.7176,792.65
775.15,775.25,761.35,774.3,769.48,4737114,3.541816423313417,3381388.0,0.7138,778.25
774.3,780.7,762.2,765.35,770.55,2156459,3.518802702883144,1289732.0,0.5981000000000001,780.7
765.35,766.5,761.1,771.2,767.19,1968764,3.515970711165478,1048684.0,0.5327000000000001,773.9
771.2,773.05,761.4,765.85,766.6,2397131,3.521781643495769,1329076.0,0.5544,773.7
765.85,766.0,766.0,773.75,771.91,1707395,3.5119117765294,835250.0,0.4892,775.8
773.75,774.9,771.0,773.65,774.64,1038412,3.4970687758855923,471144.0,0.4537,779.45
773.65,777.0,774.0,786.8,782.99,2470660,3.52329815275589,1491511.0,0.6037,788.0
786.8,786.0,782.65,798.3,797.35,4483489,3.541253018934684,3105558.0,0.6927,804.0
798.3,796.05,790.0,793.7,797.44,4170481,3.53915703702082,2725922.0,0.6536,808.0
793.7,795.0,789.75,804.0,799.83,2359017,3.522561427403875,1206043.0,0.5112,807.0
804.0,806.15,806.0,824.7,817.63,3492574,3.534722261408776,1807382.0,0.5175,825.7
824.7,828.25,820.6,832.6,831.25,3089629,3.5316236782971133,1783300.0,0.5772,837.1
832.6,835.95,822.0,843.9,833.3,2636685,3.527047145573565,1359338.0,0.5155,845.85
843.9,841.05,830.45,834.6,842.05,3014740,3.531283464623629,1775403.0,0.5889,849.7
834.6,834.6,821.25,828.3,828.13,1869316,3.516701705594658,986506.0,0.5277000000000001,837.95
828.3,832.0,814.5,820.05,825.7,3715258,3.53680903846356,2495980.0,0.6718000000000001,838.35
820.05,825.0,819.35,832.6,828.21,2314044,3.523022611414212,1123615.0,0.4856,834.8
832.6,832.6,830.4,834.25,835.71,2652270,3.5273051605310006,1670056.0,0.6297,841.0
834.25,834.5,828.5,839.25,839.87,2045918,3.519795607056256,1082807.0,0.5293,846.8
839.25,834.5,831.0,834.15,838.33,1656401,3.5134688192659658,940950.0,0.5681,844.4
834.15,834.5,826.0,831.4,831.21,1827793,3.516144578772116,948232.0,0.5188,839.45
831.4,835.2,834.05,839.5,839.0,1993015,3.5189890895758547,1240307.0,0.6223,843.05
839.5,841.95,829.5,837.85,835.8,2189272,3.521655085018357,1208211.0,0.5519,841.95
837.85,833.0,822.2,825.25,828.79,2149301,3.520861317367556,1412489.0,0.6572,834.5
825.25,825.6,815.6,820.7,819.68,1303847,3.5056376621870093,650331.0,0.4988,827.35
820.7,822.0,822.0,828.25,829.29,1331218,3.5066110165229505,681236.0,0.5117,835.9
828.25,830.3,815.1,817.7,823.18,3680616,3.536447451244859,2129799.0,0.5787,832.0
817.7,823.5,821.55,840.25,835.03,3326023,3.5339106771036564,1851478.0,0.5567000000000001,846.0
840.25,840.3,836.8,839.55,841.78,2224287,3.5223344610087057,1203165.0,0.5409,849.8
839.55,844.0,839.1,840.7,842.74,1561532,3.5118664731706595,841458.0,0.5389,846.6
840.7,844.0,842.55,847.95,849.46,3072592,3.532095814503119,1551437.0,0.5049,856.0
847.95,848.6,844.6,860.75,855.58,3946902,3.539600270663315,2331395.0,0.5907,862.0
860.75,861.9,853.55,861.85,860.42,3041614,3.532174159799991,1787304.0,0.5876,864.6
861.85,865.7,851.8,856.6,860.91,3498964,3.536278662676492,2240626.0,0.6404000000000001,871.0
856.6,855.1,847.9,850.65,852.15,3194175,3.533322268894165,2112754.0,0.6614,858.1
850.65,852.4,848.65,852.7,854.64,3902332,3.5392386356999745,2920516.0,0.7484000000000001,859.85
852.7,857.75,847.0,850.05,851.17,2112066,3.521132727483085,1323235.0,0.6265,858.95
850.05,852.5,836.25,839.9,841.17,1840162,3.516698652819965,1062682.0,0.5775,853.0
839.9,841.0,839.0,847.55,844.16,1614000,3.512902511021187,873130.0,0.541,853.0
847.55,846.15,838.0,847.15,844.51,2374487,3.5243577234146755,1209356.0,0.5093,851.8
847.15,846.05,846.05,861.35,864.11,4469088,3.54348729761474,2147337.0,0.4805,870.9
861.35,862.1,859.75,890.0,879.41,5055697,3.547552180265081,2576730.0,0.5097,893.55
890.0,895.0,885.65,900.2,895.99,5201345,3.548906731977079,2625056.0,0.5047,902.95
919.95,920.0,915.55,920.05,925.11,4266371,3.544116894123764,2701782.0,0.6333,930.7
920.05,922.1,916.2,923.05,922.25,2674869,3.5304448297811435,1484553.0,0.555,928.8
923.05,925.0,907.0,915.55,915.97,3071712,3.53428929396641,2066252.0,0.6727,928.35
915.55,916.25,905.1,912.2,910.25,3220389,3.535485089976866,2221014.0,0.6897,917.35
912.2,911.35,895.0,897.55,900.48,3063239,3.533710973869406,1972532.0,0.6439,913.15
897.55,895.0,880.1,882.85,891.4,3529188,3.537541942278045,2290423.0,0.649,902.0
882.85,887.5,887.5,899.4,898.26,4032649,3.541634918905552,2789738.0,0.6918000000000001,903.4
899.4,896.65,883.1,886.65,887.69,3825017,3.5397592761063383,2312936.0,0.6047,898.0
886.65,891.35,883.6,894.0,892.3,1863597,3.518824695422308,895902.0,0.4807,899.8
894.0,896.05,884.1,886.7,892.96,3130914,3.5341041462252765,2198711.0,0.7023,901.0
886.7,884.0,873.0,874.75,876.88,2219184,3.523472536146563,1406404.0,0.6337,885.9
874.75,880.45,870.8,875.65,877.32,2257604,3.5239934151361214,1355726.0,0.6005,882.9
875.65,871.6,868.35,872.9,874.4,1952688,3.519607696241489,1140205.0,0.5839,882.0
872.9,869.95,857.0,863.55,865.98,2190791,3.5227233424056426,1311707.0,0.5987,874.0
863.55,865.0,860.6,868.4,868.66,1904074,3.5186659788503203,1006646.0,0.5287,875.0
868.4,868.6,865.2,875.45,873.93,2223818,3.5234345302041827,1216816.0,0.5472,880.35
875.45,884.0,872.5,879.0,881.76,2407720,3.526038095307096,1463013.0,0.6076,888.0
879.0,880.0,851.0,856.05,868.12,2808132,3.530097370553166,1731363.0,0.6165999999999999,883.45
856.05,854.9,834.1,845.8,844.06,3289431,3.5339018678173684,1771944.0,0.5387,857.4
845.8,848.0,843.2,847.5,849.98,1213793,3.504578074329838,497085.0,0.4095,854.6
847.5,849.0,834.25,848.4,842.32,2212004,3.522189763561304,906442.0,0.4098,855.0
848.4,857.95,856.6,874.8,869.85,3399774,3.535741731059488,1304042.0,0.3836,878.85
874.8,869.0,853.65,859.2,863.96,3706369,3.5380569775687274,1849224.0,0.4989,876.8
859.2,858.5,858.0,862.6,865.72,2223041,3.523145758763749,1056149.0,0.4750999999999999,872.0
862.6,864.0,851.0,854.35,854.99,2258056,3.523238916322294,1251247.0,0.5540999999999999,864.95
854.35,849.7,818.75,823.5,831.39,3080139,3.531538508027556,1537957.0,0.4993,849.7
823.5,830.0,827.15,831.3,833.99,4048013,3.539592636884949,2685974.0,0.6635,840.95
813.85,816.0,805.5,810.4,811.41,3178835,3.531749648886415,1704933.0,0.5363,818.5
810.4,808.9,804.9,812.6,812.14,3416863,3.53388599409112,2243926.0,0.6567000000000001,818.25
812.6,819.1,819.1,826.35,827.47,3008011,3.530706465754358,1699963.0,0.5651,834.45
826.35,831.9,826.7,835.25,833.46,2463693,3.5250561133372,1323917.0,0.5374,838.4
835.25,831.25,824.05,836.5,830.21,2406954,3.524254539462814,1378229.0,0.5726,841.5
836.5,843.0,840.0,851.3,847.87,2315993,3.5237395939587333,1162031.0,0.5017,854.7
851.3,852.1,840.05,844.5,852.03,2415898,3.5251282476068537,1229665.0,0.509,860.6
844.5,850.5,843.55,847.85,849.93,1954963,3.518801327054207,792518.0,0.4054,854.5
847.85,842.2,840.2,845.0,849.89,2149116,3.521602174857501,987912.0,0.4597,856.6
845.0,844.0,835.25,860.05,851.07,3380827,3.53494265467161,1688905.0,0.4996,863.45
860.05,864.75,838.3,843.65,849.45,2924340,3.5306483362123515,1174871.0,0.4018,869.4
843.65,835.0,830.8,834.3,836.76,1833998,3.516442852987476,942438.0,0.5139,843.5
834.3,836.6,811.9,825.0,824.98,4107716,3.539702333281649,2460720.0,0.599,839.0
825.0,829.4,813.35,822.7,820.16,4612611,3.5428916009373608,2732973.0,0.5925,829.8
822.7,825.0,804.75,812.6,820.76,3808222,3.537353725571794,2019385.0,0.5303,832.8
812.6,808.3,804.35,810.6,811.54,2714879,3.527128500553656,1515220.0,0.5581,821.0
810.6,820.6,802.25,809.25,814.29,3213575,3.5321710254156566,2036794.0,0.6338,823.35
809.25,802.5,780.0,783.35,790.33,4449515,3.540776181575964,2794347.0,0.628,805.0
772.9,781.0,773.8,778.75,779.78,1903323,3.515449804605689,867814.0,0.4559,790.8
778.75,780.2,778.3,793.9,788.57,2539732,3.5243208007268017,1455258.0,0.573,796.5
793.9,797.8,771.0,776.55,786.99,2130749,3.519072970573306,854795.0,0.4012,799.0
776.55,772.5,764.2,767.55,769.23,2723719,3.5256490628134016,1371301.0,0.5035000000000001,777.95
767.55,769.0,767.7,780.1,776.36,2969243,3.528456958918669,1768038.0,0.5955,782.4
780.1,778.1,778.0,789.4,788.45,2029499,3.5176845985938665,1153982.0,0.5686,794.35
789.4,792.1,771.1,776.95,783.91,2990299,3.5289484426388977,1806928.0,0.6043000000000001,795.6
776.95,780.1,771.6,779.4,777.87,2786488,3.5266480754799496,1534462.0,0.5507,783.95
779.4,784.0,764.15,771.1,771.37,2612370,3.524501700301818,1087952.0,0.4165,785.1
771.1,767.0,765.0,775.35,774.4,2594372,3.524413778118316,1475117.0,0.5686,780.4
775.35,773.05,773.05,793.6,789.79,3699483,3.5353901505919207,2299733.0,0.6215999999999999,799.95
793.6,797.0,785.4,804.95,801.67,4062976,3.538551998810776,1856134.0,0.4568,810.0
773.7,776.5,772.65,781.6,779.71,3152921,3.5303435272372274,1828587.0,0.58,785.2
781.6,786.0,778.3,789.75,788.06,2923783,3.528443337706256,1589688.0,0.5437,794.7
789.75,791.5,786.05,803.7,796.84,2824426,3.52775358228656,1647834.0,0.5834,805.8
819.65,813.0,789.7,792.4,803.95,4766434,3.5432630497674946,3185043.0,0.6681999999999999,825.0
792.65,793.65,777.15,788.2,785.65,4011397,3.537594010012803,2817576.0,0.7023999999999999,796.65
802.9,803.0,794.9,800.5,806.48,2952640,3.529409209428746,1344220.0,0.4553,815.9
800.5,802.2,802.2,821.6,817.64,2139146,3.5203207201771383,978596.0,0.4575,824.95
821.6,821.5,819.65,828.15,826.94,3778450,3.5373435408363325,2197368.0,0.5816,835.9
828.15,830.1,822.05,829.65,827.8,2710630,3.527665305760486,1466038.0,0.5408,832.9
829.65,828.4,815.0,818.1,819.62,1870391,3.516411897528259,891386.0,0.4765999999999999,831.65
818.1,814.7,809.2,812.95,814.66,2075931,3.5193245437544327,1006149.0,0.4847,820.5
812.95,813.4,812.0,814.1,813.79,111054,3.485733407347956,31741.0,0.2858,814.9
814.1,813.35,798.8,803.0,812.59,2077188,3.5192672167693444,868532.0,0.4181,825.5
803.0,800.55,795.6,798.15,803.28,2017950,3.5180681402383422,1105015.0,0.5476,809.0
798.15,802.0,802.0,819.0,813.64,2572806,3.525623450246252,1355216.0,0.5267000000000001,820.8
819.0,816.0,815.5,840.65,834.91,3473901,3.5351755010313872,1749832.0,0.5037,843.8
840.65,840.65,823.3,835.5,833.22,2853857,3.5293677480532053,1587823.0,0.5564,844.7
835.5,837.4,828.75,831.15,842.53,3025949,3.531408648840683,1498905.0,0.4954,855.0
831.15,831.1,825.3,828.6,832.71,2421664,3.524522883857258,1122189.0,0.4634,840.0
828.6,830.1,813.5,818.75,820.9,2875414,3.5291517343978587,1618570.0,0.5629,834.0
818.75,811.65,780.1,784.45,796.68,2925439,3.528779004414691,1527421.0,0.5221,816.0
784.45,793.4,779.2,786.45,788.58,1823040,3.5145016111258025,731249.0,0.4011,794.7
786.45,802.75,801.0,828.3,820.2,4333130,3.5410831232476188,2116124.0,0.4884,832.8
828.3,830.0,826.2,843.4,836.84,4968154,3.5456186533959144,2895556.0,0.5828,846.9
847.9,845.0,830.0,836.8,836.76,4165950,3.540521949631576,2601603.0,0.6245,846.0
836.8,834.1,802.1,806.3,812.13,3922347,3.5379050266208987,2290365.0,0.5839,835.75
806.3,803.7,785.25,787.9,790.36,3237910,3.531519433427986,2025707.0,0.6256,805.35
787.9,790.6,779.15,780.2,790.21,3372217,3.5327021867936814,2042975.0,0.6058,799.8
780.2,780.5,780.5,802.0,794.01,2914171,3.528567457566335,1342123.0,0.4606,804.3
802.0,800.0,788.1,792.0,794.02,3911834,3.537171142680805,1507549.0,0.3854,803.9
792.0,794.2,781.0,783.6,792.51,2153414,3.5195934950774537,757357.0,0.3517,802.0
783.6,789.0,782.0,789.35,788.95,2597020,3.5249921133098048,1344787.0,0.5178,795.5
789.35,783.5,775.3,785.6,784.74,3026936,3.529336815129008,1550592.0,0.5123,791.5
785.6,783.05,782.2,790.8,790.15,2920051,3.5284836240170483,1592378.0,0.5453,797.5
790.8,783.0,780.55,789.8,787.26,2223263,3.520341552914616,1171114.0,0.5268,792.9
789.8,796.2,796.1,814.65,809.25,4017490,3.538498267193902,2500798.0,0.6225,819.85
814.65,815.5,811.1,825.55,820.95,2534907,3.525449851938298,1310689.0,0.5171,827.9
825.55,823.7,817.45,823.4,828.19,3579236,3.5358106411883115,1681471.0,0.4698,837.5
823.4,822.0,814.9,831.7,824.7,3961700,3.538641607628513,2107167.0,0.5319,833.25
831.7,817.9,795.0,798.0,804.43,3982470,3.53807035866153,1950168.0,0.4897,817.9
798.0,799.9,783.6,792.85,799.99,4682806,3.5426082077074885,2464432.0,0.5263,810.35
792.85,790.0,778.5,792.65,789.94,3728564,3.5356236888022585,2216419.0,0.5944,796.15
792.65,799.7,795.0,803.8,807.56,4396198,3.5410520200324096,2458898.0,0.5593,819.9
803.8,809.45,801.1,803.6,808.71,3808494,3.536925252448638,2552982.0,0.6703,814.45
803.6,816.5,814.4,830.0,826.62,5886358,3.550146633133388,3332236.0,0.5661,836.95
862.6,862.0,855.65,885.7,878.74,4685396,3.545337324099689,2829715.0,0.6039,888.0
885.7,883.1,868.75,871.85,878.64,4064138,3.541220652124581,2262903.0,0.5568,891.8
871.85,860.5,848.55,850.85,853.16,2929628,3.530828728785898,1624484.0,0.5545,863.35
850.85,853.1,847.35,861.65,860.99,3024958,3.532033182462564,1306005.0,0.4317,870.6
861.65,866.35,866.35,880.35,879.11,2915951,3.531568819403074,1338994.0,0.4592,884.75
880.35,870.0,858.15,866.95,866.68,3258017,3.5343935777811986,1874117.0,0.5752,873.45
866.95,869.1,867.05,874.8,874.73,2953811,3.531799942128516,1604809.0,0.5433,881.8
874.8,874.25,839.0,856.0,858.34,5083109,3.5470092696363764,2441102.0,0.4802,879.85
856.0,865.0,859.25,870.05,867.49,2598534,3.527800455144573,1151647.0,0.4432,873.3
870.05,874.25,869.6,889.95,882.49,3285192,3.535163250984046,1590684.0,0.4842,896.0
889.95,886.0,886.0,896.85,893.87,2951748,3.5324125160062056,1305191.0,0.4422,899.9
896.85,887.0,883.05,900.6,896.39,2965797,3.5326336564858187,1053571.0,0.3552,904.45
900.6,903.0,903.0,914.95,912.79,5287638,3.549913562470587,3337776.0,0.6312,917.9
914.95,918.0,909.2,917.25,915.24,2812387,3.5316891041991947,1718067.0,0.6109,919.95
917.25,919.05,913.05,923.7,922.82,3268422,3.5363159829023885,1718146.0,0.5257000000000001,927.9
923.7,915.0,898.95,909.05,907.88,3876482,3.54079916758346,2130065.0,0.5495,915.0
909.05,912.05,907.25,909.55,915.99,2841507,3.532014533495225,1743498.0,0.6136,925.0
909.55,908.0,895.15,909.35,908.89,3151838,3.53481428149036,1848024.0,0.5863,916.9
909.35,905.95,877.45,890.75,898.18,3618768,3.538490672650989,2102879.0,0.5811000000000001,912.2
890.75,892.2,885.45,890.15,895.66,2186491,3.5236596071769366,1156907.0,0.5291,903.7
890.15,887.05,882.55,885.7,889.87,2091846,3.5221622050320303,962720.0,0.4602,898.65
885.7,887.05,853.9,857.35,872.39,2604256,3.5280302099687533,1419179.0,0.5449,892.0
857.35,858.65,842.6,872.05,860.0,3610644,3.537162534257969,2183263.0,0.6047,879.7
872.05,875.15,844.85,850.0,858.47,2530722,3.5267162845170947,1236936.0,0.4888,882.85
850.0,860.0,850.0,857.35,861.98,2930875,3.531142339508353,1675213.0,0.5716,871.95
857.35,860.0,855.75,861.55,865.05,2870806,3.5306400036011016,1741529.0,0.6066,872.9
861.55,858.45,830.15,841.05,848.22,2837977,3.52972727440196,1435697.0,0.5059,864.2
841.05,845.0,831.0,872.45,861.8,4296180,3.542268139018241,2221663.0,0.5171,881.85
872.45,867.35,857.15,865.65,865.3,2598354,3.5277239454330407,1457520.0,0.5609000000000001,872.45
865.65,869.0,840.45,845.65,853.2,1995272,3.5195198282641296,1011327.0,0.5069,872.85
845.65,843.0,835.0,852.9,851.92,2637165,3.527701831743961,1419166.0,0.5381,859.95
852.9,856.0,847.45,865.0,858.17,2573906,3.527203354704344,1288680.0,0.5007,868.0
826.7,823.0,807.55,820.25,818.16,3691650,3.536356576847885,1906046.0,0.5163,834.0
820.25,811.1,805.05,825.35,818.99,2610167,3.52624058790739,1205286.0,0.4618,830.8
825.35,833.0,780.2,783.6,807.96,3591352,3.535188453188181,1830839.0,0.5098,834.7
783.6,782.45,774.2,806.1,791.47,5095979,3.544743007821572,2714395.0,0.5327000000000001,808.65
806.1,813.7,808.5,819.5,816.25,3276098,3.532804663445725,1689875.0,0.5158,824.7
819.5,822.5,808.4,822.6,819.7,2266639,3.5221066478282266,994696.0,0.4388,831.45
822.6,814.0,800.0,803.25,811.58,2993270,3.5299945850149324,1279492.0,0.4275,824.9
803.25,795.1,763.9,811.8,790.24,5900451,3.548921654766623,2848679.0,0.4828,818.55
811.8,816.0,812.5,845.25,834.9,7049010,3.5555948966903737,3473613.0,0.4928,853.4
845.25,843.8,828.3,853.85,843.77,4901683,3.5454677665971874,2489878.0,0.508,860.0
853.85,853.2,853.2,886.75,874.01,4812235,3.5459523606098915,2854908.0,0.5933,890.0
886.75,888.2,828.3,831.0,852.09,3960633,3.539582338706088,1904821.0,0.4809,891.7
831.0,833.75,833.0,849.35,852.22,3045550,3.5319321559182195,959853.0,0.3152,864.55
849.35,863.0,851.1,862.55,861.71,3258258,3.5342279061999213,1527492.0,0.4688,869.75
862.55,870.0,841.5,868.0,859.67,3439791,3.5357398641918465,1470346.0,0.4275,873.5
868.0,872.9,866.25,890.35,881.07,4227364,3.5424407314618733,2068132.0,0.4892,893.55
890.35,889.0,874.15,887.75,884.41,3396942,3.536201230506579,1740251.0,0.5123,892.9
887.75,888.0,871.15,875.4,883.99,4109760,3.5417199604297567,1789014.0,0.4353,901.0
875.4,868.0,867.05,873.0,875.61,2246049,3.5237844965237364,970909.0,0.4322999999999999,883.7
873.0,885.95,854.0,861.75,868.91,2754524,3.529558839810196,1221443.0,0.4434,887.7
861.75,856.35,852.6,858.15,858.31,2498437,3.526333123131122,1615287.0,0.6465000000000001,864.0
858.15,860.5,856.8,871.95,867.54,3132560,3.5332760919323483,2004510.0,0.6399,875.0
871.95,888.05,880.55,890.6,887.26,4328339,3.54332618382831,2783254.0,0.643,895.95
890.6,886.0,870.5,881.9,885.92,4197357,3.5423935486867006,2315568.0,0.5517000000000001,901.0
881.9,872.05,865.0,874.35,871.87,2028677,3.5206520522419176,1036277.0,0.5108,881.0
874.35,872.0,868.15,874.6,877.07,2823675,3.530559438448888,1669210.0,0.5911,884.55
874.6,872.4,842.2,849.05,851.86,3993925,3.539817597600122,2158643.0,0.5405,874.9
849.05,846.65,835.25,838.25,840.74,4543087,3.543169210871961,2661478.0,0.5858,850.15
838.25,842.0,837.0,839.9,845.14,2744478,3.528638100882691,1294090.0,0.4715,854.5
839.9,832.05,819.1,822.4,830.49,3639687,3.5363794493282303,2082108.0,0.5721,844.5
822.4,826.3,817.7,821.45,824.01,2082088,3.519750150122865,999624.0,0.4800999999999999,829.9
821.45,823.4,823.4,846.95,838.91,2082009,3.5202796643203595,880902.0,0.4231,848.9
846.95,840.55,838.0,854.4,851.0,2265225,3.523194436926074,850112.0,0.3753,859.7
854.4,847.6,836.0,844.05,841.97,2575155,3.526657267749768,1385569.0,0.5381,852.4
844.05,849.7,839.2,844.95,844.53,2770271,3.528891510796495,1636505.0,0.5907,854.7
844.95,839.95,837.5,860.9,856.64,2732625,3.528907702391716,1377767.0,0.5042,867.65
860.9,859.0,848.05,860.0,855.61,2142108,3.5217039897146543,912973.0,0.4261999999999999,862.8
860.0,865.0,854.3,863.35,861.12,2233967,3.5231333519183474,812249.0,0.3636,868.0
863.35,865.0,863.2,870.3,869.48,2778882,3.5298363253948173,1235880.0,0.4447,875.0
870.3,897.3,864.0,867.8,876.23,5266950,3.548625883417502,2236427.0,0.4246,898.65
867.8,870.0,864.65,880.35,880.02,4026153,3.5409937734406585,2289206.0,0.5686,888.0
880.35,881.6,881.6,905.65,899.34,5069374,3.548275079904315,3028364.0,0.5974,908.0
905.65,905.65,896.15,913.2,907.16,3461572,3.5374890173167706,2053221.0,0.5931000000000001,915.5
913.2,907.4,897.5,904.2,903.58,2342103,3.5259441658872634,1290899.0,0.5512,910.95
904.2,905.2,887.65,896.75,897.5,2044698,3.521740893569296,989111.0,0.4836999999999999,909.2
896.75,892.05,881.35,884.5,896.89,2678332,3.5296657867155883,1350263.0,0.5041,911.0
884.5,884.1,879.35,887.0,886.53,2273430,3.5245069285262383,1274644.0,0.5607,892.8
887.0,888.0,887.85,890.75,897.8,3514321,3.5376270599476696,2095786.0,0.5964,904.85
890.75,889.1,883.9,896.8,895.29,3303172,3.5357417509342977,2091187.0,0.6331,903.95
896.8,896.5,894.7,898.15,898.37,2197777,3.5239004507369645,1492443.0,0.6790999999999999,902.9
898.15,900.0,896.0,914.7,910.69,4521314,3.5453393820082666,3103144.0,0.6863,918.0
914.7,910.1,903.35,908.25,912.98,2718063,3.530618333637772,1512390.0,0.5564,926.55
908.25,910.0,906.8,908.7,910.93,425619,3.485733407347956,155321.0,0.3649,914.4
908.7,903.35,903.35,909.7,913.18,2504263,3.5282223163523523,1413756.0,0.5645,921.7
909.7,910.0,894.95,898.6,903.62,2198926,3.5240878964703044,1295525.0,0.5892000000000001,919.9
898.6,899.0,882.1,885.9,895.35,2238424,3.524341464621861,1144077.0,0.5111,905.8
885.9,886.0,871.15,875.95,877.46,2001425,3.5204408729234054,975628.0,0.4875,888.0
875.95,874.0,860.2,863.9,870.92,2034671,3.520706884424212,908960.0,0.4467,882.1
863.9,865.0,850.2,852.6,860.67,2781812,3.5295684505717904,1716389.0,0.617,871.6
852.6,849.9,842.1,844.4,851.06,1918164,3.518277445998102,904810.0,0.4717,861.4
844.4,851.25,850.4,851.65,856.85,1835838,3.5171772899312663,866881.0,0.4722,864.0
851.65,858.1,856.15,874.75,869.66,2759723,3.529639478177461,1622855.0,0.588,877.75
874.75,875.0,875.0,878.35,880.38,1928073,3.519433804062362,1080888.0,0.5606,884.9
878.35,874.85,857.0,862.5,875.41,2992305,3.532201398754665,1977586.0,0.6609,883.0
862.5,859.9,843.45,847.6,851.69,2620866,3.527511848580545,1471352.0,0.5614,860.0
847.6,851.0,839.1,843.75,848.45,1710289,3.514779347991829,662675.0,0.3875,856.45
843.75,847.35,844.05,851.7,851.07,2303754,3.5236942555526274,1482164.0,0.6434000000000001,856.85
851.7,850.5,837.55,841.25,846.01,3192390,3.533094891364736,2023996.0,0.634,856.8
841.25,844.5,835.25,837.95,840.35,2610836,3.527005144288495,1413918.0,0.5416,849.5
837.95,843.1,843.1,847.95,850.63,2867965,3.5301185274083258,1647029.0,0.5743,856.4
847.95,850.95,848.6,853.2,853.19,2259353,3.5231935085305244,1215153.0,0.5378000000000001,856.5
853.2,853.0,852.3,855.3,857.96,1650771,3.5140569470742085,772470.0,0.4679,862.95
855.3,855.0,850.65,861.9,859.7,2099451,3.5212502396066525,1096932.0,0.5225,865.5
861.9,860.9,853.2,856.05,860.14,2002635,3.519868790905037,931657.0,0.4652,867.5
856.05,872.0,868.05,871.0,872.14,2865154,3.530821481804421,1813899.0,0.6331,877.0
871.0,870.15,861.2,866.7,867.28,1668901,3.514703506662103,1011405.0,0.606,874.65
866.7,882.1,876.2,878.95,881.32,2904113,3.53152328415835,1696880.0,0.5843,888.0
878.95,878.5,878.5,884.65,884.84,1992917,3.520562670026453,1064413.0,0.5341,888.7
884.65,882.5,872.5,882.6,879.38,1137789,3.5036557723652626,424291.0,0.3729,884.95
882.6,878.0,868.0,870.2,871.63,1300646,3.50740734737052,600439.0,0.4615999999999999,880.0
870.2,867.0,857.65,864.7,863.86,2040359,3.520548733231328,1359787.0,0.6664,868.1
864.7,860.0,843.2,845.05,850.02,2296374,3.5235633127944186,1554746.0,0.677,862.25
845.05,848.7,836.75,839.2,844.8,2306272,3.523508383711684,1437975.0,0.6235,852.9
839.2,839.2,839.2,859.95,856.81,2745251,3.5290486963220444,1753086.0,0.6386000000000001,863.85
859.95,864.4,843.7,854.05,854.48,3074567,3.5322868366454268,1796745.0,0.5844,864.4
854.05,872.0,862.1,895.15,878.73,4687926,3.545352797911116,2054594.0,0.4382999999999999,898.0
895.15,899.0,890.0,896.25,901.03,3701213,3.539237238362674,1854470.0,0.501,909.0
896.25,896.5,895.1,898.05,899.67,1670206,3.515817111738088,729578.0,0.4368,905.0
898.05,894.5,882.1,887.55,889.03,3341856,3.5358765786382698,1858470.0,0.5561,900.0
887.55,888.6,876.9,878.85,883.27,1770277,3.516999206958976,1050516.0,0.5934,893.9
878.85,881.0,875.85,887.1,884.08,2357956,3.525500687800424,1155702.0,0.4901,889.85
887.1,888.0,887.1,895.2,894.05,1304298,3.5082523418422724,622014.0,0.4769,898.25
895.2,897.45,887.6,888.8,891.42,1337074,3.508907144332747,607039.0,0.454,898.25
888.8,887.7,870.1,875.0,885.11,1376901,3.5095729915555864,698939.0,0.5075999999999999,896.0
875.0,871.6,855.0,864.25,864.22,2933613,3.5312454850642805,1575724.0,0.5371,873.35
864.25,862.1,850.0,854.95,854.84,3043781,3.5320048792739307,2136241.0,0.7018000000000001,863.25
854.95,854.6,840.05,842.1,846.4,3957111,3.5393622347362297,2791907.0,0.7055,859.95
842.1,844.4,844.4,849.05,850.03,2909048,3.530514807541957,1683482.0,0.5787,857.35
849.05,850.45,845.05,850.7,849.4,1899340,3.517927178052603,1085278.0,0.5714,853.8
850.7,848.35,848.0,858.15,863.52,3392170,3.5354638335623605,1382611.0,0.4075999999999999,876.3
858.15,868.25,868.0,880.4,876.44,2756390,3.529831854035069,1490091.0,0.5406000000000001,883.0
880.4,878.5,872.45,881.5,880.74,2760267,3.5300163680380887,1728217.0,0.6261,884.55
881.5,884.7,881.0,885.45,889.77,2893960,3.5316997793021274,1774302.0,0.6131000000000001,895.0
885.45,888.7,882.05,886.15,888.21,4123266,3.5419526586718773,3065412.0,0.7434000000000001,893.3
886.15,889.15,880.25,884.75,890.33,3534630,3.5375516326419025,2343127.0,0.6629,896.9
884.75,886.9,866.1,869.75,872.35,3789008,3.538978596640224,2324348.0,0.6134000000000001,889.0
869.75,872.65,862.0,863.05,865.66,2241570,3.523388465977463,1272790.0,0.5678,873.6
863.05,863.5,858.15,872.45,869.82,1947009,3.5193660608088817,1183161.0,0.6077,875.35
872.45,860.6,860.6,865.8,866.4,3146981,3.533371958669412,2391312.0,0.7599,871.3
865.8,862.0,861.1,867.65,868.87,2715344,3.529137375058588,1766565.0,0.6506000000000001,874.65
867.65,856.0,840.35,843.15,850.73,2822051,3.5296490037059773,1905116.0,0.6751,860.8
843.15,847.0,842.7,844.85,848.94,2645575,3.5276924956703013,1703652.0,0.644,856.0
844.85,849.8,835.0,836.6,843.22,2828526,3.529456310290353,1959270.0,0.6927,852.5
836.6,831.4,822.2,825.0,827.27,3223490,3.532723667199629,2168732.0,0.6728000000000001,833.85
825.0,827.0,826.15,831.15,830.2,2523182,3.525643272427981,1808902.0,0.7169,833.45
831.15,826.2,819.45,820.9,824.7,1880728,3.516759068879004,1356016.0,0.721,829.8
820.9,814.5,813.15,821.55,819.02,2825803,3.52857383889534,1839228.0,0.6509,826.65
821.55,820.1,806.9,817.25,815.06,2582636,3.525786919960237,1352526.0,0.5236999999999999,821.5
817.25,820.0,808.15,815.85,816.24,2474757,3.524573328870994,1390102.0,0.5617,824.1
815.85,822.1,810.6,814.45,816.81,1933597,3.517296930344787,1112249.0,0.5752,823.8
814.45,815.25,811.15,821.95,821.91,2364740,3.5234366817481604,1548389.0,0.6548,825.6
821.95,823.0,802.75,805.25,810.89,2882244,3.52886160819581,1660587.0,0.5761000000000001,825.0
805.25,808.0,807.4,817.9,816.72,2246719,3.5217381673022423,1164160.0,0.5182,821.9
817.9,818.9,805.05,807.4,810.99,1978914,3.517772037059038,1307917.0,0.6609,818.9
807.4,811.9,808.0,822.05,817.07,2107250,3.5198553198364824,1315892.0,0.6245,824.0
822.05,817.65,807.05,812.3,813.47,2070622,3.519205258759198,1343471.0,0.6487999999999999,822.0
812.3,807.1,807.1,813.15,814.74,1312359,3.5056513399588187,728539.0,0.5551,817.85
813.15,813.0,810.0,812.25,814.84,1401247,3.507620963354996,728097.0,0.5196000000000001,820.0
812.25,811.3,803.1,805.45,807.99,1838151,3.5154702576292216,1208858.0,0.6576000000000001,813.7
805.45,807.1,805.6,811.5,810.98,1430079,3.5080889858177526,774563.0,0.5416,816.0
811.5,808.05,805.3,812.35,809.76,1554509,3.510540026499551,906027.0,0.5828,814.95
812.35,814.3,807.55,810.55,812.26,1609074,3.5116621948806417,1067323.0,0.6633,816.0
810.55,811.0,808.25,810.7,811.85,3110571,3.531130297571606,2380977.0,0.7654000000000001,816.85
810.7,810.7,793.1,799.95,801.57,4331622,3.540406829850129,2899076.0,0.6693000000000001,815.35
799.95,800.1,797.15,803.4,802.72,2659675,3.5262030657581587,1697512.0,0.6382,806.8
803.4,803.0,802.6,812.95,810.74,2056575,3.5189040889048826,1366680.0,0.6645000000000001,814.65
812.95,815.55,805.15,807.0,809.77,2703603,3.526941910340032,1930191.0,0.7139,818.0
807.0,809.35,809.3,822.45,818.32,2325283,3.5228110128347585,1334995.0,0.5740999999999999,824.4
885.45,885.0,872.1,874.75,878.5,2921335,3.5316023800217096,1670904.0,0.5720000000000001,887.8
874.75,874.0,867.65,871.35,873.56,2155857,3.5225060672859803,1195283.0,0.5544,882.9
871.35,875.0,874.7,879.55,887.29,3936620,3.5405805632552627,2590750.0,0.6581,894.75
879.55,874.0,869.05,886.15,878.11,3780891,3.539107373310418,2792514.0,0.7386,889.95
886.15,889.5,889.5,896.45,900.41,4351046,3.5439027470621247,2900618.0,0.6666,908.8
896.45,900.0,895.25,903.0,902.16,3743369,3.539602317952753,2101310.0,0.5613,909.9
906.0,907.0,882.15,885.8,894.3,5040481,3.5479487995186787,3485979.0,0.6916,913.35
885.8,887.6,883.55,888.15,887.08,231511,3.485733407347956,115571.0,0.4992,889.85
888.15,891.25,891.1,905.4,903.35,6586731,3.5559081443751976,3500066.0,0.5314,908.75
879.3,881.25,881.15,891.2,892.07,3156965,3.534316937606613,1622651.0,0.514,902.95
900.75,900.0,900.0,916.15,914.31,4267110,3.5437826944607216,2763470.0,0.6476000000000001,919.95
916.15,916.25,913.2,930.75,923.95,4286368,3.544215756601222,2729368.0,0.6368,939.8
930.75,936.0,929.3,942.6,937.24,3575180,3.53937527965608,1902035.0,0.532,945.0
942.6,945.0,938.1,958.2,955.12,6121499,3.5554075259486604,3065161.0,0.5007,962.0
958.2,956.8,940.4,952.65,951.03,6069088,3.555039022880873,3105015.0,0.5115999999999999,962.95
952.65,952.0,941.55,944.25,945.66,2860462,3.5331406145881856,1706164.0,0.5965,953.25
944.25,944.0,934.35,944.15,942.57,2949923,3.5339441981635145,1679384.0,0.5693,954.95
944.15,950.0,947.15,962.15,954.44,3071917,3.535491090377632,2075926.0,0.6758,966.7
962.15,964.7,962.2,969.05,968.44,2434297,3.529115063156848,1387548.0,0.5700000000000001,973.9
969.05,962.3,950.6,953.75,958.39,2672508,3.5315442817341776,1672944.0,0.626,971.05
953.75,950.0,936.6,949.1,944.92,2117715,3.524295804923148,1296856.0,0.6124,954.0
949.1,946.5,938.1,941.3,948.01,2830152,3.532901710462156,2037474.0,0.7199,959.0
941.3,945.0,943.8,959.1,954.84,1793418,3.519694272423395,1113817.0,0.6211,961.8
959.1,969.95,956.1,959.6,960.85,2701214,3.531931886621964,1499011.0,0.5549000000000001,969.95
959.6,960.0,956.1,967.75,973.54,4418930,3.546603379217544,2378915.0,0.5383,988.75
967.75,969.0,964.25,967.15,970.17,3494693,3.5397166581127264,2203397.0,0.6305,982.0
967.15,968.0,946.0,948.25,952.06,3029220,3.5350103018055776,1921915.0,0.6345000000000001,969.0
948.25,949.8,941.35,945.0,949.29,3796899,3.541490732638604,3161617.0,0.8327,956.0
945.0,946.05,938.0,940.3,942.04,1919298,3.52130194546902,1054327.0,0.5493,951.75
940.3,943.9,929.1,935.8,944.61,3289582,3.537183236601809,1817961.0,0.5526,960.0
935.8,940.0,926.0,928.1,933.63,2073376,3.5233175677507926,1297890.0,0.626,947.4
928.1,925.0,925.0,946.85,946.08,3474292,3.538816530616676,1976350.0,0.5688000000000001,958.5
946.85,947.9,947.55,963.35,960.34,2832651,3.533305116825641,1620848.0,0.5722,967.0
963.35,960.1,957.05,960.85,964.17,2416483,3.5287700136368847,1217975.0,0.504,971.4
960.85,963.1,950.75,960.3,960.99,2731382,3.5322608378193783,1833316.0,0.6712,970.1
960.3,955.8,955.8,997.6,986.41,4217843,3.545639111414658,2534620.0,0.6009000000000001,999.0
1028.7,1040.0,1034.5,1063.4,1049.33,6140492,3.5581796079823698,3371765.0,0.5491,1068.8
1063.4,1064.0,1041.1,1045.5,1050.6,4428958,3.5488619378950195,2929756.0,0.6615000000000001,1068.0
1045.5,1045.5,1039.25,1053.4,1049.48,4769324,3.550958150180857,3113905.0,0.6529,1060.0
1079.25,1091.0,1086.9,1120.05,1107.68,5439813,3.556267616759444,3341005.0,0.6142000000000001,1124.75
1120.05,1127.9,1075.7,1079.85,1089.48,5145199,3.55420324425478,3488764.0,0.6781,1129.0
1079.85,1079.85,1073.75,1078.4,1083.67,5026907,3.553384582790255,3260605.0,0.6486,1102.95
1078.4,1086.0,1084.7,1100.8,1100.57,4284833,3.549246530218796,2524061.0,0.5891,1113.4
1100.8,1111.55,1102.0,1127.45,1117.42,3786896,3.5461274461041223,2329725.0,0.6152000000000001,1132.0
1127.45,1132.5,1075.0,1101.7,1118.82,3674151,3.545291538071252,1911287.0,0.5202,1140.0
1101.7,1103.0,1075.1,1087.95,1084.42,2576905,3.5340902845620525,1407957.0,0.5464,1108.0
1087.95,1089.6,1084.75,1088.9,1092.19,2594834,3.534500889238532,1348011.0,0.5195000000000001,1106.6
1073.55,1085.0,1060.0,1064.7,1071.85,3953091,3.5461652846115346,2545310.0,0.6439,1089.7
1064.7,1074.75,1065.3,1082.2,1077.17,2012972,3.5266587933365634,1073993.0,0.5335,1088.25
1082.2,1083.3,1077.35,1095.4,1091.77,2485694,3.5332352413965493,1324706.0,0.5329,1102.0
1095.4,1092.65,1076.25,1077.5,1088.33,2017568,3.527028717821464,1146845.0,0.5684,1101.8
1077.5,1078.5,1064.25,1089.9,1080.15,4565820,3.550533402883227,2690847.0,0.5893,1094.9
1089.9,1107.4,1104.1,1122.4,1118.93,6701908,3.5624926987575045,3368644.0,0.5025999999999999,1133.0
1122.4,1130.0,1112.1,1122.65,1120.71,3085371,3.540287249711619,1629335.0,0.5281,1132.7
1122.65,1130.45,1100.45,1118.3,1112.33,3602608,3.544556035466321,2294352.0,0.6369,1130.45
1118.3,1120.0,1092.5,1102.1,1104.58,3466329,3.543239498290749,2053908.0,0.5925,1120.0
1102.1,1098.55,1084.1,1094.15,1099.04,2689818,3.5357312527272367,1384396.0,0.5147,1113.5
1094.15,1100.3,1072.7,1081.9,1087.67,3348036,3.5417879825868703,1989419.0,0.5942000000000001,1107.0
1081.9,1084.0,1057.15,1065.45,1066.34,3285055,3.5406638450314807,2054749.0,0.6255,1084.0
1065.45,1058.1,1058.1,1090.05,1074.37,3617320,3.5436703072281333,2204999.0,0.6096,1093.3
1090.05,1088.0,1060.65,1066.75,1082.7,4391701,3.549484172173089,1794798.0,0.4087,1101.65
1066.75,1074.0,1031.6,1042.1,1048.5,5286280,3.5538804220441964,2862157.0,0.5414,1074.95
1042.1,1045.9,1034.25,1036.5,1040.52,2938456,3.536712593794677,1652715.0,0.5624,1049.4
1036.5,1037.0,1024.0,1037.95,1034.06,3375785,3.540562469268303,1772781.0,0.5251,1044.9
1037.95,1045.0,1045.0,1059.85,1055.58,2717888,3.5348578194225424,1368285.0,0.5034000000000001,1062.8
1059.85,1057.65,1048.15,1051.0,1052.85,2414935,3.531329390714841,1431372.0,0.5927,1059.35
1051.0,1025.0,1006.7,1011.9,1016.25,5595871,3.554614609892789,2838082.0,0.5072,1026.9
1011.9,1010.0,1007.2,1012.1,1013.62,2108794,3.526237897391497,1059013.0,0.5022,1023.5
1012.1,1012.55,1000.0,1015.4,1011.25,4721740,3.549604740042475,2376297.0,0.5033,1020.0
1015.4,1017.2,1006.95,1008.0,1011.51,2206576,3.527509327470109,1167910.0,0.5293,1020.55
1008.0,1017.0,1012.0,1018.25,1019.31,2810085,3.534810937084582,1528178.0,0.5438000000000001,1027.35
1018.25,1020.0,1003.5,1006.5,1010.58,2645940,3.5328028766671244,1553936.0,0.5872999999999999,1025.0
1006.5,1005.0,1003.3,1031.95,1019.09,2961779,3.5363369268294127,1308212.0,0.4417,1036.8
1031.95,1033.0,1021.0,1027.2,1026.93,3204529,3.5388508718501552,2046355.0,0.6386000000000001,1037.0
1027.2,1026.0,990.0,995.05,1010.86,3996724,3.5447914826874305,2061070.0,0.5157,1034.5
995.05,1002.0,992.5,1000.95,1001.21,3406611,3.53988985559894,1804317.0,0.5297,1009.9
1000.95,1000.25,981.05,997.2,1000.52,4251670,3.5462790828310435,1623235.0,0.3818,1021.5
997.2,995.2,963.65,966.5,978.43,4065087,3.544339786776495,2319663.0,0.5706,1002.0
966.5,968.6,958.5,961.75,967.72,3146395,3.536591563303716,1931585.0,0.6139,974.9
961.75,963.4,963.05,972.2,971.55,3507637,3.5398650134744525,1948512.0,0.5555,980.0
972.2,974.0,974.0,989.7,985.46,3190489,3.537525109366144,1715427.0,0.5377000000000001,993.0
989.7,988.0,980.3,982.5,985.85,2154828,3.5260560416646807,1256013.0,0.5829,998.2
982.5,980.0,969.3,976.75,977.51,2133298,3.525510544461571,966854.0,0.4532,983.55
976.75,1000.0,995.05,997.65,1001.72,3883004,3.5436952582270567,1944645.0,0.5008,1008.0
1030.95,1035.05,1021.05,1033.25,1030.23,3136481,3.5383203606860425,1655271.0,0.5277000000000001,1039.8
1033.25,1030.0,1024.0,1041.05,1033.42,2211291,3.52820131145376,1107095.0,0.5007,1043.2
1041.05,1041.9,1007.05,1021.85,1023.08,3093322,3.537715003030441,1570369.0,0.5077,1043.3
1021.85,1021.0,1001.6,1005.6,1008.48,2142490,3.526554644231313,1179194.0,0.5504,1023.55
1005.6,1004.0,993.0,1006.15,1003.09,4255466,3.5463788029937007,2944448.0,0.6919,1011.0
1006.15,1007.95,1002.0,1006.45,1010.49,4051138,3.5451713237703224,2766837.0,0.6829999999999999,1019.9
1006.45,995.0,975.0,976.3,987.58,3617603,3.541234916771568,2121463.0,0.5864,999.0
976.3,981.0,976.05,985.0,983.3,3353808,3.538912321646529,1911419.0,0.5699000000000001,989.7
985.0,985.1,971.0,983.85,979.33,2796475,3.533501617858157,1441993.0,0.5156000000000001,987.85
983.85,984.9,979.5,988.15,989.54,3739249,3.54225006141818,1888075.0,0.5049,998.6
988.15,989.0,983.35,989.3,990.17,2478789,3.530296470367824,1344606.0,0.5424,996.7
989.3,979.55,973.1,980.5,978.7,2084325,3.524862500388933,1122945.0,0.5388000000000001,983.5
980.5,985.15,977.4,980.5,981.42,1530775,3.5158114154124727,725260.0,0.4738,987.25
980.5,986.0,976.35,984.4,982.06,2184401,3.526343874316828,1293764.0,0.5922999999999999,986.95
984.4,983.3,980.0,990.15,988.75,3226166,3.5379453340838354,1975250.0,0.6123,996.6
990.15,995.0,991.75,1002.95,997.42,2757188,3.5336228453191505,1576236.0,0.5717,1005.0
1002.95,1001.1,997.5,1013.05,1010.55,1747178,3.5205995341187344,896917.0,0.5134000000000001,1015.45
1013.05,1015.0,1006.1,1009.3,1013.03,3328022,3.539552982077937,2212099.0,0.6647,1023.0
1009.3,1011.0,995.35,998.35,1005.7,2976628,3.536097235189979,1977210.0,0.6642,1018.45
998.35,1000.0,990.1,995.1,996.77,3760015,3.54262101284821,2601624.0,0.6919,1004.0
995.1,1000.1,995.3,998.3,1000.91,1959327,3.5237010537640807,1091150.0,0.5569,1007.0
998.3,1000.0,993.45,995.8,1002.67,1704141,3.5196297797208627,803365.0,0.4714,1008.5
995.8,996.0,983.0,993.35,989.6,2182560,3.526543861309364,1195859.0,0.5479,996.95
993.35,997.2,986.85,993.7,992.74,1918182,3.522833321544718,1090604.0,0.5686,1001.8
993.7,994.6,994.6,998.7,999.19,3637682,3.541733702406539,2248840.0,0.6182,1004.0
998.7,1004.35,995.6,1014.1,1010.61,3702468,3.542573871323767,2334118.0,0.6304,1021.0
1014.1,1018.5,1010.6,1023.8,1020.64,3784599,3.543494056818243,2045801.0,0.5406000000000001,1031.55
1023.8,1025.15,1021.1,1031.25,1028.81,5011067,3.55180575747149,3226059.0,0.6437999999999999,1035.95
1031.25,1029.0,1018.1,1025.9,1025.52,2136513,3.526965331081023,1078695.0,0.5049,1033.9
1025.9,1027.7,1020.6,1025.65,1026.18,2075273,3.526128838400578,887969.0,0.4279,1033.45
1025.65,1033.9,1028.0,1037.7,1034.84,3174286,3.538798188107225,2047348.0,0.645,1039.35
1037.7,1032.1,1028.2,1033.0,1034.4,2095351,3.526646802985119,952682.0,0.4547,1041.3
1033.0,1028.15,1012.6,1015.85,1019.2,2162176,3.527134476399102,1289680.0,0.5965,1029.1
1015.85,1020.3,1008.0,1019.4,1016.88,2427349,3.5304618290508434,1256154.0,0.5175,1030.0
1019.4,1018.5,1011.45,1015.6,1015.51,2000076,3.524734688461077,1060334.0,0.5301,1024.0
1015.6,1009.1,1001.0,1002.75,1005.43,1997452,3.5244021781094554,1292838.0,0.6472,1012.0
1002.75,1001.4,976.5,979.4,988.51,3027126,3.5360852234244304,1838465.0,0.6073,1004.15
979.4,984.9,978.95,988.65,985.92,2488647,3.5302864963908545,1523092.0,0.612,990.55
988.65,985.0,983.7,1004.9,1002.04,2077617,3.5254616237029794,981015.0,0.4722,1010.0
1004.9,1006.0,991.0,995.45,999.3,3924732,3.543934426411716,2457568.0,0.6262,1015.8
995.45,993.0,987.7,991.55,991.51,1805858,3.521013810083801,1108105.0,0.6136,996.0
991.55,991.7,963.05,965.85,977.19,4044643,3.5441572628798483,2784048.0,0.6883,995.45
965.85,968.5,955.4,965.05,967.08,3518809,3.5398235087174403,2089474.0,0.5938,974.1
929.85,929.0,917.3,933.25,930.23,3635611,3.539643864983253,1995559.0,0.5489,941.65
933.25,936.95,929.6,933.15,936.3,2852977,3.5327734509639424,1522041.0,0.5335,942.7
933.15,928.0,925.05,945.7,936.15,4032700,3.542831430828569,2239377.0,0.5553,948.45
945.7,943.6,926.0,927.2,933.08,1978672,3.521919848297052,992299.0,0.5015,945.6
927.2,927.25,923.45,926.15,928.25,2835389,3.5323401265271057,1957902.0,0.6905,934.9
926.15,921.15,921.15,936.7,935.66,2246466,3.5257439442553338,1231443.0,0.5482,941.5
936.7,938.2,938.2,954.65,951.69,2552056,3.5299886308428405,1623125.0,0.636,957.25
954.65,947.0,936.1,960.65,955.59,3535189,3.539611416068169,1949001.0,0.5513,969.0
960.65,961.8,948.05,957.9,956.61,3173161,3.5365018520177824,1644610.0,0.5183,964.75
957.9,979.0,958.6,961.25,966.93,4360890,3.546025772383156,1982349.0,0.4546,979.0
961.25,951.65,928.0,931.0,941.93,4347008,3.5451781241768545,2778311.0,0.6391,956.9
931.0,936.0,925.2,937.9,935.08,3500356,3.53869396767736,2315077.0,0.6614,940.65
937.9,938.5,911.55,935.05,933.74,4843061,3.5480407909791567,2730532.0,0.5638000000000001,940.6
935.05,934.25,927.1,929.35,930.83,4028045,3.5426330528542844,2883775.0,0.7159000000000001,937.0
929.35,935.1,933.15,945.65,946.15,3059361,3.535117586240927,1771102.0,0.5789,950.8
945.65,949.5,949.0,952.7,952.09,565357,3.485733407347956,235110.0,0.4159,954.5
952.7,963.95,936.8,941.35,945.52,2302432,3.526776203039762,1489839.0,0.6470999999999999,963.95
941.35,941.1,926.1,934.05,932.08,5034195,3.549103118685548,3482958.0,0.6919,942.0
934.05,936.6,934.15,951.6,946.95,4004057,3.542957005028261,2781715.0,0.6947,953.4
979.25,981.85,981.85,1000.55,995.38,3219842,3.538082478161322,1648914.0,0.5121,1003.7
1000.55,1004.0,990.15,1002.35,1001.88,2828980,3.5345034299693623,1483555.0,0.5244,1009.0
1002.35,1002.0,988.4,991.3,996.8,3595614,3.541327268033547,2228295.0,0.6197,1008.5
991.3,990.45,978.05,980.5,983.5,2659263,3.5321556351707,1782154.0,0.6702,995.35
980.5,982.8,967.25,969.35,976.73,2396133,3.5289014023003245,1503611.0,0.6275000000000001,989.8
969.35,972.4,966.25,977.7,977.61,2308713,3.5278369715169418,1109728.0,0.4807,987.8
977.7,981.95,968.7,974.05,975.11,2122642,3.52529080348567,1115062.0,0.5253,983.0
974.05,974.0,963.4,969.25,970.47,1609576,3.516969216544558,681708.0,0.4235,979.8
969.25,969.0,965.05,969.15,970.47,1925588,3.5222772292316327,1047621.0,0.5441,977.75
969.15,966.0,966.0,985.2,978.95,2337114,3.528236246405536,1328874.0,0.5686,987.55
985.2,985.45,985.2,988.65,992.12,3065433,3.536557302004345,1961523.0,0.6399,997.7
988.65,988.65,976.5,978.15,982.36,1851368,3.5214754879747057,1108509.0,0.5988,992.0
978.15,978.0,970.3,980.75,976.59,2592595,3.531206561576516,1538210.0,0.5933,983.7
980.75,980.2,980.2,997.7,994.35,2683538,3.532741840886027,1395207.0,0.5199,1001.0
997.7,1000.2,981.7,985.35,986.67,2840424,3.5341749075078943,1745071.0,0.6144,1004.15
985.35,985.1,973.3,993.0,985.89,3338732,3.538857860117322,2115191.0,0.6335000000000001,994.9
993.0,991.95,982.6,987.05,987.34,3007076,3.535857140845516,1874117.0,0.6232,993.0
987.05,990.0,983.05,988.65,988.21,2806993,3.5338746715221254,1991674.0,0.7095,993.0
988.65,989.7,983.2,991.6,999.44,4773085,3.549577893446688,2299255.0,0.4817,1017.35
991.6,989.0,958.55,961.6,971.38,3973275,3.5434703979241022,2400394.0,0.6041,991.95
961.6,962.0,958.0,962.65,963.53,2160807,3.5254637163284084,1044011.0,0.4832,971.25
962.65,958.55,958.55,968.35,967.87,2237796,3.5266259074513773,1275018.0,0.5698,974.0
968.35,968.1,955.7,958.55,964.05,2463051,3.5293261997092773,1465678.0,0.5951,974.95
958.55,961.0,955.1,957.35,960.49,2296865,3.5271669003613946,1334187.0,0.5809000000000001,967.0
957.35,960.0,942.25,944.6,951.53,2340414,3.527443386295906,1514966.0,0.6473000000000001,962.85
944.6,941.0,931.0,939.85,940.54,2422696,3.5281168426930285,1150009.0,0.4747,950.7
939.85,931.45,930.0,932.55,934.48,3027071,3.5344460595420704,1938978.0,0.6405,940.95
932.55,929.0,903.35,906.15,913.18,5170702,3.549283277740694,3208061.0,0.6204,929.0
906.15,907.0,879.35,882.35,893.67,4085890,3.5418666427558185,2346306.0,0.5742,911.0
882.35,877.95,872.0,878.8,877.27,2891112,3.5312572428169764,1659479.0,0.574,881.8
878.8,876.8,859.7,864.6,871.92,4774252,3.5456547338261184,2999219.0,0.6282,883.25
864.6,865.25,864.45,869.5,870.08,4749947,3.5454463836525187,2951528.0,0.6214000000000001,874.9
869.5,881.55,864.65,880.1,876.6,3422050,3.536157295138856,1770464.0,0.5174000000000001,884.8
880.1,885.1,882.5,900.55,899.32,4588473,3.5454023461921134,2800249.0,0.6103000000000001,908.4
900.55,902.0,891.0,904.9,898.63,1898416,3.5195825916138195,994495.0,0.5239,906.8
904.9,902.35,891.8,893.75,897.15,2419143,3.526686043153646,1562286.0,0.6458,904.15
893.75,893.75,880.0,884.15,886.83,5138493,3.5482616447607307,3632601.0,0.7069,897.15
884.15,886.6,880.1,888.85,885.42,1117804,3.503328632979803,377986.0,0.3382,892.65
888.85,888.5,886.95,897.0,895.1,1584461,3.514097739082871,856901.0,0.5408,899.05
897.0,897.1,877.1,880.15,882.21,2657831,3.5289565853309264,1585020.0,0.5964,898.4
880.15,880.0,879.05,891.15,888.28,1934955,3.5198038738655564,1195047.0,0.6176,893.9
891.15,886.3,883.65,887.9,887.62,677439,3.4882169171501074,286377.0,0.4227,892.0
887.9,888.1,884.3,885.55,889.39,1675827,3.515575422473093,1048543.0,0.6257,896.05
885.55,885.0,874.1,875.85,881.88,2309591,3.5248170408724384,1393132.0,0.6032000000000001,890.9
875.85,870.0,832.0,836.1,847.6,4258043,3.541528984468363,2353273.0,0.5527000000000001,873.0
836.1,837.1,837.0,854.3,849.81,4736315,3.5446830859915983,2885468.0,0.6092000000000001,858.8
854.3,860.1,840.15,842.05,845.7,4542457,3.543335441776712,2663830.0,0.5864,862.9
842.05,848.4,845.0,860.3,852.15,3061366,3.5320811589245924,1697823.0,0.5546,862.0
860.3,860.5,841.6,850.3,847.51,2308716,3.5236342013662987,1263612.0,0.5473,861.0
850.3,853.0,840.5,843.15,844.77,2274108,3.5230932153970302,1310196.0,0.5761000000000001,854.95
843.15,843.0,831.2,834.95,836.09,2601286,3.526748089017712,1468754.0,0.5646,847.0
834.95,840.0,840.0,864.25,857.07,3869247,3.539073840434232,2364008.0,0.611,871.1
864.25,860.0,852.05,869.7,867.39,4374388,3.542977379220349,2654750.0,0.6069,875.0
869.7,870.2,858.75,879.65,877.24,3049291,3.5328140764535845,965555.0,0.3166,886.0
879.65,881.5,878.85,903.05,894.34,3054173,3.5334246716728344,1481484.0,0.4851,905.55
903.05,905.0,892.05,906.75,903.73,3905183,3.5408802894246008,1996975.0,0.5114,911.4
883.75,890.0,877.0,886.9,887.29,4132897,3.541990182845048,2451611.0,0.5932000000000001,897.8
886.9,892.9,880.5,889.05,888.34,4100754,3.5417983125653536,2715836.0,0.6623,896.7
889.05,886.1,886.1,906.85,898.0,4411227,3.5442223725028894,2626389.0,0.5954,909.8
929.4,930.0,909.0,915.25,918.15,4970953,3.548306267291097,2810831.0,0.5655,931.25
915.25,916.05,905.7,908.05,912.65,4412275,3.5446967079907603,2196576.0,0.4978,919.9
908.05,913.2,913.2,937.6,930.35,3907020,3.5417350209845453,1799461.0,0.4606,940.85
937.6,939.1,925.9,928.8,936.76,3216827,3.536289202305657,1633822.0,0.5079,943.8
928.8,936.0,917.6,923.7,930.11,2826578,3.532307753967596,1217769.0,0.4308,939.9
923.7,924.1,903.0,909.9,916.3,2067728,3.522684207962973,906160.0,0.4382,930.0
909.9,901.2,892.0,896.7,905.54,2020605,3.52165446187352,880015.0,0.4355,918.0
896.7,898.0,861.3,882.0,887.96,3120391,3.533842034379974,1215405.0,0.3895,904.5
882.0,886.0,883.0,900.7,894.64,2235774,3.524283300111934,1002752.0,0.4485,904.75
900.7,908.0,887.25,909.15,899.35,1990874,3.5210134867900926,744878.0,0.3741,913.95
909.15,914.0,909.05,917.5,916.17,1690071,3.5167084723874167,759743.0,0.4495,920.8
917.5,918.7,900.0,902.8,910.85,2803961,3.5314605035885926,1577530.0,0.5626,924.2
902.8,900.0,894.4,901.65,901.29,2248124,3.524663760186073,1239873.0,0.5515,908.0
901.65,906.95,887.55,902.05,896.86,2183115,3.52365360479722,1006768.0,0.4612,907.6
902.05,895.25,871.3,873.1,876.92,4278437,3.5426517165690705,2125610.0,0.4968,896.0
873.1,869.95,847.1,851.45,860.98,3224043,3.5338951375228818,1703516.0,0.5284000000000001,876.75
851.45,854.25,837.0,841.45,843.77,4559370,3.543376826123864,2380353.0,0.5221,856.8
841.45,848.8,841.05,843.15,847.86,3491406,3.535770541650332,2114395.0,0.6056,856.5
843.15,846.1,836.6,842.0,841.76,4905338,3.5454203611796213,3299306.0,0.6726000000000001,850.0
842.0,847.55,844.6,855.55,851.92,4265220,3.541725018948408,2942881.0,0.6900000000000001,861.0
855.55,862.8,846.6,865.15,860.13,2093776,3.5211851786836608,641311.0,0.3063,868.4
865.15,869.0,855.55,864.25,862.25,3332631,3.534904647516257,1693328.0,0.5081,875.5
864.25,869.0,867.4,900.8,894.08,4717254,3.5460320197514217,2087683.0,0.4426,906.45
900.8,906.0,880.05,887.85,894.98,3308981,3.5357830624932336,1655923.0,0.5004,909.65
887.85,892.5,878.15,884.95,887.43,2449658,3.5267342905924512,1127363.0,0.4602,898.75
884.95,885.1,864.15,869.65,878.6,3215112,3.534405205979599,1652011.0,0.5138,891.75
869.65,868.95,855.4,859.15,863.46,3482250,3.5362252363175526,2053139.0,0.5896,875.8
859.15,860.95,852.4,855.95,860.98,2659765,3.5282628438677137,1375936.0,0.5173,869.6
855.95,858.0,855.6,863.8,860.09,2693254,3.528599968085859,1429665.0,0.5307999999999999,867.4
863.8,869.0,847.0,850.1,856.33,2956988,3.53120929910521,1637601.0,0.5538000000000001,869.6
850.1,851.5,840.3,842.1,843.28,3163589,3.5327356643357706,1882510.0,0.5951,853.95
842.1,850.55,841.0,856.85,850.6,4359100,3.542310478323072,2454813.0,0.5631,859.9
856.85,857.0,854.7,868.65,863.08,2118940,3.521639363120607,912999.0,0.4309,872.25
868.65,875.55,854.1,856.15,864.62,3185218,3.5336645489478884,1832137.0,0.5752,876.7
856.15,857.9,848.6,854.1,854.68,2378572,3.5247609503437127,1375418.0,0.5783,861.15
854.1,856.5,838.1,841.95,846.02,3029112,3.531560292105836,1628343.0,0.5376,864.0
841.95,842.1,842.1,847.95,848.15,2111750,3.5210232269925217,1084758.0,0.5136999999999999,854.3
847.95,849.0,841.0,844.9,843.72,2346393,3.523979305054349,1681761.0,0.7167,849.5
844.9,841.1,824.1,829.3,835.77,4713693,3.5440633731451463,2809895.0,0.5961,849.25
829.3,833.9,801.45,811.7,815.7,5332142,3.5469193134556343,2938300.0,0.5511,835.0
811.7,816.6,796.45,810.75,807.78,3961481,3.5380374755467168,2057695.0,0.5194,817.7
810.75,818.0,818.0,826.0,826.68,4625471,3.543201122342712,2610631.0,0.5644,832.9
826.0,824.9,813.1,836.05,825.5,3334693,3.533651771553608,1731987.0,0.5194,839.0
836.05,836.0,821.4,824.65,826.2,2819367,3.5287631519575338,1890668.0,0.6706000000000001,838.0
824.65,826.05,826.05,832.85,831.39,4863211,3.5448136853174987,3073880.0,0.6321,836.1
832.85,833.5,832.9,865.9,855.45,5673710,3.550074363106997,3013003.0,0.531,869.5
865.9,865.5,858.8,895.1,880.85,6234931,3.553617885769826,3314067.0,0.5315,899.0
895.1,894.95,889.1,904.35,899.4,5788462,3.552086469312327,3098215.0,0.5352,908.8
904.35,906.8,898.75,922.5,914.98,4612201,3.5460491584086244,2699653.0,0.5853,924.75
922.5,921.0,907.2,923.65,919.83,5081693,3.548992879565393,2582704.0,0.5082,939.6
923.65,924.5,919.0,928.35,928.04,4612192,3.546457575055819,2190459.0,0.4749,938.0
928.35,935.05,922.6,926.85,934.15,5476551,3.551585254258235,2563930.0,0.4682,944.3
885.65,890.15,872.45,876.45,885.51,4047524,3.5413275170852265,1995403.0,0.493,895.5
876.45,881.9,867.0,879.75,877.9,3374188,3.5357901286059223,1544890.0,0.4579,886.75
879.75,883.85,869.05,877.05,878.99,3048801,3.53286745886933,1368937.0,0.449,889.4
877.05,877.0,868.65,878.9,878.25,2905259,3.531432731640473,1544087.0,0.5315,884.45
878.9,880.05,871.45,875.3,879.51,2524227,3.52735234088467,1200449.0,0.4756,887.5
875.3,874.7,858.55,865.2,868.23,3357286,3.535321084464209,1890627.0,0.5631,882.0
865.2,862.0,847.4,850.0,859.96,3746012,3.5382315164257614,2175833.0,0.5808,870.55
862.35,866.2,860.5,890.95,877.55,3446692,3.536397908647797,1994809.0,0.5788000000000001,893.9
890.95,893.7,885.1,892.15,892.74,4079468,3.5417906983422007,2226928.0,0.5459,901.8
892.15,890.0,872.0,880.25,881.92,5128997,3.548048613405261,3021295.0,0.5891,896.75
880.25,875.0,860.0,870.75,867.56,3825462,3.5390965795821137,2068835.0,0.5408,878.45
870.75,871.0,861.1,889.7,881.17,3909788,3.540181436641129,2102564.0,0.5378000000000001,893.75
889.7,892.85,883.4,895.95,891.99,3249083,3.535153073598348,1550053.0,0.4771,899.45
895.95,894.9,865.15,868.7,872.93,3805956,3.539127604359677,1983358.0,0.5211,894.9
868.7,873.35,857.2,885.1,872.11,3817667,3.539189414904361,1668574.0,0.4371,888.65
885.1,886.0,870.3,878.2,878.07,2818365,3.5305377519092094,1327843.0,0.4711,886.2
878.2,881.9,870.1,873.95,876.77,1904490,3.518947683695715,841744.0,0.442,886.95
873.95,874.9,872.2,891.55,885.61,2250982,3.524184046604489,1087241.0,0.483,894.0
891.55,891.25,886.6,895.55,895.25,3317436,3.5358662275095427,1773899.0,0.5347,904.75
895.55,900.4,897.7,908.85,905.03,1990706,3.5211971641707267,939754.0,0.4721,911.0
908.85,911.25,894.1,896.75,902.19,2459446,3.527336479850578,1074861.0,0.437,915.4
896.75,897.0,897.0,903.85,901.65,1908452,3.5198380902078483,1025731.0,0.5375,905.6
903.85,900.0,892.35,894.5,898.93,1512612,3.51284238084771,607306.0,0.4014999999999999,908.0
894.5,895.0,882.7,884.6,889.75,2173883,3.5232937352204776,1169442.0,0.538,896.0
884.6,886.0,880.2,885.3,885.53,1846549,3.5183266502246093,994424.0,0.5385,890.9
885.3,885.85,872.0,875.8,879.97,6066339,3.552804293067121,3583692.0,0.5908,894.25
877.0,880.0,878.0,902.25,899.09,4479082,3.544698346563971,3124255.0,0.6975,904.9
902.25,905.75,891.45,898.65,903.61,4612571,3.545690853642654,2432032.0,0.5273,918.8
898.65,899.0,888.5,896.35,898.63,3553618,3.5379774034780254,1820172.0,0.5122,910.45
896.35,904.2,892.55,912.7,905.49,3641649,3.5389093389354547,1994117.0,0.5476,916.2
912.7,909.9,904.45,907.75,910.16,2986745,3.533284723164549,1608043.0,0.5384000000000001,916.95
907.75,906.8,883.1,885.45,894.43,2479431,3.5273203372088235,1326243.0,0.5349,910.0
885.45,883.55,877.35,883.7,883.88,2092303,3.5219691056173463,1105029.0,0.5281,890.65
883.7,886.0,885.0,905.8,903.28,3088017,3.5340368984976416,1807008.0,0.5852,909.9
905.8,906.0,873.65,877.15,885.57,3354787,3.535875698720067,1854142.0,0.5527000000000001,909.5
877.15,879.0,878.25,889.85,887.95,4924556,3.547073490283532,2607451.0,0.5295000000000001,892.7
889.85,894.9,890.0,901.75,900.02,2939253,3.5324889628359064,1549214.0,0.5271,905.0
901.75,899.0,893.2,903.95,897.72,3184005,3.5347496625136747,2019309.0,0.6342,905.0
903.95,905.05,894.0,931.2,923.67,5996339,3.55385966848042,2801962.0,0.4673,942.35
996.65,996.95,986.5,991.7,993.41,4433185,3.547278449091884,2072188.0,0.4674,1008.7
991.7,992.65,991.0,995.0,996.31,3659045,3.541819849613347,1969301.0,0.5382,1002.7
995.0,995.0,986.65,990.9,998.05,4252334,3.5462125198373826,2182995.0,0.5134000000000001,1006.45
1004.55,999.9,995.4,1000.7,1002.84,4792657,3.5497930098300445,2397982.0,0.5003,1014.1
1000.7,987.9,972.0,990.85,983.69,4610282,3.5481230719192904,2437703.0,0.5288,993.85
990.85,989.9,988.0,1000.1,994.4,5299670,3.552435762553608,3320620.0,0.6265999999999999,1002.85
1000.1,1001.0,1001.0,1005.65,1006.47,3388578,3.539887660095522,2009894.0,0.5931000000000001,1010.45
1005.65,1009.0,1007.1,1010.85,1013.68,3641605,3.5421817243346223,1995021.0,0.5478000000000001,1019.75
1010.85,1009.75,1003.05,1007.2,1008.46,3161556,3.5379310183335626,1882915.0,0.5956,1013.8
1007.2,996.1,995.2,1015.55,1006.87,2797340,3.5343202177558046,1509543.0,0.5396,1018.9
1015.55,1011.0,1000.0,1003.25,1007.46,2581847,3.5319953484675155,1523014.0,0.5899,1016.6
1003.25,995.85,991.65,996.6,998.88,3472328,3.5403763669356816,1674121.0,0.4821,1008.7
996.6,996.0,983.15,987.4,993.14,3713532,3.542155583135989,2327134.0,0.6267,1001.0
987.4,991.1,990.25,1001.8,998.98,3682606,3.54208311960752,2001485.0,0.5435,1004.0
1001.8,1001.8,995.15,1007.0,1004.58,2253887,3.527930442888077,1268558.0,0.5628000000000001,1012.5
1007.0,1008.9,995.2,997.8,1002.08,2272786,3.5281025359778964,1281088.0,0.5637,1011.5
997.8,999.75,999.55,1011.15,1009.69,3093396,3.5373326994107286,1968555.0,0.6364,1014.4
1011.15,1012.0,1011.15,1023.7,1023.25,3395442,3.5404259757869974,1974168.0,0.5814,1027.8
1023.7,1025.25,1018.0,1021.7,1025.68,2330438,3.529520445401141,1300960.0,0.5582,1031.15
1021.7,1027.8,1017.9,1024.75,1024.25,1451127,3.515492762632193,715420.0,0.493,1029.95
1024.75,1028.0,1002.75,1007.8,1018.12,1811142,3.5218829809078978,887851.0,0.4902,1028.45
1007.8,1005.0,1004.6,1050.4,1039.67,3956647,3.5453120511443186,1881056.0,0.4754,1053.95
1050.4,1053.5,1041.2,1045.3,1051.89,4261457,3.5477877419462183,1662181.0,0.39,1067.85
1045.3,1048.0,1021.1,1025.05,1036.68,2994363,3.5371533751866453,1407651.0,0.4700999999999999,1049.65
1025.05,1024.9,1001.75,1005.35,1015.96,4598763,3.5489795666576165,2081832.0,0.4527,1029.9
1005.35,1008.3,1000.1,1010.25,1010.32,3059101,3.5370264842128574,1756519.0,0.5742,1016.7
1010.25,1009.5,992.1,996.0,1003.07,3380933,3.5397240615288923,2093680.0,0.6193,1012.7
996.0,1000.1,992.3,1000.15,1000.42,2674704,3.532823562333665,1295745.0,0.4844,1008.0
1000.15,1000.0,990.0,1001.85,1000.38,3802312,3.5430492552102795,2376093.0,0.6249,1007.9
1001.85,1001.0,999.4,1002.45,1005.15,2260182,3.528028899519636,1164976.0,0.5154,1013.85
1002.45,1003.4,980.0,988.0,989.8,2744569,3.533264854403112,1284542.0,0.4679999999999999,1005.65
988.0,988.25,984.1,987.75,993.42,3279028,3.5385545137985703,1648003.0,0.5025999999999999,1000.8
987.75,991.0,977.5,978.95,983.01,1990511,3.523634628978403,1017167.0,0.511,992.0
978.95,979.0,977.15,984.35,987.34,1967847,3.5234265735818577,899677.0,0.4572,994.0
984.35,984.5,964.5,968.9,976.42,2123285,3.5253393419172747,1396501.0,0.6577,988.8
968.9,971.0,958.0,966.0,966.23,2002952,3.523310491791689,858996.0,0.4289,973.65
966.0,963.6,940.55,942.9,954.08,2205902,3.5257815374671004,917328.0,0.4159,966.0
942.9,947.0,929.4,933.35,940.41,2135047,3.524395149551782,1056311.0,0.4947,953.95
933.35,940.25,934.3,966.95,958.88,2912005,3.534067300093437,1551207.0,0.5327000000000001,972.0
966.95,966.0,946.05,950.7,952.62,2481826,3.5291991115237265,1314047.0,0.5295000000000001,966.0
950.7,956.0,942.2,944.1,946.32,1515583,3.514431299942613,633420.0,0.4179,956.0
944.1,944.0,939.45,954.6,952.7,2029201,3.523278635410952,988974.0,0.4874,961.0
954.6,959.95,913.75,916.3,929.53,4344929,3.5447818357897454,2721925.0,0.6265,959.95
916.3,910.0,897.0,907.95,905.24,4583212,3.545558388955992,2978232.0,0.6498,911.9
848.15,847.8,840.0,853.4,860.44,4332912,3.5424689529836835,2295155.0,0.5297,874.8
869.15,875.0,866.1,872.4,874.99,2461890,3.5264658679512806,989992.0,0.4021,883.0
872.4,872.85,853.8,855.9,860.15,4733716,3.5450162541688126,3366317.0,0.7111,872.85
855.9,853.9,835.1,839.85,842.26,4947842,3.545686570687504,3217918.0,0.6504000000000001,853.9
839.85,850.0,842.6,849.55,850.31,4492201,3.543170779244656,2882270.0,0.6416,857.1
849.55,854.05,844.4,853.85,852.42,2665275,3.528030339586956,1379765.0,0.5177,860.75
853.85,849.7,825.1,835.9,835.59,3703036,3.5370598940967746,2203836.0,0.5951,849.7
835.9,838.25,827.7,833.2,833.34,2339465,3.5235271206277585,1249598.0,0.5341,844.0
833.2,836.0,825.1,848.6,842.4,2948830,3.530648461706554,1352665.0,0.4587,852.95
848.6,861.0,850.5,874.05,866.09,3963791,3.540078628588064,2323884.0,0.5863,878.7
874.05,861.0,855.5,867.0,863.59,2531423,3.5268990068394563,1416406.0,0.5595,870.5
867.0,872.0,856.2,860.95,863.16,2430944,3.5256929596942386,1275183.0,0.5246000000000001,876.1
860.95,861.75,851.9,863.85,858.87,1820453,3.5169973172148654,775917.0,0.4261999999999999,865.7
863.85,862.0,855.6,868.15,864.45,2630944,3.528061158360305,1466818.0,0.5575,870.0
868.15,872.1,865.2,872.55,872.1,3068686,3.5328276551274964,1998700.0,0.6513,877.35
895.4,880.0,876.05,878.1,882.23,2910364,3.531616442935872,1883028.0,0.647,888.2
878.1,880.0,844.5,847.9,861.37,3599162,3.5371160987225285,1921854.0,0.534,884.9
847.9,843.0,840.0,850.35,848.94,3479324,3.5357068389534434,2188168.0,0.6289,856.8
837.35,839.8,828.7,834.25,834.47,2657197,3.527315943035237,1430216.0,0.5382,840.9
834.25,830.0,826.1,840.75,838.35,3623837,3.536526332985212,2101366.0,0.5799000000000001,850.25
840.75,851.0,838.5,862.3,853.69,3952665,3.539578452429546,2097005.0,0.5305,864.8
862.3,873.95,858.6,864.7,864.09,1980306,3.5196725851676693,1056518.0,0.5335,873.95
864.7,862.8,861.85,888.0,878.86,3660854,3.538194830415609,2055732.0,0.5615,890.0
888.0,895.65,885.75,898.05,893.49,2818498,3.531048909428673,1677798.0,0.5953,900.5
898.05,894.7,891.0,913.8,903.5,2632179,3.529371419581936,1335809.0,0.5075000000000001,918.05
913.8,914.9,886.25,889.1,899.98,2457989,3.527246813688313,788952.0,0.321,914.9
889.1,894.05,881.5,887.35,892.19,2132195,3.522803103315574,851776.0,0.3995,905.45
887.35,888.0,888.0,891.75,894.81,1420049,3.510820884852748,518886.0,0.3654,901.6
891.75,885.05,882.9,893.6,890.39,1408658,3.5104322708982854,529312.0,0.3757999999999999,896.3
893.6,895.8,893.95,902.95,899.94,1829257,3.518526358545912,809739.0,0.4427,905.0
902.95,907.7,900.1,903.7,905.46,2068330,3.5223411985526893,1079605.0,0.522,911.0
903.7,904.5,903.7,912.15,911.22,3485193,3.537816414889148,1864227.0,0.5349,914.8
912.15,941.0,941.0,963.5,956.63,7658875,3.5618331967262256,2763254.0,0.3608,965.5
963.5,965.0,953.0,956.7,957.47,4135503,3.5442101430736805,2320307.0,0.5611,966.7
956.7,955.5,953.0,955.0,963.05,3292615,3.5377724669878985,1229198.0,0.3732999999999999,974.8
955.0,963.95,941.15,955.65,962.9,2778068,3.5328144911897006,1337730.0,0.4815,973.05
955.65,961.9,941.3,942.85,948.12,2500420,3.52927922495356,1301352.0,0.5205,963.0
942.85,938.8,937.4,939.55,941.44,2651976,3.530796307970264,1614510.0,0.6088,948.25
939.55,936.9,929.9,936.95,936.98,2733564,3.531544222035166,1636569.0,0.5987,944.9
936.95,936.0,934.95,941.0,940.34,3035672,3.5347112017232134,2108950.0,0.6947,945.0
941.0,942.1,940.1,947.7,949.62,3055325,3.535185573355704,1752363.0,0.5735,955.9
947.7,949.0,945.2,959.8,953.41,1650838,3.5171941495730343,936577.0,0.5673,961.5
959.8,963.25,961.25,967.2,965.43,2599796,3.530951089744376,1754587.0,0.6748999999999999,970.45
967.2,968.0,946.2,951.3,961.91,2293418,3.527166112468016,1331663.0,0.5806,975.0
951.3,949.0,933.0,936.6,941.85,2461259,3.5286212560519,1555837.0,0.6321,951.0
936.6,939.45,937.9,952.4,948.47,1912599,3.5213996174630138,1060804.0,0.5546,954.75
952.4,933.5,923.45,961.25,949.16,3893160,3.5422117874442747,2471307.0,0.6348,965.0
961.25,957.0,916.3,922.75,933.44,2625561,3.530253290077515,1381943.0,0.5263,959.5
922.75,927.1,927.1,928.45,928.82,299511,3.485733407347956,98030.0,0.3273,932.85
928.45,915.05,914.5,933.05,929.36,3127549,3.5352381676193194,1889429.0,0.6041,938.55
933.05,926.0,924.75,934.3,934.51,3507963,3.5387391427432835,2302883.0,0.6565000000000001,942.0
934.3,938.05,926.2,927.75,931.47,1963105,3.5216354848829554,1170802.0,0.5964,938.9
927.75,927.6,909.95,912.0,921.37,2571383,3.5292605174878333,1505710.0,0.5856,931.3
912.0,918.9,917.25,934.75,931.31,2784876,3.5319108684902933,1591562.0,0.5715,938.7
934.75,934.0,925.55,946.85,942.21,2583965,3.530059090806278,1344176.0,0.5202,952.8
946.85,950.0,946.2,953.75,951.73,2400013,3.528188059916437,1414277.0,0.5893,957.9
953.75,953.0,951.05,967.7,964.16,3384443,3.5386051891262067,2141467.0,0.6327,971.6
967.7,971.0,968.25,988.65,983.36,5441612,3.552873140289305,3531632.0,0.649,991.95
988.65,989.0,974.1,979.05,982.75,2489697,3.5302046784149748,1303225.0,0.5234000000000001,992.5
965.85,964.0,961.25,965.9,968.5,2967325,3.5349077070348938,1737934.0,0.5857,978.8
965.9,966.25,964.5,977.95,972.76,1731204,3.519199238216376,707134.0,0.4085,979.7
977.95,974.9,974.1,977.2,980.75,2597024,3.5313807879398538,1304778.0,0.5024000000000001,988.95
977.2,972.3,961.4,965.45,967.43,3073001,3.535895253716028,1738082.0,0.5656,976.2
965.45,965.45,949.75,952.05,957.4,3310778,3.537761268123377,1973435.0,0.5961,973.0
952.05,948.9,936.1,940.9,945.84,1721726,3.518205059303795,770794.0,0.4477,953.6
940.9,936.2,912.85,915.9,924.72,2097118,3.523370634421257,1017335.0,0.4851,943.45
915.9,922.5,920.0,950.35,940.59,4249865,3.544484496730836,2428087.0,0.5713,953.8
950.35,951.75,942.9,952.95,950.93,4150045,3.54411377569254,2363190.0,0.5694,959.0
952.95,947.6,946.0,955.1,955.64,2414730,3.5284879443583352,1282998.0,0.5313,963.5
955.1,957.0,953.65,975.9,969.49,3593061,3.540501520835434,2136173.0,0.5945,977.95
975.9,975.9,973.5,978.65,981.35,2765248,3.5332338076314374,1647585.0,0.5958,987.55
978.65,980.05,978.0,1009.7,996.08,4427435,3.5473183000808106,2561104.0,0.5785,1015.0
1009.7,1003.8,990.0,991.9,995.59,3661020,3.541814528369636,2462445.0,0.6726000000000001,1009.0
991.9,987.9,984.35,992.1,991.29,2818835,3.534088504895234,1466404.0,0.5202,999.0
992.1,992.8,984.0,987.3,992.85,2646828,3.532295130417783,1339241.0,0.506,1002.6
987.3,991.8,990.0,1003.8,1003.71,2953173,3.53580912586879,1739721.0,0.5891,1006.9
1003.8,1003.9,996.3,1000.55,1000.54,2720569,3.5333237608773587,1611582.0,0.5924,1007.2
1000.55,1000.6,1000.0,1010.4,1009.24,2945508,3.5358934751262594,1770192.0,0.601,1013.75
1010.4,1010.4,1007.15,1015.4,1014.21,3409060,3.5402848563368834,2342117.0,0.687,1018.7
1015.4,1015.0,1002.0,1004.5,1007.91,1863321,3.522424317233873,1161470.0,0.6233,1016.0
1004.5,1003.4,999.1,1014.6,1011.8,4225066,3.546421477694305,2504126.0,0.5927,1019.7
1014.6,1009.8,1008.2,1015.35,1015.52,1238135,3.510506089357843,529539.0,0.4277,1018.9
995.3,1000.3,997.0,1005.15,1003.41,3416459,3.540037300421542,1987804.0,0.5818,1010.0
1005.15,1007.6,1000.4,1032.2,1028.15,6116855,3.5574887700193387,2912662.0,0.4761999999999999,1038.4
1032.2,1021.05,1008.05,1013.25,1016.73,4512219,3.5484549356386674,2474491.0,0.5484,1028.0
1013.25,1020.0,1016.7,1025.75,1026.11,4871839,3.550922296435052,2746938.0,0.5638000000000001,1032.9
1025.75,1015.95,1011.0,1051.6,1047.9,6632671,3.5603352884225887,3486732.0,0.5257000000000001,1060.8
1051.6,1055.0,1041.1,1045.45,1053.1,5342761,3.554309601414241,3007937.0,0.563,1065.4
1076.85,1063.85,1053.05,1061.65,1067.41,6359913,3.559665567789798,3284265.0,0.5164,1081.0
1073.3,1075.0,1008.1,1016.85,1049.91,6229959,3.558607589765347,3348625.0,0.5375,1083.95
1016.85,1029.0,1014.1,1043.6,1036.51,4912096,3.551447638043852,2110252.0,0.4296,1049.8
1004.55,1017.55,976.7,984.2,994.85,7261772,3.561433856929665,2395817.0,0.3299,1025.75
984.2,994.05,994.05,1004.15,1003.25,5413455,3.553298112134059,2921202.0,0.5396,1011.0
1004.15,1010.0,1000.0,1003.95,1010.67,2994340,3.536413474063117,1470352.0,0.491,1018.75
1003.95,1008.1,996.95,999.35,1004.13,3943295,3.544209964288105,2006348.0,0.5088,1010.0
999.35,1001.0,997.1,1016.9,1012.35,5274473,3.552811899728884,2985253.0,0.5660000000000001,1021.8
1016.9,1018.95,1018.0,1035.4,1032.75,4383577,3.5480726085744183,2336975.0,0.5331,1040.0
1035.4,1039.95,1025.55,1030.3,1032.86,2267273,3.528919114871601,943684.0,0.4161999999999999,1041.8
1030.3,1030.3,990.5,1001.15,1013.98,3376466,3.5399995899772607,1517109.0,0.4493,1032.8
1001.15,988.0,975.0,981.4,984.1,3586808,3.540884624961073,1560107.0,0.435,994.0
981.4,988.0,965.7,973.05,983.08,4161079,3.5451505280598203,1682274.0,0.4043,1001.0
973.05,979.1,961.4,970.9,970.48,4799882,3.548893426004604,2621080.0,0.5461,982.0
970.9,971.1,957.95,961.05,974.75,2760853,3.532990275329084,1166891.0,0.4227,984.8
961.05,952.9,950.0,957.5,961.0,4481029,3.5466319542975744,2189127.0,0.4885,968.8
957.5,951.7,948.65,962.65,962.41,3859250,3.542359925633557,1462647.0,0.379,973.0
962.65,962.85,915.5,924.55,940.35,3912163,3.5420827210113024,1609334.0,0.4114,965.95
924.55,933.9,888.1,906.55,908.01,6701935,3.556549784890134,3424732.0,0.511,933.9
906.55,918.0,918.0,946.75,939.84,4407889,3.545515401368488,2576861.0,0.5846,951.35
946.75,951.1,927.0,930.55,944.11,2977263,3.534260937308672,1097241.0,0.3685,958.0
930.55,935.1,916.4,952.6,938.34,3529832,3.539038491323762,1329173.0,0.3766,957.45
952.6,962.95,936.0,940.1,949.33,3299161,3.5374126784421227,1434528.0,0.4347999999999999,968.7
940.1,940.0,937.35,944.35,944.49,2339664,3.527215558280007,919295.0,0.3929,952.75
944.35,944.1,944.1,962.3,960.94,2919198,3.534202028074412,1341258.0,0.4595,968.3
962.3,963.1,942.75,949.65,958.52,4340746,3.545640360861261,2002814.0,0.4614,967.2
949.65,944.9,942.0,952.65,952.71,3471311,3.5389945894118053,2018951.0,0.5816,958.55
952.65,954.2,940.85,944.1,946.5,5675025,3.552981788431236,3465183.0,0.6106,956.55
944.1,953.0,944.3,950.35,951.69,1908533,3.521436958567105,873305.0,0.4576,958.75
950.35,951.3,935.0,966.65,960.96,7093474,3.559782357437129,3616512.0,0.5098,994.6
966.65,964.7,964.65,981.3,979.72,3760923,3.542128658765696,2489030.0,0.6618,985.05
981.3,992.9,987.25,1001.5,998.81,4595886,3.5484720606307163,2619433.0,0.5700000000000001,1005.75
1001.5,1010.0,997.5,1012.85,1009.28,3630006,3.541963457188097,1722542.0,0.4745,1018.0
1012.85,1014.0,1003.5,1006.4,1007.65,2054428,3.525295517316185,1133261.0,0.5516,1015.0
1006.4,1007.5,1007.5,1027.0,1021.65,3022554,3.5370010617920453,1508636.0,0.4991,1030.9
1027.0,1020.0,1018.6,1041.7,1033.7,2709831,3.5341599752125488,1284797.0,0.4740999999999999,1043.9
1041.7,1042.05,1009.0,1011.75,1018.42,4733124,3.5498768431557925,2858169.0,0.6039,1045.9
1011.75,1014.9,1010.6,1014.5,1019.42,3501676,3.541210573465229,1696826.0,0.4846,1029.55
1014.5,1019.1,1012.95,1019.75,1018.41,2715590,3.533786968991756,1681036.0,0.619,1026.4
1019.75,1024.0,1015.1,1020.5,1021.64,2397332,3.5302339991435847,1347048.0,0.5619,1027.85
1020.5,1021.0,1005.45,1021.75,1015.77,2529074,3.5316316539778905,1293631.0,0.5115,1025.8
1021.75,1027.0,1012.0,1016.0,1026.51,3847740,3.544138008275573,2139833.0,0.5561,1036.9
1016.0,1018.25,1015.7,1027.2,1024.0,3207246,3.538792300787898,1932733.0,0.6026,1030.15
1027.2,1027.95,1022.75,1037.3,1030.59,2904852,3.536098301167838,1768394.0,0.6088,1041.5
1037.3,1037.0,1035.65,1047.85,1044.68,3504967,3.5419467006661653,1834629.0,0.5234000000000001,1052.25
1047.85,1046.9,1022.4,1029.2,1031.48,3841654,3.5442320249307624,2074473.0,0.54,1046.9
1029.2,1030.0,1015.65,1020.4,1022.77,4130553,3.546080155078212,2553799.0,0.6183,1031.7
1020.4,1023.8,1020.2,1036.25,1034.32,3627901,3.542656033335264,2206146.0,0.6081000000000001,1042.0
1036.25,1042.7,1042.7,1047.05,1047.52,3303780,3.5403121825988126,2101809.0,0.6362,1051.75
1045.2,1039.1,1025.0,1034.45,1033.05,2830115,3.535408328380317,1553432.0,0.5489,1046.3
1034.45,1040.0,1025.3,1035.05,1032.19,1973260,3.524817082147285,1071002.0,0.5428000000000001,1042.2
1035.05,1031.35,1022.2,1026.95,1031.04,2345148,3.529857523529509,1177032.0,0.5019,1042.4
1026.95,1032.1,1022.6,1033.75,1029.94,1597975,3.5185190921863327,799056.0,0.5,1036.7
1033.75,1034.9,1022.1,1037.25,1037.23,2009055,3.5254897969389614,848423.0,0.4222999999999999,1048.0
1037.25,1035.9,1031.2,1036.35,1041.82,3065701,3.5379821089928574,1249613.0,0.4075999999999999,1054.45
1036.35,1037.0,1033.0,1040.3,1040.4,2356318,3.5302616778405667,1157872.0,0.4914,1045.5
1040.3,1040.3,1038.05,1047.4,1048.86,2552099,3.53283401591927,1317059.0,0.5161,1057.45
1047.4,1052.55,1052.55,1066.05,1060.03,3666141,3.543669528098476,2271719.0,0.6196,1069.9
1066.05,1065.8,1055.4,1064.75,1061.15,4358102,3.5486853974837813,2810674.0,0.6448999999999999,1066.8
1064.75,1069.2,1035.8,1037.3,1044.82,4957497,3.551940328595082,3576113.0,0.7214,1069.2
1037.3,1041.4,1035.0,1041.15,1042.52,2601436,3.5332162451021647,1357319.0,0.5218,1052.0
1041.15,1039.0,1029.3,1038.95,1039.15,2675586,3.533942497314834,1312184.0,0.4904,1047.5
1016.9,1015.4,1007.5,1016.95,1013.25,6041279,3.5567176897251502,2934575.0,0.4858,1023.9
1016.95,1017.9,1016.0,1019.4,1021.78,3315060,3.539689247223772,2024372.0,0.6107,1025.95
996.7,993.45,978.85,982.7,987.1,5367060,3.5525868635446503,3198219.0,0.5959000000000001,998.55
982.7,979.0,978.0,986.95,986.75,2427753,3.5295852501324254,1210161.0,0.4985,992.4
986.95,988.0,972.75,975.8,982.83,4016624,3.544122719080135,2261862.0,0.5631,994.95
975.8,974.05,973.0,978.1,979.17,3096453,3.5364681759847167,1452516.0,0.4690999999999999,983.7
978.1,980.0,970.9,975.25,976.77,4952411,3.549978220380635,3031389.0,0.6121,983.45
975.25,973.0,967.0,968.95,971.08,3371220,3.5386994931153453,1645541.0,0.4881,976.8
968.95,975.0,972.8,983.1,981.2,3508088,3.5401555299959933,2042436.0,0.5822,986.0
983.1,983.1,978.0,982.55,981.5,1656840,3.518163068616467,785672.0,0.4742,984.7
982.55,971.8,970.0,975.4,976.47,2820699,3.5336678722489068,1435352.0,0.5089,980.75
975.4,976.0,975.05,992.8,986.82,2922714,3.5350121913544386,1310645.0,0.4484,994.2
992.8,988.95,975.0,978.15,981.35,3348353,3.538807240455556,1953946.0,0.5836,990.55
978.15,977.0,971.1,975.95,976.4,2132072,3.525460273086835,869891.0,0.408,982.5
975.95,980.25,966.35,969.15,973.96,2779023,3.5331582491272973,1517844.0,0.5462,983.1
969.15,965.9,964.1,970.55,969.99,1880974,3.521570054566048,820347.0,0.4361,972.5
970.55,971.7,945.6,951.2,960.71,2088058,3.524368498598597,953086.0,0.4564,971.9
951.2,952.0,931.35,934.2,943.02,4238988,3.544484910788822,2452616.0,0.5786,954.5
934.2,937.35,925.65,930.0,932.46,4198098,3.5438793662770696,2399326.0,0.5715,940.7
930.0,928.05,928.05,940.45,939.86,2807737,3.532416987531795,1570679.0,0.5594,944.0
940.45,949.85,941.15,951.2,948.1,2112135,3.524317159295183,998514.0,0.4728,952.8
951.2,950.0,944.1,946.85,947.62,3243601,3.536866199116781,1797370.0,0.5540999999999999,952.4
946.85,949.05,948.75,974.7,966.82,3063379,3.535785634481446,1369331.0,0.447,976.9
974.7,976.4,965.0,968.7,972.17,2202091,3.5262832699730944,898390.0,0.408,981.5
957.85,957.95,951.8,953.6,959.2,2067034,3.5240239409870857,1142983.0,0.5529999999999999,966.1
953.6,954.5,945.1,956.25,950.47,2343852,3.527453699173435,1344888.0,0.5738000000000001,957.15
956.25,960.0,955.85,959.65,959.64,1975712,3.5227046107376725,1266612.0,0.6411,962.9
959.65,961.0,952.55,954.8,956.96,1982466,3.522722817204526,1383949.0,0.6981,963.0
954.8,957.25,951.6,955.05,956.15,4332627,3.545514726185738,3560213.0,0.8217,960.95
955.05,958.0,949.15,954.1,953.25,2773975,3.532476765352846,1967464.0,0.7093,958.0
954.1,960.0,956.2,971.15,971.14,3575840,3.5404115475174684,2243652.0,0.6274000000000001,976.45
971.15,974.0,968.3,976.7,976.64,3729737,3.541796439703283,2380554.0,0.6383,984.4
976.7,969.9,963.05,981.1,973.74,2334856,3.528051075078074,1139885.0,0.4882,983.45
981.1,980.95,969.3,976.25,977.5,2497008,3.530133522713971,1606569.0,0.6434000000000001,985.4
976.25,980.0,973.75,984.6,980.12,2543921,3.5307572524654915,1709999.0,0.6722,986.5
984.6,981.0,967.05,976.3,975.47,2142329,3.525573443243873,1159591.0,0.5413,983.65
976.3,977.0,970.1,974.9,974.27,2408096,3.528973623813241,1421798.0,0.5904,978.65
974.9,972.15,968.0,990.2,983.33,2459237,3.5298613401873906,1520066.0,0.6181,992.6
990.2,994.1,979.7,987.1,985.9,3184865,3.5374867800325256,2202758.0,0.6916,994.15
987.1,985.0,977.1,980.5,980.71,2923284,3.53483681244,1995192.0,0.6825,985.9
980.5,979.95,970.0,980.45,975.5,2248693,3.52699944760711,1120627.0,0.4983,982.0
980.45,964.9,933.4,951.45,947.15,5711173,3.5531834248947685,3518982.0,0.6162,964.9
951.45,940.5,940.5,955.65,953.76,2094599,3.52424678420456,1231534.0,0.588,958.4
955.65,956.4,955.0,957.8,958.6,1738370,3.518887373373397,1087259.0,0.6254,961.55
957.8,962.0,960.0,966.9,964.82,1719857,3.518761836334096,1179499.0,0.6858,968.95
966.9,972.0,967.05,969.15,971.01,2916329,3.5344775328943294,2022807.0,0.6936,977.5
969.15,972.75,970.0,973.45,973.03,1510979,3.5151689274162248,904855.0,0.5989,976.8
973.45,975.5,975.5,986.7,987.44,1783750,3.5205279641058653,777298.0,0.4357999999999999,993.6
986.7,986.1,980.3,993.1,994.43,2596678,3.531782191749949,1151719.0,0.4435,1002.9
993.1,992.5,986.15,987.9,992.38,2749648,3.533394855037991,1681360.0,0.6115,1000.5
987.9,987.0,976.35,978.4,982.34,1632225,3.517744522103202,811990.0,0.4975,989.0
978.4,991.0,985.5,992.5,991.25,1889606,3.5223456962862483,844296.0,0.4468,994.95
992.5,995.25,991.0,1003.4,998.38,2232685,3.527470962041459,1068464.0,0.4786,1005.0
1003.4,1005.2,1004.15,1008.75,1010.89,3409386,3.540192436015813,2187003.0,0.6415000000000001,1016.7
1008.75,1008.1,998.25,1004.9,1006.27,2459183,3.530536273028358,1452576.0,0.5907,1014.1
1004.9,1009.0,1003.5,1012.2,1013.32,3198562,3.53840904551476,1747552.0,0.5464,1021.0
1012.2,1028.0,1001.75,1006.25,1024.42,7339086,3.562565740031797,3188518.0,0.4345,1038.75
1006.25,1006.0,995.3,1017.8,1010.24,3805750,3.5433590186958104,1909887.0,0.5018,1022.95
1017.8,1019.95,1016.55,1023.0,1022.31,2803645,3.5348297169265046,1617834.0,0.5770000000000001,1028.3
1023.0,1024.0,1005.0,1006.35,1011.19,1534044,3.516762362235293,729397.0,0.4755,1025.0
1006.35,1006.0,1005.1,1014.85,1013.37,1577114,3.517648340579034,669255.0,0.4244,1017.8
1014.85,1014.0,1007.35,1022.75,1016.5,1883884,3.5229988802465217,1081712.0,0.5742,1023.75
1022.75,1023.0,1015.2,1024.05,1028.33,2403872,3.530505008635783,1251345.0,0.5206000000000001,1034.8
1024.05,1023.05,1008.95,1013.1,1017.1,2521448,3.53158172269508,1446453.0,0.5737,1026.0
1013.1,1014.95,1013.05,1026.35,1022.77,3568375,3.541852200737999,2561901.0,0.7179000000000001,1030.5
1026.35,1024.0,1012.0,1014.9,1016.04,2201164,3.5275684374823704,1381115.0,0.6274000000000001,1024.9
1014.9,1018.0,1005.05,1009.5,1012.34,1823694,3.521918968324451,1037724.0,0.569,1020.3
1009.5,1008.0,1006.3,1012.8,1014.69,1762408,3.5209770047223583,994583.0,0.5643,1020.0
1012.8,1014.4,991.5,993.95,998.0,2713804,3.5331765621867484,1601581.0,0.5902000000000001,1014.4
993.95,999.0,983.4,993.0,990.33,2328716,3.5284697044035016,1366932.0,0.5870000000000001,1000.0
993.0,998.0,997.05,1016.25,1008.21,2767914,3.5340504664855352,1757500.0,0.635,1019.0
1016.25,1019.9,1018.65,1029.25,1029.46,3098753,3.537946819432229,2073440.0,0.6691,1034.0
1029.25,1027.0,1021.0,1030.7,1027.79,3038046,3.537324099280325,2009236.0,0.6614,1034.5
1030.7,1031.25,1002.0,1003.65,1012.18,3079463,3.537272816337081,1989339.0,0.6459999999999999,1034.55
1003.65,1001.95,999.6,1014.1,1013.46,3238899,3.538777167765802,1802433.0,0.5565,1022.85
1014.1,1017.0,1017.0,1035.8,1032.8,3740861,3.543500539392039,2111952.0,0.5646,1042.9
1035.8,1036.25,1015.5,1024.9,1028.02,3055603,3.537498262705048,1686839.0,0.552,1044.8
1024.9,1024.1,1007.2,1013.3,1015.54,3539970,3.54141518236334,2228305.0,0.6295000000000001,1028.8
1013.3,1016.0,1016.0,1018.05,1019.0,1771449,3.5212538128801967,1061800.0,0.5994,1023.65
1018.05,1018.0,1007.1,1014.9,1015.51,1869308,3.5227407594267253,1007945.0,0.5392,1022.0
1014.9,1012.0,1007.2,1011.85,1012.82,1527904,3.516691267550386,844756.0,0.5529000000000001,1019.7
1011.85,1012.0,1005.0,1010.45,1010.12,1673328,3.519308628038824,983692.0,0.5879,1015.0
1010.45,1011.7,1011.0,1020.5,1017.13,1993153,3.524679458951624,1397697.0,0.7012,1021.95
1020.5,1021.2,1009.0,1012.7,1017.92,3419775,3.540481836026207,2198395.0,0.6428,1029.0
1012.7,1017.9,1014.6,1027.9,1024.82,2203465,3.5278517081763714,1221216.0,0.5542,1030.8
1027.9,1027.25,1026.1,1057.45,1046.1,3701495,3.5435645314201736,1772992.0,0.479,1059.75
1057.45,1062.0,1053.0,1066.4,1062.92,4153522,3.547349485316773,2695150.0,0.6489,1068.5
1029.2,1031.1,1002.3,1013.35,1013.84,6428814,3.558506816500908,3431902.0,0.5338,1032.55
1013.35,1019.9,1015.0,1019.9,1019.3,2631091,3.532889237433952,1244935.0,0.4732,1025.0
1019.9,1022.0,1013.05,1017.65,1019.15,2954995,3.5362718241015694,1549467.0,0.5244,1027.05
1017.65,1023.05,1020.2,1033.4,1030.87,2790196,3.5349327243200177,1624638.0,0.5822999999999999,1035.95
1033.4,1035.0,1030.0,1044.55,1042.48,3490441,3.5417653739673387,1393681.0,0.3993,1049.9
1044.55,1030.4,1029.15,1046.5,1046.99,7699800,3.5645428817772253,3561932.0,0.4626,1056.0
1046.5,1048.0,1040.9,1044.75,1049.2,4252754,3.547655305549256,2122901.0,0.4992,1059.0
1044.75,1047.0,1047.0,1065.0,1055.37,7170885,3.5627524717755032,3435092.0,0.479,1070.2
1075.55,1072.55,1071.0,1082.4,1080.96,3812324,3.5453636213382027,2274111.0,0.5965,1088.0
1082.4,1084.0,1069.05,1074.2,1076.13,2635854,3.534526235940972,1612838.0,0.6119,1084.75
1074.2,1074.0,1069.0,1072.25,1075.51,2501476,3.532981687537451,1540167.0,0.6157,1084.9
1072.25,1083.0,1079.0,1088.95,1090.17,4288544,3.5489986370242512,2666890.0,0.6219,1095.8
1107.2,1117.0,1106.6,1110.5,1115.34,4428693,3.550578280391667,2419363.0,0.5463,1125.95
1090.65,1095.0,1067.4,1072.45,1085.03,4859746,3.552452125548569,2515785.0,0.5177,1110.75
1072.45,1068.0,1066.3,1083.7,1082.8,2560105,3.5338556004971413,1458364.0,0.5697,1094.55
1083.7,1087.0,1076.25,1090.7,1093.31,4143109,3.548088756545268,2777662.0,0.6704000000000001,1107.95
1090.7,1093.05,1092.0,1096.35,1100.57,2997544,3.5389228145903653,1798026.0,0.5998,1108.3
1096.35,1104.0,1085.8,1089.4,1095.21,2466397,3.5330994373830023,1493361.0,0.6055,1106.5
1089.4,1092.0,1092.0,1110.8,1114.15,4825630,3.553008878436007,2636451.0,0.5463,1126.25
1110.8,1114.0,1106.5,1109.0,1114.12,3492838,3.5437083703531456,2314405.0,0.6626000000000001,1123.05
1109.0,1114.0,1094.0,1096.35,1105.74,2640973,3.535374225101886,1756054.0,0.6648999999999999,1122.0
1096.35,1089.0,1052.0,1057.15,1067.72,5014667,3.5528903848568025,3223106.0,0.6426999999999999,1089.05
1057.15,1063.0,1061.65,1077.65,1073.32,3489473,3.542601428833384,1742763.0,0.4994,1082.0
1077.65,1080.0,1058.75,1060.65,1068.55,2246237,3.5296419222641324,1069777.0,0.4763,1080.8
1060.65,1066.0,1062.05,1081.1,1076.71,2531133,3.5333585366448377,1439506.0,0.5687,1082.75
1081.1,1084.45,1081.4,1087.35,1088.72,3902656,3.546245268317181,2242617.0,0.5746,1094.7
1087.35,1093.95,1084.05,1087.55,1089.93,2314521,3.531099380083296,1141733.0,0.4933,1098.0
1064.2,1070.0,1060.65,1063.3,1067.37,2403099,3.5315865646495337,1464989.0,0.6096,1074.0
1063.3,1065.0,1054.2,1060.85,1059.75,1750711,3.522064429579608,863955.0,0.4935,1065.25
1060.85,1056.05,1052.1,1054.05,1054.67,2502055,3.5324165330024817,1702307.0,0.6804000000000001,1059.45
1054.05,1051.1,1043.4,1048.7,1048.69,2935574,3.53691167570848,1689252.0,0.5754,1053.9
1048.7,1050.0,1043.8,1054.95,1052.58,1857917,3.523618178065628,844896.0,0.4548,1058.0
1054.95,1058.75,1046.3,1051.2,1052.55,362170,3.485733407347956,125224.0,0.3458,1058.75
1051.2,1051.3,1047.4,1051.0,1051.07,2337011,3.530319448856808,1567083.0,0.6706000000000001,1055.95
1051.0,1041.0,1021.0,1023.75,1029.71,1609225,3.518720130550832,854648.0,0.5311,1042.85
1023.75,1023.85,1020.6,1023.95,1027.98,1671371,3.5197928198865847,940280.0,0.5626,1034.75
1023.95,1020.25,1000.0,1005.55,1010.83,2636911,3.53271019412617,1383790.0,0.5247999999999999,1026.9
1005.55,1014.0,999.05,1001.15,1005.0,2172921,3.5268677941879227,1263004.0,0.5811999999999999,1016.55
1001.15,1005.7,998.3,1003.5,1001.7,3070346,3.5368837736696976,2139904.0,0.6970000000000001,1005.7
1003.5,950.0,930.0,1004.6,981.42,4946573,3.5500808847255234,2272901.0,0.4595,1009.0
1004.6,1018.6,1007.0,1010.4,1018.04,2231907,3.528033506512561,1128033.0,0.5054,1028.95
1010.4,997.85,995.1,1001.75,1003.74,3377392,3.539713006037167,1906464.0,0.5645,1017.5
1001.75,996.5,979.55,985.4,988.79,3311592,3.538706091633084,1881764.0,0.5682,1000.0
985.4,995.0,980.7,986.55,990.58,3783226,3.542619038772308,3035821.0,0.8024,996.8
986.55,986.0,974.4,977.75,987.21,2886635,3.5346615142922144,2017146.0,0.6988,998.15
977.75,985.0,982.0,987.5,987.8,4151928,3.545225137850192,2929574.0,0.7056,992.7
987.5,987.55,983.2,991.5,988.95,3024712,3.536074794636496,2172681.0,0.7183,993.55
991.5,997.7,993.3,1001.45,1000.64,4033660,3.544763854504327,2679071.0,0.6642,1007.8
1001.45,1005.0,999.55,1009.0,1005.35,2996248,3.536278572450208,2246046.0,0.7495999999999999,1010.5
1009.0,1005.55,982.2,987.35,989.73,4323375,3.5464488087790547,2749446.0,0.6359,1005.55
987.35,990.0,984.35,993.7,989.79,2389829,3.529213742284106,1700942.0,0.7117,995.9
993.7,993.0,984.1,986.65,991.92,1900161,3.522530068347884,1267547.0,0.6670999999999999,1000.6
986.65,989.0,988.05,997.7,999.9,2259609,3.5278677732814647,1615394.0,0.7149,1004.3
990.05,1000.0,995.0,997.75,1004.55,2886513,3.535168124959793,818598.0,0.2836,1015.0
997.75,995.9,991.8,994.75,999.59,2853045,3.5346835911165173,1868329.0,0.6548999999999999,1005.0
994.75,995.0,986.5,993.85,993.15,911410,3.5006371742323443,418584.0,0.4593,999.7
993.85,996.0,994.6,1005.2,1000.6,1537535,3.516517418220225,1007905.0,0.6555,1006.55
1005.2,1004.0,996.35,999.15,1002.8,1127113,3.507317056321307,666754.0,0.5916,1007.6
999.15,1005.05,1004.35,1020.05,1017.09,2000230,3.52478291986538,1242726.0,0.6213000000000001,1021.8
1020.05,1022.0,1020.3,1028.95,1027.97,1883333,3.5233213358035376,1178522.0,0.6258,1031.85
1028.95,1020.5,1020.5,1027.2,1034.34,2062700,3.5261831348960784,1225688.0,0.5942000000000001,1041.7
1027.2,1028.0,1027.55,1039.8,1037.64,2369453,3.5303466192944204,1821332.0,0.7687,1041.0
1059.5,1052.4,1048.65,1052.95,1059.31,4418967,3.549034273003317,2801638.0,0.634,1067.6
1052.95,1052.0,1052.0,1057.15,1057.34,3415537,3.54154717429714,2550641.0,0.7468000000000001,1062.0
1057.15,1055.0,1054.35,1062.55,1063.71,3430950,3.541851315074343,2065450.0,0.6020000000000001,1066.95
1062.55,1054.7,1053.15,1057.9,1058.65,2671719,3.5344425862601554,1896610.0,0.7099,1061.0
1053.35,1052.0,1052.0,1057.3,1059.91,2346414,3.5306824796789207,1174874.0,0.5007,1068.95
1057.3,1054.35,1044.65,1047.45,1056.49,3502299,3.542250068947555,2051673.0,0.5858,1066.0
1047.45,1047.85,1047.0,1064.7,1056.43,3987142,3.545994907667016,2006497.0,0.5032,1067.1
1064.7,1067.9,1047.1,1049.7,1057.89,2202927,3.52877697590613,1489420.0,0.6761,1069.55
1049.7,1050.0,1049.5,1065.45,1058.89,2005206,3.526041704940242,1210453.0,0.6037,1068.8
1065.45,1064.8,1063.1,1082.4,1079.52,3591493,3.543601378858352,2387799.0,0.6648000000000001,1085.0
1082.4,1084.0,1072.35,1085.1,1086.63,1622458,3.5205559869878176,881915.0,0.5436,1090.0
1085.1,1089.85,1081.1,1089.4,1091.74,1470751,3.5177868156121983,776985.0,0.5283,1097.0
1089.4,1092.9,1064.3,1067.15,1072.39,2375547,3.531386377832413,1516724.0,0.6385000000000001,1093.0
1067.15,1071.0,1068.75,1077.4,1077.12,1996483,3.5264155006900064,1272212.0,0.6372,1079.9
1077.4,1074.2,1073.1,1074.95,1078.77,1793427,3.5233013102084194,1121595.0,0.6254,1085.0
1074.95,1077.0,1071.0,1077.7,1079.41,1195257,3.511275730426784,717860.0,0.6006,1086.0
1077.7,1080.0,1080.0,1089.85,1089.83,2594400,3.53443290783809,1854059.0,0.7145999999999999,1094.4
1089.85,1095.0,1084.0,1086.05,1087.58,2623211,3.534694588687544,2028194.0,0.7732,1095.7
1086.05,1087.0,1079.8,1083.3,1084.63,999364,3.50606152818553,499595.0,0.4999,1090.35
1083.3,1084.55,1084.55,1090.4,1091.91,1653669,3.5212626822491284,881588.0,0.5331,1097.5
1090.4,1089.95,1073.95,1076.25,1078.39,2746005,3.5357808092498844,1898030.0,0.6912,1093.95
1041.25,1042.6,1028.75,1032.55,1036.48,3627071,3.5427097496235347,2321652.0,0.6401000000000001,1048.0
1032.55,1035.15,1031.0,1033.7,1037.12,3493728,3.5416433616867526,2467726.0,0.7062999999999999,1045.3
1033.7,1033.95,1023.9,1025.8,1029.42,2008082,3.525253172981563,1194058.0,0.5946,1037.45
1025.8,1021.8,1012.8,1015.9,1019.37,3133533,3.537985107288472,2089020.0,0.6667000000000001,1031.0
1015.9,1017.0,1017.0,1027.3,1024.12,2153091,3.5271523116612573,1431871.0,0.665,1028.8
1017.3,1020.25,1019.0,1025.1,1024.42,4997239,3.551603975326872,3544461.0,0.7093,1028.9
1025.1,1024.95,1024.8,1044.8,1038.36,3583756,3.542414634795324,2667553.0,0.7443000000000001,1046.45
1044.8,1046.85,1040.3,1045.2,1046.18,3457365,3.541592295111309,2634632.0,0.762,1053.8
1045.2,1046.1,1035.2,1049.65,1044.86,2585798,3.533105712072661,1755572.0,0.6789000000000001,1050.9
1049.65,1050.0,1038.25,1043.5,1042.22,2079908,3.526650825009177,1469840.0,0.7067,1050.8
1043.5,1046.0,1030.1,1033.65,1038.23,3021751,3.537461893727283,2477077.0,0.8197,1050.45
1033.65,1037.0,1032.05,1041.65,1038.21,2283982,3.5292859766379667,1512364.0,0.6622,1044.9
1041.65,1042.0,1027.2,1030.9,1031.93,2264245,3.5288533448153734,1351517.0,0.5969,1042.35
1030.9,1030.9,1022.0,1025.15,1027.7,3710094,3.543118578693203,2786342.0,0.751,1038.25
1025.15,1028.0,1026.8,1032.75,1030.58,2254216,3.528684861153212,1637861.0,0.7266,1034.0
1032.75,1035.0,1025.55,1030.15,1030.89,2861531,3.5356691296871787,2366578.0,0.8270000000000001,1035.55
1030.15,1033.0,1022.0,1029.85,1026.56,1957988,3.5244268343708853,1315916.0,0.6720999999999999,1034.0
1029.85,1035.0,1029.9,1049.8,1047.4,4170414,3.547042849247636,2878955.0,0.6903,1052.9
1049.8,1052.9,1045.25,1051.3,1052.94,3482845,3.541991405877708,2400194.0,0.6890999999999999,1057.5
1051.3,1052.55,1052.55,1067.5,1062.56,4492847,3.5495989922683697,2936392.0,0.6536,1069.45
1067.5,1066.5,1058.45,1075.5,1070.57,3393856,3.5417228318829803,2370822.0,0.6986,1078.2
1075.5,1070.55,1066.5,1075.4,1074.6,2663127,3.5347850703458104,1784092.0,0.6698999999999999,1078.85
1075.4,1075.2,1073.05,1088.2,1084.82,3242790,3.540786621254176,1715528.0,0.529,1090.95
1234.5,1237.9,1227.05,1236.75,1241.01,4129033,3.5516314169447702,2267277.0,0.5491,1254.7
1291.2,1290.0,1281.5,1286.75,1287.46,7107670,3.568124402947236,3491139.0,0.4911999999999999,1298.0
1286.75,1290.25,1261.2,1281.65,1282.25,5665568,3.561591797790895,2917379.0,0.5149,1296.0
1281.65,1318.75,1285.25,1289.5,1299.08,6346620,3.565178818985512,3687454.0,0.5810000000000001,1319.0
1289.5,1291.05,1290.4,1304.95,1306.9,5510658,3.561345217173667,3101824.0,0.5629,1316.3
1304.95,1310.0,1293.6,1297.65,1300.24,3639964,3.5493504841896657,2180552.0,0.5991,1310.4
1297.65,1308.0,1298.05,1300.7,1302.8,5195076,3.5595795325861856,3520073.0,0.6776000000000001,1319.95
1300.7,1306.0,1278.35,1280.8,1287.84,2941714,3.542932736812089,2067131.0,0.7027,1306.25
1280.8,1282.2,1259.3,1263.8,1270.21,5165107,3.558693939649129,3464341.0,0.6707,1283.9
1263.8,1252.0,1246.55,1259.7,1257.09,4638338,3.5553293635351544,2456891.0,0.5297,1265.9
1259.7,1263.15,1258.0,1273.3,1269.4,2699090,3.540021213383289,1514419.0,0.5611,1277.55
1273.3,1274.1,1268.45,1286.75,1282.43,3721911,3.5495939036894244,2349994.0,0.6314000000000001,1292.0
1251.1,1258.0,1242.1,1245.75,1249.71,4961934,3.557086495431509,3029496.0,0.6104999999999999,1264.0
1245.75,1251.7,1233.35,1256.65,1246.51,4325787,3.553092113323966,2173596.0,0.5025000000000001,1260.0
1438.5,1421.3,1402.55,1406.6,1419.57,7286151,3.5715734151841554,3594186.0,0.4933,1434.0
1372.35,1382.8,1351.15,1354.0,1363.72,6274215,3.5662273801149604,3238000.0,0.5161,1386.45
1354.0,1354.0,1347.35,1364.8,1365.73,2906188,3.5442791705681014,1141564.0,0.3928,1373.4
1364.8,1365.0,1365.0,1391.85,1380.35,2705854,3.5425218588319263,977288.0,0.3611999999999999,1395.55
1391.85,1399.95,1367.0,1370.2,1393.47,3661083,3.5515048502718685,1142150.0,0.312,1410.0
1370.2,1369.0,1357.55,1368.8,1368.72,2645292,3.541621318327742,1199472.0,0.4534,1382.55
1368.8,1379.0,1364.1,1369.55,1371.78,1918612,3.532339807298289,736770.0,0.384,1386.8
1369.55,1380.5,1378.55,1402.5,1404.5,6910277,3.5697828678683625,2371273.0,0.3432,1421.0
1402.5,1409.05,1400.2,1417.4,1418.74,5831731,3.565277807341286,2146777.0,0.3681,1435.0
1417.4,1460.0,1426.1,1432.8,1442.9,8403704,3.5760331997733834,3213592.0,0.3824,1467.75
1432.8,1435.0,1402.6,1416.45,1421.45,3831775,3.5533802968515564,1977500.0,0.5161,1440.05
1416.45,1417.0,1402.2,1409.5,1408.44,2873655,3.5448433433856508,1530304.0,0.5325,1424.15
1409.5,1409.75,1391.0,1395.2,1403.8,2708404,3.54303637961729,1109279.0,0.4096,1420.3
1395.2,1402.0,1366.3,1370.55,1375.81,4249684,3.555407496379272,2414317.0,0.5681,1402.0
1370.55,1376.9,1365.0,1370.1,1371.36,2171549,3.5359447901659085,1091961.0,0.5028,1380.75
1370.1,1375.0,1354.05,1357.95,1364.31,3283811,3.5477721596529377,1986534.0,0.6049,1379.6
1357.95,1361.6,1325.0,1328.25,1343.7,3565543,3.5497016301179745,1874915.0,0.5258,1367.35
1328.25,1330.0,1318.35,1321.4,1328.0,3672585,3.5502137229947746,2378259.0,0.6476000000000001,1339.5
1330.35,1334.8,1330.65,1359.1,1352.69,5235932,3.5608708668492093,2966210.0,0.5665,1363.6
1359.1,1364.1,1351.65,1359.55,1361.0,3150756,3.5465105733005378,1801503.0,0.5718,1369.75
1359.55,1360.05,1344.05,1350.45,1351.52,1719729,3.528698547329561,884077.0,0.5141,1364.0
1350.45,1356.4,1333.5,1344.1,1344.22,1540213,3.525298869764944,802733.0,0.5212,1356.4
1344.1,1346.05,1341.0,1356.3,1360.59,2892947,3.5440382644575017,1238129.0,0.428,1376.9
1356.3,1353.0,1347.75,1353.1,1354.16,2250304,3.5366146884323064,1225837.0,0.5447,1365.95
1353.1,1340.25,1324.1,1327.35,1336.14,2237916,3.5360640030694905,1339478.0,0.5985,1350.0
1327.35,1333.0,1310.0,1318.85,1321.99,2928883,3.543563087771174,1444387.0,0.4932,1335.7
1318.85,1326.5,1315.2,1324.15,1322.82,2011859,3.5326645214519528,1123947.0,0.5587,1333.6
1324.15,1325.7,1302.0,1305.55,1313.55,2108223,3.5338257298925884,1172410.0,0.5561,1329.85
1305.55,1307.5,1295.1,1297.7,1302.71,3274804,3.5463619948206166,1782580.0,0.5443,1313.7
1302.45,1303.95,1300.0,1337.3,1320.18,4898639,3.558284304972989,2843822.0,0.5805,1344.4
1337.3,1337.0,1335.6,1356.9,1352.77,5491170,3.562223913245854,2590759.0,0.4718,1365.45
1356.9,1355.9,1348.5,1359.35,1357.25,2207727,3.536124857975424,1133031.0,0.5132,1364.7
1359.35,1367.0,1335.8,1340.7,1346.68,3754099,3.551244752268696,2447584.0,0.652,1367.95
1340.7,1332.7,1323.0,1328.25,1329.31,2179328,3.53514145962556,1229535.0,0.5642,1340.0
1328.25,1335.0,1317.0,1324.75,1326.29,2627565,3.540513808450952,1625375.0,0.6186,1338.7
1324.75,1326.25,1315.85,1329.35,1328.64,2476706,3.5388492813584747,1452622.0,0.5865,1341.0
1329.35,1333.95,1311.0,1312.8,1320.16,2192356,3.535113990449257,1301049.0,0.5934,1333.95
1312.8,1311.2,1309.0,1339.0,1328.04,2559954,3.5397958639539264,1465014.0,0.5723,1342.0
1339.0,1340.0,1328.05,1331.7,1332.33,1806521,3.529723199790166,1063436.0,0.5887,1344.8
1331.7,1345.1,1331.0,1335.7,1340.93,3162802,3.5461923127205086,1333930.0,0.4218,1352.95
1335.7,1326.55,1317.0,1319.45,1321.07,1927513,3.531373266106985,1194367.0,0.6196,1329.75
1319.45,1320.6,1311.0,1314.35,1318.87,1377291,3.5214391667874128,679324.0,0.4932,1327.0
1357.5,1360.0,1359.1,1383.95,1379.51,6466804,3.5674065634920846,2913028.0,0.4504999999999999,1395.0
1383.95,1389.1,1369.3,1388.8,1384.77,7477157,3.5716032367831203,3372282.0,0.451,1395.8
1388.8,1390.2,1390.2,1409.25,1409.38,3482912,3.550399027803837,1288969.0,0.3701,1415.8
1409.25,1409.0,1407.45,1412.35,1414.55,2318399,3.538750434292905,1142097.0,0.4926,1422.1
1412.35,1407.8,1404.25,1422.0,1418.57,4569943,3.558353208977981,2979165.0,0.6519,1428.0
1422.0,1429.45,1427.7,1432.65,1438.13,5055942,3.561616922153367,2293076.0,0.4535,1445.4
1437.15,1439.95,1395.55,1398.5,1408.58,3558538,3.5509993505028405,1761401.0,0.495,1439.95
1398.5,1400.0,1390.1,1392.7,1397.72,2948322,3.5453632323343887,1023958.0,0.3473,1410.0
1392.7,1392.0,1375.05,1380.0,1381.68,1786211,3.53045756691522,797965.0,0.4467,1392.4
1380.0,1388.2,1371.0,1381.05,1381.94,2101886,3.535218602972974,909257.0,0.4326,1394.7
1381.05,1390.0,1389.0,1421.95,1411.47,4301200,3.5564821330810195,1269909.0,0.2952,1427.1
1421.95,1429.45,1424.0,1442.65,1440.65,6219522,3.567530100432213,2253529.0,0.3622999999999999,1447.45
1442.65,1448.7,1438.0,1442.55,1444.2,3106517,3.547812602303197,1446377.0,0.4656,1450.0
1442.55,1443.0,1440.0,1491.15,1467.56,8193635,3.5757989917971127,2850308.0,0.3479,1497.75
1491.15,1530.0,1489.1,1492.85,1495.16,815433,3.509585058878804,524406.0,0.6431,1550.0
1492.85,1501.0,1487.0,1494.35,1495.08,4799229,3.561239930816446,2178682.0,0.454,1504.4
1494.35,1499.4,1497.5,1511.1,1512.3,3909797,3.555728247437488,1618467.0,0.414,1525.0
1511.1,1508.75,1506.15,1522.1,1516.35,5259759,3.5642392693118543,2425730.0,0.4612,1525.0
1522.1,1520.0,1515.55,1533.75,1527.64,4693011,3.561216153613577,1855009.0,0.3953,1536.0
1533.75,1537.0,1537.0,1551.75,1550.72,4285809,3.5590618115580988,2295970.0,0.5357000000000001,1559.6
1551.75,1546.8,1511.0,1519.9,1526.5,4489412,3.5599344023146497,2516460.0,0.5605,1551.8
1519.9,1512.6,1512.6,1532.95,1527.52,2695041,3.545333732275714,1515379.0,0.5623,1538.0
1532.95,1539.75,1523.7,1528.9,1535.46,3114686,3.549650455706184,1606391.0,0.5157,1550.0
1615.25,1624.7,1597.6,1602.15,1610.25,4586079,3.56205703260925,2144225.0,0.4676,1624.95
1602.15,1604.2,1601.1,1622.75,1620.72,5018389,3.564793829845576,2015577.0,0.4015999999999999,1629.9
1622.75,1628.0,1588.35,1594.8,1608.84,4208071,3.5595879758868465,2154944.0,0.5121,1631.5
1594.8,1591.25,1578.0,1594.45,1592.27,3276023,3.5521424653011966,1149781.0,0.351,1605.95
1594.45,1601.95,1596.0,1615.2,1610.24,3787034,3.5566088862399714,1889965.0,0.4991,1618.8
1615.2,1622.75,1591.5,1603.6,1605.0,2814298,3.548007765794692,1413196.0,0.5021,1622.75
1603.6,1610.0,1608.1,1629.2,1624.28,4751385,3.5633075305724904,2143251.0,0.4511,1635.7
1629.2,1626.85,1617.05,1650.1,1645.48,4504776,3.5621636421698484,1280650.0,0.2843,1664.9
1650.1,1663.0,1615.1,1622.15,1626.0,4247045,3.560151904633863,2052979.0,0.4834,1663.0
1622.15,1631.6,1612.55,1616.35,1620.9,2180018,3.540916079923728,1064581.0,0.4883,1631.6
1616.35,1618.0,1586.8,1602.55,1605.42,2505568,3.5446651776941653,856664.0,0.3419,1621.05
1602.55,1601.5,1585.0,1598.8,1605.79,2385643,3.543254626515076,778289.0,0.3262,1620.0
1598.8,1593.05,1577.95,1584.35,1590.55,2328843,3.542281444744187,1089828.0,0.4679999999999999,1606.65
1584.35,1550.95,1533.0,1546.25,1558.16,3885064,3.5563998989153283,1792053.0,0.4613,1580.0
1546.25,1561.0,1561.0,1573.05,1573.14,3072299,3.549953260292111,1667459.0,0.5427000000000001,1584.5
1573.05,1572.0,1550.2,1566.1,1561.92,3103394,3.550036931269988,1481871.0,0.4775,1576.0
1566.1,1569.0,1561.15,1567.1,1580.02,3618179,3.554764996446978,1450228.0,0.4008,1597.65
1567.1,1564.0,1553.15,1575.4,1568.93,1814011,3.5346241642544127,646001.0,0.3561,1577.8
1575.4,1577.0,1560.25,1564.4,1571.08,1731188,3.5333000640033,746749.0,0.4314,1584.15
1564.4,1572.0,1556.05,1560.05,1568.81,2179230,3.5399581880212536,1164969.0,0.5346000000000001,1579.9
1560.05,1564.85,1553.15,1582.05,1567.85,1901824,3.5359821039404413,705110.0,0.3707999999999999,1586.55
1582.05,1590.0,1564.5,1568.05,1575.93,2892571,3.548271148374743,1522504.0,0.5263,1593.1
1568.05,1579.05,1561.2,1566.55,1568.06,2815328,3.547347832443259,1952702.0,0.6936,1581.95
1566.55,1561.85,1530.0,1532.15,1543.47,3466421,3.5528692651127147,2104367.0,0.6071,1567.5
1532.15,1547.55,1541.25,1564.1,1558.27,2362387,3.542101813743374,821509.0,0.3477,1568.8
1564.1,1575.0,1574.0,1594.5,1587.29,5738495,3.5679940269491865,3293653.0,0.574,1597.45
1594.5,1599.85,1599.0,1610.1,1609.02,3527477,3.554559125210634,1561681.0,0.4427,1616.6
1610.1,1615.5,1595.85,1613.35,1616.73,4928375,3.564211673654574,2385472.0,0.484,1636.15
1613.35,1630.0,1621.05,1632.6,1630.06,5764131,3.5688694373119527,3567169.0,0.6189,1634.85
1645.4,823.0,815.0,818.1,822.46,7408536,3.556586465581305,3413409.0,0.4607,832.5
818.1,820.0,812.1,816.9,817.3,6056729,3.5506401825162386,3404300.0,0.5621,823.25
817.9,822.75,817.0,823.75,821.76,2971669,3.5301476912792134,1570576.0,0.5285,825.0
849.0,855.8,842.0,843.85,850.31,5425486,3.548615440919344,2181419.0,0.4021,861.5
841.8,850.0,843.1,845.55,847.17,2314174,3.523691897798078,918028.0,0.3967,851.05
845.55,848.7,837.0,838.6,839.69,3528729,3.5357985641898297,2171370.0,0.6153000000000001,848.75
847.15,847.0,836.25,841.35,841.76,5920552,3.550834054027102,3689024.0,0.6231,851.7
841.35,839.9,813.2,817.4,824.67,5620443,3.548750081124883,2686568.0,0.478,839.9
817.4,815.0,805.2,821.55,818.09,6505309,3.552716854993581,3232646.0,0.4969,827.95
821.55,821.7,812.2,820.1,819.18,4829571,3.544186007752841,2194442.0,0.4543999999999999,827.05
786.45,791.75,779.1,780.9,785.51,7619230,3.5560747644974806,3644681.0,0.4784,793.4
818.85,825.0,818.65,824.15,823.34,4860479,3.544516475846428,2110387.0,0.4342,828.45
824.15,824.0,822.6,837.05,832.42,5942106,3.550617903705632,2501831.0,0.421,839.35
837.05,839.0,828.0,830.65,832.26,4046109,3.5395187420843515,1868638.0,0.4618,839.8
830.65,831.0,831.0,843.2,842.23,6734986,3.5545422654397667,3140069.0,0.4662,847.3
843.2,845.3,836.0,840.15,848.94,7049800,3.5560741360817048,3557392.0,0.5046,858.4
876.8,878.0,867.2,874.35,874.82,6354084,3.55396296031685,2425100.0,0.3817,884.0
914.5,915.8,903.0,909.9,914.94,3664082,3.539389071242131,752973.0,0.2055,921.9
939.75,947.7,928.2,934.25,936.76,6335308,3.555833602007313,2261547.0,0.357,947.7
934.25,940.1,929.5,939.9,937.6,4577050,3.5465324283856288,2094561.0,0.4576,945.9
939.9,940.0,931.0,947.4,943.54,7698704,3.561589339912984,3607637.0,0.4686,957.8
947.4,950.0,925.7,929.85,936.16,5256749,3.5504713726263484,2291791.0,0.436,956.7
929.85,934.0,930.6,942.5,939.44,3576533,3.5394541749747166,1456076.0,0.4071,945.55
942.5,944.95,932.2,940.85,938.33,4345360,3.545056551626655,2391774.0,0.5504,945.75
952.55,952.8,944.25,946.6,950.6,4698609,3.5476845122417493,1658640.0,0.353,956.5
946.6,955.95,940.15,945.3,945.4,2193730,3.525349582963505,645281.0,0.2941,955.95
945.3,942.5,929.0,932.5,935.46,4460799,3.5457248285421903,3021207.0,0.6773,942.5
887.8,894.75,892.05,900.5,901.96,6860798,3.5570274950882275,2342869.0,0.3414999999999999,909.9
883.85,885.0,873.5,875.25,879.06,4155011,3.5418750226154327,2396488.0,0.5768,891.9
875.25,875.0,873.0,886.7,885.91,5706105,3.5512421422208136,2227040.0,0.3903,895.0
886.7,884.5,877.95,883.7,884.44,6981872,3.556966939764828,3261381.0,0.4671,890.6
883.7,885.5,885.5,903.85,900.06,6931038,3.5572578768878413,3150704.0,0.4546,906.0
903.85,918.95,908.5,911.9,916.3,5586242,3.5516006579386734,2824973.0,0.5057,924.9
911.9,906.2,905.0,920.85,916.6,4220192,3.543535362148797,1893132.0,0.4486,924.35
920.85,926.8,925.5,932.55,934.2,5980763,3.554109519730817,3335555.0,0.5577000000000001,939.65
932.55,937.45,923.45,930.75,930.23,5055490,3.549167364944752,2499017.0,0.4943,938.65
947.0,950.0,947.4,951.1,952.55,6394443,3.556576075400855,3410898.0,0.5334000000000001,959.5
951.1,947.25,944.0,951.35,949.61,4680074,3.547540698824409,2384703.0,0.5095000000000001,957.5
951.35,949.85,938.1,943.35,944.15,4641893,3.547138491679364,2738861.0,0.59,951.35
943.35,941.85,941.0,946.0,946.8,3674864,3.540467699870248,2029868.0,0.5524,950.0
921.55,924.45,907.7,910.1,918.22,5081389,3.548940739602088,1664223.0,0.3275,931.25
910.1,913.5,897.35,901.6,902.87,4618847,3.5457063696123625,1947974.0,0.4217,913.8
926.65,930.05,923.0,931.55,928.69,5529565,3.551693406913968,2924032.0,0.5288,936.0
931.55,933.85,919.05,921.0,925.59,5588486,3.551901464425716,2963675.0,0.5303,936.95
921.0,922.45,913.55,916.15,917.67,4933853,3.548075732931567,2652465.0,0.5376,926.0
916.15,915.95,908.0,915.6,920.76,7215014,3.559049644568129,3034717.0,0.4206,929.0
915.6,916.9,910.7,914.65,919.03,4182097,3.543349863767776,1368151.0,0.3271,924.95
914.65,919.0,908.75,921.5,915.89,5021130,3.548524390213163,2236820.0,0.4455,924.9
919.75,911.95,862.65,921.0,916.28,8494801,3.563548919476569,2365873.0,0.2785,932.65
921.0,923.6,920.0,925.95,924.26,4064982,3.5426922547041446,1941789.0,0.4777,927.0
925.95,925.9,917.0,918.15,920.58,4774414,3.547221315429661,2796408.0,0.5857,927.4
918.15,918.45,910.0,912.95,917.28,4147162,3.543051997833868,2425548.0,0.5849000000000001,923.95
912.95,914.65,909.3,920.4,917.93,4872675,3.547724935771851,2501910.0,0.5135000000000001,922.4
920.4,924.85,918.15,929.8,925.15,5301456,3.550374972106717,3034867.0,0.5725,938.9
929.8,933.0,919.0,923.75,930.28,4352384,3.544854429997509,2086939.0,0.4795,937.5
924.2,926.5,918.5,921.05,924.13,5069838,3.549059665362756,2516140.0,0.4963,932.3
921.05,922.7,907.5,909.75,913.43,4321686,3.544122178790609,2615951.0,0.6053000000000001,922.7
909.75,913.0,906.4,911.15,912.92,4342815,3.5442469189349253,1835805.0,0.4227,919.55
911.15,925.0,913.05,914.8,920.1,6175312,3.554589966170065,2679871.0,0.434,926.0
914.8,918.15,915.7,920.3,919.08,4118581,3.542908702102027,2666331.0,0.6474,921.8
920.3,921.8,920.25,923.25,923.12,3401905,3.537490559226012,1641153.0,0.4824,926.9
923.25,926.1,923.5,928.55,927.42,4035417,3.542579904917904,2338783.0,0.5796,931.0
928.55,928.15,924.0,940.95,938.57,6534997,3.5567745301926403,2793438.0,0.4275,943.9
940.95,943.0,935.5,942.35,942.13,5361502,3.551220277309156,3071989.0,0.573,947.4
942.35,941.8,935.0,937.75,939.68,3588727,3.5395605364847214,2236859.0,0.6233,942.65
937.75,943.0,938.25,949.0,946.82,6890028,3.558532018406779,3367729.0,0.4888,952.8
949.0,950.0,945.2,949.15,952.57,5084113,3.550011661448356,3050153.0,0.5999,958.5
949.15,947.7,920.0,922.95,930.84,4948895,3.548573342976124,2257272.0,0.4561,947.7
922.95,926.0,907.0,924.5,921.46,6036432,3.55398177800461,2867770.0,0.4750999999999999,929.0
924.5,929.0,915.1,919.7,922.33,4289053,3.544183288740732,1953284.0,0.4554,929.6
919.7,923.0,922.1,931.3,928.48,4559564,3.5461402961462465,1700020.0,0.3728,934.4
983.25,981.75,962.65,966.35,968.16,6532672,3.5576495464728866,3339394.0,0.5112,981.75
966.35,967.9,956.15,965.9,963.99,6249419,3.5562622145413023,3361900.0,0.538,972.0
965.9,966.2,959.3,964.5,968.68,4524605,3.5471402059137693,2245340.0,0.4963,977.3
964.5,965.8,949.0,950.4,956.43,4198139,3.544613117547112,2568921.0,0.6119,965.8
950.4,950.0,941.55,961.3,958.82,5738209,3.553669125149851,3180140.0,0.5542,964.5
961.3,963.25,936.6,943.85,955.08,7554587,3.561397998041518,3415032.0,0.452,972.6
894.4,897.9,892.35,904.55,903.17,6320734,3.554724644905881,3350338.0,0.5301,910.65
904.55,889.0,886.0,897.85,895.97,5294279,3.549415455038364,2528662.0,0.4775999999999999,902.0
897.85,903.0,902.05,915.5,910.17,5429792,3.5505930008593736,2864468.0,0.5275,918.2
933.65,937.65,928.15,935.65,938.06,6109454,3.554836260682482,2385409.0,0.3904,945.75
935.65,939.6,918.1,921.3,930.32,4401672,3.54518087722576,1942920.0,0.4414,942.6
921.3,921.0,913.55,927.0,922.39,4087936,3.5427965569558664,1510482.0,0.3695,932.0
927.0,929.0,918.8,921.1,923.11,3866919,3.541209834043314,1883636.0,0.4871,929.55
921.1,930.0,922.15,929.35,927.21,5448230,3.551222751920025,3286057.0,0.6031000000000001,932.5
929.35,922.0,920.0,924.35,924.97,5118850,3.5493623653447144,2583649.0,0.5047,931.0
924.35,925.4,922.75,934.25,931.77,4850839,3.548026358209692,2720599.0,0.5609000000000001,938.0
934.25,939.0,936.6,938.7,941.3,3856478,3.541696886410314,2134416.0,0.5535,944.9
938.7,939.0,938.35,950.5,949.05,6410097,3.556540713322577,3270098.0,0.5101,955.8
954.55,949.75,945.95,948.4,951.47,4094652,3.5437417803890248,2074420.0,0.5065999999999999,959.9
948.4,943.0,921.6,924.1,932.35,5634893,3.552347002145047,2770783.0,0.4917,950.15
889.75,897.65,893.3,911.45,903.98,6072983,3.553606491498489,2821293.0,0.4646,914.5
911.45,914.9,911.05,913.1,914.72,4863577,3.5475701915219977,2706076.0,0.5564,919.35
913.1,920.0,917.55,930.3,924.01,3801407,3.540742642573277,1844960.0,0.4853,933.1
930.3,931.9,921.35,931.85,929.52,5096825,3.549379365950377,2290961.0,0.4495,936.0
931.85,928.8,919.2,929.05,923.15,6731530,3.557147228955772,3237828.0,0.481,932.05
929.05,925.0,910.0,911.8,918.37,5811424,3.552798065240688,2849596.0,0.4903,929.45
900.05,901.0,892.0,895.5,898.02,5774392,3.551972697816957,2595730.0,0.4495,906.9
893.9,893.95,892.5,901.1,898.73,6047262,3.553318249005561,3636901.0,0.6014,904.3
882.7,893.0,886.5,892.95,894.38,5712065,3.5515450831032926,3627851.0,0.6351,900.95
894.9,905.1,903.5,908.2,907.4,3898676,3.540949375726795,2302327.0,0.5905,910.0
908.2,908.0,905.0,911.0,912.81,4418462,3.544742207815077,2226588.0,0.5039,918.5
911.0,912.55,912.55,916.0,916.01,3572251,3.538686041492127,2250338.0,0.6299,919.0
916.0,918.4,914.15,917.05,919.12,3865402,3.541072932501369,2362123.0,0.6111,923.9
917.05,921.8,916.05,930.85,927.88,6007539,3.5540428784273086,3174364.0,0.5284000000000001,932.75
930.85,929.85,924.2,928.7,929.39,4947725,3.54852171874582,2709544.0,0.5476,936.65
928.7,932.7,928.7,938.85,937.05,5767984,3.5531599198390187,3471103.0,0.6018,941.7
938.85,934.45,928.5,937.05,932.57,4084450,3.5430894856321293,2628073.0,0.6434000000000001,940.0
937.05,940.0,936.0,944.25,942.33,4388713,3.54546583501439,2792594.0,0.6363000000000001,947.2
944.25,945.25,935.05,938.0,941.25,3365196,3.5377404936231747,2111686.0,0.6275000000000001,948.2
938.0,939.1,935.0,942.3,941.25,4481413,3.5460358145037363,2947293.0,0.6577,945.0
942.3,938.0,921.2,927.9,928.21,3349519,3.537199089183138,1740154.0,0.5195000000000001,941.85
927.9,930.0,928.5,936.0,936.28,3508515,3.538798846840839,1921427.0,0.5476,944.35
936.0,935.8,935.0,970.05,959.86,9107264,3.566833226868983,3460005.0,0.3799,975.7
970.05,973.65,963.55,970.5,971.0,6436620,3.5573108912558364,2040807.0,0.3171,981.8
996.3,982.0,960.0,963.3,969.39,8871802,3.5663723534864857,3221915.0,0.3632,992.6
963.3,967.0,965.05,972.7,973.34,6117761,3.5559297376024426,3572199.0,0.5839,979.2
972.7,977.9,959.25,961.6,964.27,3947546,3.543070276294173,1962554.0,0.4972,977.9
961.6,962.85,950.0,953.95,954.68,3795692,3.5416455548648007,2179011.0,0.5740999999999999,964.7
953.95,958.85,956.35,971.0,963.82,3512532,3.5396738127147374,1558672.0,0.4437,973.25
971.0,977.5,965.2,967.1,972.41,4934036,3.549743031639099,2886310.0,0.585,982.0
967.1,965.9,962.25,976.7,973.59,4494423,3.54709313631421,2151911.0,0.4788,984.3
976.7,980.0,974.25,981.15,980.67,4014645,3.544044891407307,2062636.0,0.5138,984.6
981.15,981.25,977.75,989.25,986.84,4011516,3.544203709436164,1936607.0,0.4828,991.3
989.25,991.95,976.7,986.6,984.23,2579561,3.531287152690368,1192913.0,0.4624,991.95
986.6,983.05,976.65,978.95,988.75,4800923,3.5494359003980134,2160312.0,0.45,1000.0
956.15,959.35,941.5,945.35,949.68,4733477,3.5478692449229867,2896065.0,0.6118,960.0
945.35,945.6,932.0,933.85,941.11,5230037,3.550476635994697,2639728.0,0.5047,953.5
931.35,933.15,925.0,926.75,930.25,5170585,3.5498148630715884,2425892.0,0.4692,934.0
926.75,926.0,909.15,912.25,917.49,4567562,3.545847691412395,2429374.0,0.5319,926.0
912.25,914.0,910.15,915.85,916.46,5317983,3.5501933586921024,2683128.0,0.5045000000000001,921.0
920.8,924.9,918.1,920.4,922.21,5197835,3.5497165519079967,2438491.0,0.4690999999999999,927.0
917.45,914.85,906.6,916.1,915.8,5991222,3.5535902773995485,3269611.0,0.5457,923.2
930.55,933.4,930.55,940.85,939.73,5600357,3.552396856444418,2937842.0,0.5246000000000001,944.0
947.65,947.0,942.65,954.4,952.01,4189483,3.5444196289697523,2708703.0,0.6465000000000001,956.0
997.15,1000.0,989.5,1002.5,999.25,5926020,3.5557705671329707,2871545.0,0.4846,1005.9
1002.5,997.45,987.4,1007.95,1001.22,5484867,3.553615309004764,2218107.0,0.4044,1011.8
1014.2,1008.8,1007.0,1015.55,1014.97,5652374,3.554865963901608,3492837.0,0.6179,1020.45
1015.55,1013.9,993.65,996.05,1002.7,6346101,3.5578230674960465,3674239.0,0.579,1014.8
996.05,996.0,994.85,1019.25,1015.65,7193824,3.5617545615346566,3287906.0,0.457,1022.9
1012.5,1011.4,1002.3,1004.45,1010.49,5197694,3.5523389428215646,2676512.0,0.5149,1016.5
960.6,965.0,960.35,971.3,972.1,5067261,3.5504990379388266,1809418.0,0.3571,978.45
971.3,971.8,971.0,990.1,982.92,5000724,3.550437436358808,1659398.0,0.3318,992.0
977.55,987.1,983.5,997.1,991.93,5170189,3.5516553436054394,2125680.0,0.4111,1000.0
1099.8,1099.8,1073.05,1076.2,1082.43,6595781,3.561098161516785,2315158.0,0.351,1108.9
1076.2,1078.3,1069.6,1092.35,1085.22,6469256,3.560620866182734,2479774.0,0.3833,1095.95
1092.35,1098.4,1077.3,1092.55,1091.64,4682099,3.5515585789498783,1252943.0,0.2676,1104.6
1092.55,1093.3,1086.35,1104.85,1098.53,5433617,3.555998436577612,2239525.0,0.4122,1115.0
1104.85,1113.4,1111.9,1128.65,1125.34,8018150,3.567727869392334,2628164.0,0.3278,1138.5
1128.65,1129.8,1113.1,1120.3,1119.33,5842496,3.5586020932320674,3433559.0,0.5877,1129.8
1120.3,1122.0,1107.4,1110.95,1115.46,4469144,3.5508422499173995,2148011.0,0.4806,1126.75
1110.95,1110.0,1104.2,1115.15,1116.21,5949680,3.559040316567853,3074960.0,0.5168,1123.0
1110.65,1119.5,1112.15,1129.85,1127.43,6679468,3.5626120806904344,2217077.0,0.3319,1137.4
1186.0,1190.4,1185.4,1192.35,1193.58,9704295,3.574750439301617,3037359.0,0.313,1202.9
1192.35,1191.5,1165.95,1168.35,1174.13,6248975,3.561873506208589,2437701.0,0.3901,1191.5
1168.35,1175.0,1169.55,1176.95,1175.98,6645397,3.563662545411656,3103032.0,0.4669,1183.5
1176.95,1176.7,1175.35,1192.6,1188.86,4016418,3.5496051215356905,1410496.0,0.3511999999999999,1196.0
1192.6,1194.9,1177.0,1184.2,1186.35,4059460,3.549850857555786,1487015.0,0.3663,1201.4
1184.2,1185.0,1185.0,1217.7,1204.7,7912437,3.5692751365840123,2923306.0,0.3695,1222.5
1217.7,1221.5,1212.0,1217.95,1221.41,6846928,3.565581219917163,2921760.0,0.4267,1231.7
1217.95,1211.0,1202.3,1204.2,1207.99,3581210,3.5467640780961567,1461098.0,0.408,1215.0
1204.2,1197.55,1182.7,1187.7,1191.83,4668159,3.5539885624076413,2275557.0,0.4875,1199.95
1187.7,1190.0,1184.3,1210.6,1203.27,5299536,3.557883576566094,1807539.0,0.3411,1217.2
1210.6,1203.25,1195.5,1200.8,1204.69,5982490,3.56136565799866,2599428.0,0.4345,1216.0
1200.8,1209.0,1200.05,1203.75,1208.89,3830992,3.548726676378821,1369817.0,0.3576,1215.4
1234.9,1237.25,1227.0,1247.2,1244.28,7279641,3.567836419580906,3175536.0,0.4362,1251.5
1247.2,1246.3,1238.4,1269.45,1259.12,7968123,3.570716541813733,3223808.0,0.4046,1274.0
1269.45,1265.25,1260.05,1277.5,1271.78,6652005,3.5659071324149765,2081971.0,0.313,1279.95
1277.5,1279.4,1278.75,1291.5,1290.31,5572177,3.561297677408441,2230945.0,0.4004,1295.85
1291.5,1296.0,1295.0,1319.0,1311.31,8694751,3.574308339773561,2737776.0,0.3149,1323.0
1229.15,1235.15,1229.0,1241.95,1241.44,8838770,3.573233137809634,2413230.0,0.273,1254.8
1278.6,1275.0,1250.1,1255.85,1263.51,7059008,3.567400641603257,2590230.0,0.3669,1277.0
1255.85,1259.0,1234.25,1237.7,1248.31,10874768,3.579188161125096,2822017.0,0.2595,1268.4
1237.7,1251.8,1228.85,1252.5,1243.62,8065553,3.570710075996475,2060692.0,0.2555,1258.7
1252.5,1259.4,1247.65,1253.15,1258.4,7878583,3.5703824748467934,3669268.0,0.4657,1275.6
1253.15,1250.75,1221.6,1225.9,1232.59,6754086,3.5654528180569947,2267155.0,0.3357,1250.75
1225.9,1226.0,1214.35,1217.15,1228.49,7616412,3.568751549821944,2748827.0,0.3609,1239.4
1230.6,1239.0,1227.15,1251.4,1239.18,6396828,3.5640655698695314,2528972.0,0.3953,1253.95
1257.95,1257.7,1204.0,1231.7,1231.68,7332693,3.5677541197586766,2736679.0,0.3732,1257.7
1231.7,1229.5,1200.05,1205.1,1218.04,7376575,3.5676081168371385,3256864.0,0.4415,1239.6
1109.4,1121.65,1081.2,1090.05,1105.24,10991196,3.576084327181171,2649182.0,0.241,1123.3
1090.05,1093.9,1084.3,1102.1,1101.57,9502176,3.571908712078388,3098938.0,0.3261,1115.85
1087.8,1104.95,1101.9,1126.55,1121.38,9058536,3.571065583137593,3444135.0,0.3802,1129.0
1126.55,1129.9,1118.15,1139.75,1136.88,8871776,3.5708656784472708,3286277.0,0.3704,1146.9
1139.75,1146.0,1140.0,1163.8,1154.23,7478601,3.566476416705094,2436006.0,0.3257,1167.4
1030.8,1032.9,1022.0,1044.9,1043.01,9182613,3.569409008565984,2807996.0,0.3058,1057.0
1044.9,1046.0,1046.0,1087.8,1069.59,7671807,3.565044341601741,2524165.0,0.329,1093.85
1087.8,1085.5,1052.1,1057.0,1065.23,8806701,3.5688251596304585,3419851.0,0.3883,1085.5
1074.9,1073.45,1065.0,1090.3,1081.82,7582518,3.565034737371188,2857717.0,0.3769,1092.7
1090.3,1094.0,1091.6,1104.1,1104.23,8634266,3.5692814324695665,2916693.0,0.3378,1112.0
1104.1,1115.0,1106.7,1110.7,1110.53,1283997,3.514258304325207,440625.0,0.3432,1115.0
1093.45,1097.7,1074.55,1080.0,1085.52,5801720,3.557528630508614,2645013.0,0.4559,1098.8
1080.0,1074.0,1070.05,1099.45,1090.11,6811598,3.562212834366143,2108908.0,0.3096,1103.0
1099.45,1105.05,1085.5,1097.95,1098.36,7787530,3.5662182058661247,2994850.0,0.3846,1112.65
1097.95,1096.95,1086.5,1096.85,1095.12,6831740,3.562426758520178,2856112.0,0.4181,1103.0
1127.4,1132.9,1131.0,1150.0,1142.86,7308981,3.5655480476617134,3592492.0,0.4915,1151.7
1150.0,1145.0,1130.0,1137.4,1143.18,5719901,3.558598798812491,1793839.0,0.3136,1155.9
1137.4,1137.5,1107.05,1112.9,1116.81,7507812,3.5656550206656523,3064398.0,0.4082,1145.5
1112.9,1114.5,1100.1,1102.85,1113.39,5792568,3.558206183980082,1519067.0,0.2622,1125.35
1102.85,1109.0,1097.4,1109.75,1107.7,6386556,3.560837993504507,2438737.0,0.3818999999999999,1117.5
1109.75,1107.9,1105.45,1128.2,1121.98,6810228,3.563024632877167,2501285.0,0.3672999999999999,1130.0
1128.2,1132.45,1126.3,1152.65,1144.01,8003964,3.568141984389768,3299967.0,0.4123,1157.75
1167.55,1174.9,1148.5,1156.45,1158.74,5569578,3.5582252850931195,2281565.0,0.4096,1174.9
1156.45,1158.0,1142.2,1152.3,1149.79,5192825,3.556006390856949,2107469.0,0.4058,1158.0
1152.3,1143.75,1139.3,1155.15,1150.35,5819618,3.559268726322747,2225427.0,0.3824,1158.8
1155.15,1149.0,1118.25,1123.65,1136.17,5866108,3.559142265368872,2029327.0,0.3459,1149.0
1123.65,1129.45,1108.35,1133.8,1124.39,7214078,3.564717453435014,3026361.0,0.4195,1136.95
1110.5,1128.0,1095.05,1107.05,1110.87,9297518,3.571532967767342,3456104.0,0.3717,1128.0
1107.05,1103.1,1091.8,1112.2,1107.1,7221324,3.5643069385368777,2836613.0,0.3928,1114.9
1112.2,1115.95,1111.5,1129.9,1125.03,5064357,3.554668553614244,1583096.0,0.3126,1133.0
1129.9,1123.3,1120.5,1136.4,1129.68,5870928,3.5590024554341446,1463429.0,0.2493,1139.0
1136.8,1121.0,1116.15,1128.45,1125.05,5764731,3.558365679046521,2014106.0,0.3494,1132.5
1100.2,1100.9,1086.55,1089.15,1094.03,4144535,3.548117771374516,1170605.0,0.2824,1103.2
1089.15,1085.8,1065.65,1098.35,1081.5,7210059,3.563600187783942,1909463.0,0.2648,1100.0
1120.2,1125.5,1121.2,1125.55,1129.79,7666016,3.5665712166881263,2256132.0,0.2943,1135.25
1125.55,1130.95,1116.2,1121.25,1122.29,7222817,3.564698598770206,2448969.0,0.3390999999999999,1133.85
1121.25,1125.25,1110.1,1121.0,1119.01,4455850,3.5508479848542422,1306898.0,0.2933,1127.3
1121.0,1114.5,1101.0,1106.4,1113.42,7144970,3.5641672013334964,2543832.0,0.356,1127.0
1106.4,1107.5,1090.1,1092.75,1101.37,7446457,3.56502913298539,2883339.0,0.3872,1114.6
1092.75,1097.4,1081.1,1098.65,1093.06,8465141,3.5684372626425493,3496807.0,0.4131,1104.45
1098.65,1107.0,1101.0,1104.75,1110.32,5513559,3.5567200496771605,2138247.0,0.3878,1118.45
1104.75,1105.1,1096.0,1104.65,1103.82,5625153,3.5571240664058177,2263675.0,0.4024,1109.95
1104.65,1112.0,1098.7,1110.75,1110.55,5766805,3.5580063653296525,2004031.0,0.3475,1117.0
1110.75,1107.75,1103.0,1107.5,1106.3,4080283,3.5479890376933594,2045495.0,0.5013000000000001,1111.0
1107.5,1107.6,1088.6,1098.05,1099.31,6463903,3.5609639379932383,2382676.0,0.3686,1113.8
1098.05,1095.0,1086.4,1096.8,1093.55,4111782,3.547876625362752,1851833.0,0.4504,1100.5
1129.65,1135.0,1130.35,1135.9,1139.05,6382777,3.5616138750509445,2077966.0,0.3256,1145.0
1135.9,1144.45,1130.0,1134.45,1139.3,7487963,3.5661440434507488,2511305.0,0.3354,1147.9
1235.15,1233.3,1222.0,1226.3,1233.79,8829502,3.573030281494729,3120131.0,0.3534,1244.2
1247.45,1250.45,1235.4,1246.0,1253.45,8550836,3.5725737109434563,2362577.0,0.2763,1264.7
1246.0,1250.5,1222.4,1229.55,1237.32,8569265,3.572270475579564,3185043.0,0.3717,1255.95
1210.65,1215.0,1191.1,1195.7,1208.06,7846940,3.5691194726579,3095594.0,0.3945,1225.0
1290.9,1292.0,1278.6,1291.55,1292.06,9362406,3.575966268659472,3245178.0,0.3465999999999999,1304.4
1291.55,1296.25,1294.25,1310.25,1309.33,9411585,3.576484473961436,3426503.0,0.3641,1317.65
1310.25,1310.25,1286.1,1290.4,1302.19,9212227,3.5757322519914565,2945960.0,0.3198,1321.2
1290.4,1284.8,1272.25,1277.7,1282.97,6505502,3.565525164622964,2225628.0,0.3421,1300.5
1253.25,1251.5,1251.5,1256.4,1261.8,6399485,3.564589381135671,2638007.0,0.4122,1272.35
1256.4,1261.0,1235.75,1245.95,1258.94,6964042,3.5669157959668665,2579211.0,0.3704,1273.95
1245.95,1241.0,1218.0,1224.2,1227.02,6627360,3.5647886724132976,2505560.0,0.3781,1241.0
1220.1,1218.0,1211.2,1216.1,1228.49,6244189,3.563135623164637,1681609.0,0.2693,1239.7
1216.1,1223.85,1219.0,1234.35,1228.29,6298179,3.5633750965462445,2060904.0,0.3272,1240.0
1246.9,1244.6,1226.0,1232.35,1233.91,8755865,3.572797965685088,3503955.0,0.4002,1245.3
1232.35,1236.0,1220.65,1232.3,1232.29,7852528,3.5696989131832333,3212379.0,0.4090999999999999,1243.0
1226.05,1223.4,1218.6,1237.65,1229.02,7121509,3.5668680590301487,2886956.0,0.4054,1239.8
1264.8,1264.0,1258.15,1270.25,1271.7,8109259,3.5714900736690978,3006231.0,0.3707,1279.8
1270.25,1266.05,1262.0,1267.1,1267.28,6040052,3.563074667499835,3019726.0,0.5,1274.45
1350.05,1360.0,1343.1,1376.55,1362.21,9805318,3.578735975462544,2711171.0,0.2764999999999999,1380.0
1376.55,1377.8,1364.0,1375.45,1376.17,9892823,3.5792684258730043,3410645.0,0.3448,1388.0
1341.75,1330.6,1316.7,1324.45,1325.16,7951992,3.5720968466078267,3661248.0,0.4604,1336.85
1324.45,1330.3,1330.0,1367.25,1353.06,9479288,3.577603438114096,3250443.0,0.3429,1371.6
1367.25,1377.95,1344.25,1349.25,1360.73,10094174,3.5795155936653744,3394370.0,0.3363,1377.95
1360.0,1370.05,1355.1,1363.25,1363.56,7699271,3.571992163518403,3130918.0,0.4067,1376.85
1363.25,1370.0,1362.55,1391.85,1386.73,10098281,3.5800548004192323,3166752.0,0.3136,1406.8
1391.85,1398.0,1380.1,1389.7,1390.35,8012636,3.5736584579474564,2276094.0,0.2841,1403.1
1389.7,1392.75,1372.0,1375.2,1390.2,7849461,3.5730779961797285,2934404.0,0.3738,1403.0
1375.2,1379.0,1347.25,1353.05,1360.64,8375674,3.5742953145555214,2798000.0,0.3340999999999999,1383.7
1353.05,1360.95,1343.0,1353.9,1352.52,6728239,3.5679674055669666,2231490.0,0.3317,1363.9
1334.45,1337.95,1326.5,1331.4,1337.99,7612711,3.5711420795318367,3054830.0,0.4013,1348.0
1331.4,1332.95,1329.0,1346.8,1338.41,5741333,3.563184876142787,2274089.0,0.3961,1353.0
1346.8,1350.0,1336.65,1343.1,1346.08,5919742,3.564213864098824,2037194.0,0.3440999999999999,1356.9
1343.1,1345.0,1335.0,1340.15,1341.32,4245127,3.554651246651604,1497000.0,0.3525999999999999,1348.95
1345.35,1348.0,1346.0,1363.85,1362.98,9055300,3.576528395639035,2687211.0,0.2968,1373.0
1363.85,1370.3,1366.25,1389.5,1379.35,7360887,3.571052181958142,2800119.0,0.3804,1394.8
1372.4,1375.0,1370.7,1392.8,1383.98,6889444,3.569283236394228,2543349.0,0.3692,1395.95
1392.8,1392.0,1382.1,1405.05,1402.33,8682505,3.576148463501459,3311981.0,0.3815,1413.9
1405.05,1407.95,1402.65,1408.85,1412.19,6510169,3.5682558701468894,2762984.0,0.4244,1417.5
1256.45,1265.0,1245.0,1251.15,1263.56,11226831,3.580414982152196,3221387.0,0.2869,1277.7
1251.15,1247.9,1227.5,1232.05,1246.96,8047801,3.57072339811303,2507496.0,0.3116,1260.8
1256.9,1259.95,1258.1,1265.35,1264.7,6606652,3.565555840482601,2695057.0,0.4079,1271.9
1265.35,1267.0,1252.0,1267.4,1268.85,7898440,3.5706860037304207,3087049.0,0.3908,1276.95
1333.9,1348.0,1316.5,1336.85,1334.73,10180759,3.579215768532756,2740195.0,0.2692,1353.8
1336.85,1337.1,1307.0,1310.65,1322.83,7349720,3.569832038278439,2344542.0,0.319,1337.5
1323.75,1321.0,1304.15,1313.05,1321.09,7112830,3.5688717779647128,1983629.0,0.2789,1333.3
1330.15,1335.0,1321.2,1360.2,1344.47,8483610,3.5743191162498067,3426100.0,0.4038,1367.25
1360.2,1357.45,1348.1,1351.65,1358.17,7059911,3.56944148571432,1999768.0,0.2833,1374.25
1351.65,1361.9,1321.1,1327.35,1335.47,7664319,3.571279101068168,3562547.0,0.4648,1361.9
1327.35,1325.95,1305.6,1314.9,1314.55,6730595,3.5671734575782748,1966742.0,0.2922,1327.25
1314.9,1320.9,1310.1,1319.15,1319.5,5380148,3.560937006771016,1985597.0,0.3691,1327.0
1319.15,1321.85,1318.0,1329.15,1327.51,5253790,3.560433525221884,1979424.0,0.3768,1334.5
1329.15,1334.7,1325.0,1332.15,1332.57,4707716,3.557417489367858,1470130.0,0.3123,1338.4
1332.15,1330.0,1308.65,1327.25,1322.47,7171189,3.5691316080602564,3440145.0,0.4797,1334.7
1327.25,1321.9,1309.4,1317.55,1316.01,6831331,3.567624243424329,3520760.0,0.5154,1325.0
1317.55,1320.0,1278.5,1282.3,1291.9,6815554,3.567037026919863,2875500.0,0.4083,1320.0
1282.3,1278.9,1269.1,1281.0,1279.9,7679193,3.570137747787945,3400661.0,0.427,1287.95
1281.0,1286.9,1262.6,1277.35,1284.31,6625604,3.566071886703304,2254672.0,0.3403,1302.0
1277.35,1280.0,1278.0,1296.75,1288.38,4914012,3.5576788125022003,1864061.0,0.3793,1300.0
1279.5,1272.15,1257.1,1262.4,1264.03,5150998,3.558477091062294,2132564.0,0.414,1276.45
1262.4,1258.9,1254.25,1295.85,1281.36,6842363,3.566916438282373,2090674.0,0.3055,1298.0
1295.85,1291.0,1286.35,1294.15,1295.88,5299942,3.559996621590505,1423008.0,0.2685,1304.6
1253.1,1258.05,1246.45,1268.85,1263.04,6162080,3.563546539771306,1723543.0,0.2797,1272.65
1268.85,1273.95,1263.3,1278.5,1272.92,4638751,3.555689332615095,1426211.0,0.3075,1281.0
1278.5,1282.9,1275.05,1282.55,1281.62,4026032,3.551830335140176,1524004.0,0.3785,1286.5
1282.55,1281.4,1280.0,1284.0,1285.9,4275148,3.553645690828648,1731027.0,0.4049,1291.0
1284.0,1285.1,1260.0,1263.35,1275.14,4995344,3.5578521033107964,1898594.0,0.3801,1290.5
1263.35,1258.0,1248.2,1252.05,1256.53,6404544,3.564493270384135,2846182.0,0.4443999999999999,1268.1
1280.1,1280.05,1268.7,1278.85,1277.53,5494315,3.5606151042541008,2127946.0,0.3873,1289.35
1278.85,1287.0,1279.3,1281.55,1284.68,3935460,3.551246245001146,1678654.0,0.4265,1289.8
1281.55,1283.0,1278.05,1280.5,1292.37,7174054,3.568493954212724,2943891.0,0.4104,1300.0
1280.5,1285.0,1270.35,1276.1,1276.79,4873164,3.557183014759932,2806704.0,0.5760000000000001,1289.5
1276.1,1279.95,1277.05,1293.0,1285.92,4604019,3.555765022048811,2151811.0,0.4674,1294.9
1293.0,1294.3,1280.0,1281.85,1287.12,4334958,3.554070327196918,2124452.0,0.4901,1297.0
1281.85,1282.0,1258.0,1261.85,1269.25,5459896,3.560251752853598,3041238.0,0.557,1286.4
1261.85,1268.2,1242.7,1249.0,1256.85,7468515,3.5688421037134064,3573381.0,0.4785,1272.95
1278.0,1281.05,1280.0,1292.6,1289.52,7459859,3.569532669944887,3445959.0,0.4619,1296.8
1292.6,1289.8,1272.6,1275.95,1280.83,6843460,3.5669092407516656,3120955.0,0.456,1292.6
1275.95,1275.65,1266.5,1270.95,1271.42,4881553,3.5571118226826663,1910801.0,0.3914,1278.65
1270.95,1270.95,1238.9,1246.75,1251.88,6414937,3.5644343429986445,2560780.0,0.3992,1271.0
1246.75,1239.0,1226.5,1275.85,1258.18,9741262,3.576332857056746,3046594.0,0.3128,1284.0
1274.85,1273.75,1256.05,1263.3,1266.27,5305639,3.5593696874126053,1838944.0,0.3465999999999999,1281.0
1201.15,1206.8,1193.3,1198.6,1202.7,10512763,3.577203268360762,3254760.0,0.3096,1213.2
1198.6,1203.0,1195.25,1222.5,1215.37,10600234,3.5777275823164563,3398248.0,0.3206,1229.0
1222.5,1220.65,1213.15,1222.2,1224.14,5370758,3.5587536368350494,1201029.0,0.2236,1233.0
1222.2,1222.5,1222.5,1234.4,1233.81,5544468,3.55988353623811,1711218.0,0.3086,1240.0
1234.4,1235.0,1205.7,1210.35,1222.41,5431139,3.5590317960150246,1784319.0,0.3285,1240.45
1210.35,1212.0,1206.9,1225.6,1216.36,5919260,3.5613375787228287,1873608.0,0.3165,1228.5
1225.6,1189.0,1186.1,1210.75,1205.64,9393731,3.574120545745106,3647917.0,0.3883,1219.1
1210.75,1211.0,1193.5,1197.45,1201.83,7150435,3.5663504292194466,3189652.0,0.4461,1211.0
1197.45,1204.95,1197.2,1205.7,1205.99,6827281,3.56514055754628,2038379.0,0.2986,1216.3
1205.7,1207.85,1172.65,1179.05,1189.5,6293454,3.5624438553147497,1834750.0,0.2915,1209.7
1254.35,1274.15,1235.0,1239.2,1249.95,9879751,3.576544272189751,3446361.0,0.3488,1281.0
1278.7,1284.0,1268.85,1279.55,1284.48,8316894,3.572481348848793,2502977.0,0.301,1295.0
1279.55,1292.0,1283.5,1296.8,1293.25,8389212,3.5729154997967165,3376852.0,0.4025,1298.8
1296.8,1292.5,1284.0,1309.05,1307.46,8712980,3.574284475964336,2511179.0,0.2882,1315.0
1332.25,1337.0,1293.3,1304.9,1320.17,8192597,3.572828119493015,2523507.0,0.308,1342.0
1304.9,1286.0,1281.3,1311.05,1305.35,6183107,3.564576370839758,2530785.0,0.4093,1314.7
1311.05,1319.9,1303.85,1308.1,1318.17,6853954,3.5677637778752422,3099523.0,0.4522,1328.6
1308.1,1308.1,1301.7,1310.1,1312.08,4599818,3.55631394801048,1835479.0,0.399,1320.8
1362.75,1363.7,1336.55,1352.6,1352.25,7587648,3.5713473863632013,3400105.0,0.4481,1365.6
1352.6,1364.95,1350.85,1358.0,1358.27,6123412,3.5654262905128538,3590983.0,0.5864,1364.95
1358.0,1362.5,1354.3,1364.15,1364.34,4422075,3.5563039284409466,2043101.0,0.462,1370.0
1372.35,1375.0,1372.0,1396.5,1384.72,7332464,3.57105272502334,3665912.0,0.5,1399.0
1436.45,1441.1,1411.25,1431.2,1426.02,6190013,3.567107626227287,1995488.0,0.3224,1441.45
1431.2,1441.0,1430.0,1434.25,1437.86,1378313,3.5240109884015567,347306.0,0.252,1445.0
1464.35,1455.0,1441.0,1456.9,1451.6,6356579,3.568358809630605,3504112.0,0.5513,1461.8
1456.9,1465.9,1445.1,1457.65,1456.28,6429329,3.5687702795301086,3603931.0,0.5605,1471.0
1457.65,1463.1,1441.0,1447.3,1449.21,5799318,3.565721163380508,3229832.0,0.5569,1468.95
1434.9,1435.0,1432.2,1458.6,1448.68,6438749,3.5686641086731483,3465630.0,0.5382,1463.0
1458.6,1449.0,1441.3,1445.5,1448.5,5494844,3.564181231183188,2437863.0,0.4437,1459.65
1445.5,1439.1,1422.55,1427.8,1431.4,5192423,3.5622397534045764,2643548.0,0.5091,1444.25
1472.3,1476.0,1455.8,1462.75,1466.92,6518339,3.569362985601116,2601168.0,0.3990999999999999,1481.6
1462.75,1465.65,1463.15,1470.85,1476.84,7173674,3.572247633179574,3241407.0,0.4518,1486.8
1470.85,1472.65,1455.4,1459.2,1468.4,6435097,3.569029207074647,3180530.0,0.4942,1486.0
1547.65,1545.0,1528.55,1537.6,1538.44,6810577,3.5719365379378893,2929568.0,0.4301,1556.0
1546.5,1551.15,1551.0,1561.55,1559.1,6924313,3.572776335185498,3320341.0,0.4795,1564.8
1560.25,1559.95,1556.1,1569.85,1564.27,4408336,3.5601112183441423,1986795.0,0.4507,1575.5
1569.85,1572.65,1563.95,1580.3,1576.23,6284885,3.5703597660412267,2661145.0,0.4234,1584.15
1586.5,1592.75,1572.6,1578.9,1580.07,5938786,3.568832848677863,3133860.0,0.5277000000000001,1594.0
1552.7,1574.0,1544.0,1550.85,1561.41,9117022,3.5805123787766413,3598940.0,0.3947,1579.75
1550.85,1553.0,1541.1,1554.9,1555.3,5982129,3.5685924303587067,1885092.0,0.3151,1568.0
1554.9,1556.15,1546.5,1572.6,1565.26,5779807,3.567802078320004,2531122.0,0.4379,1577.4
1572.6,1572.05,1554.15,1561.95,1561.68,4650906,3.561586237182865,2193614.0,0.4717,1573.6
1561.95,1555.6,1550.6,1562.4,1560.15,5652698,3.567081952263706,2602643.0,0.4604,1574.5
1562.4,1570.25,1556.65,1568.2,1564.76,4720977,3.5620666098428617,2509810.0,0.5316,1573.85
1568.2,1580.0,1572.4,1582.9,1580.61,5791522,3.5681345288654587,2543114.0,0.4391,1590.0
1582.9,1592.0,1564.35,1566.6,1575.62,5436951,3.566261395793279,2335358.0,0.4295,1593.9
1562.7,1563.0,1562.0,1575.85,1569.63,6739582,3.572206029696532,3537553.0,0.5249,1580.0
1515.4,1527.0,1521.3,1542.35,1533.58,8081591,3.576644982337548,2660881.0,0.3293,1546.2
1542.35,1545.95,1528.05,1544.2,1538.15,7828402,3.575837642169412,3041526.0,0.3885,1547.65
1514.05,1518.0,1505.5,1509.6,1515.23,6402372,3.5697700423889165,1523290.0,0.2379,1527.1
1509.6,1512.0,1512.0,1535.3,1530.86,8096561,3.5766470768858523,3386321.0,0.4182,1540.95
1501.5,1519.0,1513.5,1524.6,1523.12,7627191,3.5748332472861013,3049916.0,0.3999,1534.5
1524.6,1515.0,1510.0,1513.15,1518.24,7336561,3.5736541008618112,2863686.0,0.3903,1534.45
1513.15,1538.6,1531.25,1548.0,1541.76,6849606,3.5721575719984826,2657056.0,0.3879,1550.0
1548.0,1551.9,1539.65,1547.65,1549.42,5704686,3.5671456205115835,2546462.0,0.4464,1557.95
1523.85,1529.0,1528.0,1537.9,1535.41,5873662,3.5677133030313968,2552659.0,0.4346,1543.35
1532.35,1528.6,1522.0,1533.9,1535.68,8650831,3.578585085382513,3328773.0,0.3848,1545.85
1533.9,1544.0,1531.1,1533.35,1538.16,4719245,3.5615694420181407,2043807.0,0.4331,1546.75
1533.35,1536.5,1520.7,1526.85,1528.79,5142088,3.5638299578319352,2364600.0,0.4599,1541.95
1526.85,1527.0,1518.55,1521.55,1525.74,6687633,3.571191359095298,3325568.0,0.4972999999999999,1536.35
1521.55,1514.9,1505.0,1506.55,1513.43,6120429,3.568467320983747,2671210.0,0.4364,1524.45
1411.65,1405.3,1371.1,1383.35,1402.89,11022901,3.582815883097135,3263872.0,0.2961,1426.95
1448.5,1454.1,1440.1,1457.8,1452.93,7103715,3.571513598591299,2877846.0,0.4051,1467.0
1457.8,1451.0,1428.3,1433.65,1437.06,5581641,3.5644004424146924,2493746.0,0.4468,1452.35
1433.65,1428.0,1410.45,1435.6,1424.41,6922631,3.5702294753184347,3096467.0,0.4473,1445.5
1435.6,1447.4,1445.05,1452.75,1457.22,6400245,3.568660666598013,2779570.0,0.4343,1466.2
1452.75,1456.15,1455.0,1470.3,1465.86,6187091,3.5678720308272385,3063711.0,0.4952,1474.85
1470.3,1477.75,1462.6,1474.15,1470.71,6201763,3.5680320509244248,2969412.0,0.4788,1477.75
1474.15,1477.25,1453.1,1487.6,1483.41,9704655,3.5808247299958618,3144368.0,0.324,1501.45
1487.6,1489.0,1474.3,1478.25,1487.62,6011340,3.567474773826091,2236062.0,0.372,1506.15
1478.25,1475.9,1457.4,1467.4,1465.63,5086964,3.5623281337294195,2468083.0,0.4852,1475.9
1467.4,1479.35,1475.1,1503.8,1497.34,6438918,3.5695959075352035,2453851.0,0.3811,1506.45
1219.95,1203.95,1180.0,1189.15,1191.64,10822871,3.5777575267736323,2785395.0,0.2573999999999999,1215.0
1520.35,1526.0,1520.8,1535.7,1531.68,10224102,3.5831662056593614,3522633.0,0.3445,1540.0
1579.8,1595.0,1573.7,1581.7,1596.41,15270435,3.5840784546796582,3362416.0,0.2202,1618.0
1581.7,1618.4,1565.0,1569.5,1588.27,14498055,3.5840784546796582,3584176.0,0.2472,1618.4
1569.5,1560.3,1533.0,1537.15,1555.91,11934073,3.5840784546796582,2953746.0,0.2475,1583.0
1537.15,1543.1,1540.05,1572.15,1556.73,10214426,3.583590517921875,2815033.0,0.2756,1579.55
1572.15,1566.0,1531.0,1537.7,1546.33,9408283,3.5811178818716347,3034020.0,0.3225,1567.95
1746.15,1750.0,1716.1,1720.9,1731.86,17521196,3.5840784546796582,2789706.0,0.3486999999999999,1763.75
1704.1,1720.0,1708.05,1737.6,1730.01,13136706,3.5840784546796582,3073568.0,0.2339999999999999,1749.0
1737.6,1743.0,1735.05,1760.35,1755.2,13286760,3.5840784546796582,3239259.0,0.2438,1767.6
1760.35,1779.8,1768.0,1787.9,1781.69,13584004,3.5840784546796582,3420711.0,0.2518,1793.0
